CASE_ID,ACCIDENT_YEAR,PROC_DATE,JURIS,COLLISION_DATE,COLLISION_TIME,OFFICER_ID,REPORTING_DISTRICT,DAY_OF_WEEK,CHP_SHIFT,POPULATION,CNTY_CITY_LOC,SPECIAL_COND,BEAT_TYPE,CHP_BEAT_TYPE,CITY_DIVISION_LAPD,CHP_BEAT_CLASS,BEAT_NUMBER,PRIMARY_RD,SECONDARY_RD,DISTANCE,DIRECTION,INTERSECTION,WEATHER_1,WEATHER_2,STATE_HWY_IND,CALTRANS_COUNTY,CALTRANS_DISTRICT,STATE_ROUTE,ROUTE_SUFFIX,POSTMILE_PREFIX,POSTMILE,LOCATION_TYPE,RAMP_INTERSECTION,SIDE_OF_HWY,TOW_AWAY,COLLISION_SEVERITY,NUMBER_KILLED,NUMBER_INJURED,PARTY_COUNT,PRIMARY_COLL_FACTOR,PCF_CODE_OF_VIOL,PCF_VIOL_CATEGORY,PCF_VIOLATION,PCF_VIOL_SUBSECTION,HIT_AND_RUN,TYPE_OF_COLLISION,MVIW,PED_ACTION,ROAD_SURFACE,ROAD_COND_1,ROAD_COND_2,LIGHTING,CONTROL_DEVICE,CHP_ROAD_TYPE,PEDESTRIAN_ACCIDENT,BICYCLE_ACCIDENT,MOTORCYCLE_ACCIDENT,TRUCK_ACCIDENT,NOT_PRIVATE_PROPERTY,ALCOHOL_INVOLVED,STWD_VEHTYPE_AT_FAULT,CHP_VEHTYPE_AT_FAULT,COUNT_SEVERE_INJ,COUNT_VISIBLE_INJ,COUNT_COMPLAINT_PAIN,COUNT_PED_KILLED,COUNT_PED_INJURED,COUNT_BICYCLIST_KILLED,COUNT_BICYCLIST_INJURED,COUNT_MC_KILLED,COUNT_MC_INJURED,PRIMARY_RAMP,SECONDARY_RAMP,LATITUDE,LONGITUDE,COUNTY,CITY,POINT_X,POINT_Y
6499022,2014,2015-11-20,9125,2014-04-25,0115,20361,,5,3,9,1200,0,1,2,,2,019,"RT 101","SCHOOL RD",0.00,,Y,B,-,Y,HUM,1,101,-,R,91.360,R,4,N,Y,2,0,1,1,A,-,01,23152,A,N,E,I,A,B,H,-,C,D,1,,,,,Y,Y,A,01,1,0,0,0,0,0,0,0,0,"- ","- ",,,HUMBOLDT,UNINCORPORATED,-124.11423842000001,40.93256255
9455271,2022,2022-07-13,1203,2022-06-06,1351,4082,P53,1,5,4,1203,0,0,0,,0,002,"W HENDERSON ST","FAIRFIELD ST",0.00,,Y,A,-,N,,,,,,,,,,Y,2,0,1,2,A,-,12,22450,,N,D,C,A,A,H,-,A,D,0,,,,,Y,,D,22,1,0,0,0,0,0,0,0,0,"- ","- ",40.782039642333984,-124.18254852294922,HUMBOLDT,EUREKA,-124.18253326416016,40.782032012939453
91001982,2019,2019-06-03,9125,2019-05-24,2005,021688,,5,2,9,1200,0,3,5,,2,001,"CALLWELL AVENUE","QUAIL TRAIL LANE",15.00,N,N,A,-,N,,,,,,,,,,N,2,0,1,1,D,-,00,,,N,E,A,A,A,H,-,B,D,0,,,,,Y,,-,"- ",1,0,0,0,0,0,0,0,0,"- ","- ",40.965499877929688,-124.10659790039062,HUMBOLDT,UNINCORPORATED,-124.1065673828125,40.965400695800781
91085296,2019,2019-09-27,9125,2019-09-18,1049,022284,,3,1,9,1200,0,1,3,,1,061,"SR-299 E/B","EAST FORK",3168.00,E,N,B,C,Y,,,299,,,,,,E,Y,2,0,1,1,A,-,03,22350,,N,F,J,A,B,H,-,A,D,0,,,,,Y,,A,07,1,0,0,0,0,0,0,0,0,"- ","- ",40.907821655273438,-123.71842193603516,HUMBOLDT,UNINCORPORATED,-123.71844482421875,40.907913208007812
92274102,2023,2024-01-10,9125,2023-11-27,"820 ",014643,,1,1,9,1200,0,1,2,,2,017,"US-101 (REDWOOD HIGHWAY)","LOST MAN CREEK",528.00,N,N,A,-,Y,HUM,,101," "," ",124.844,H,,R,Y,1,2,3,2,A,-,05,21460,A,N,A,C,A,A,H,-,A,D,0,,,,Y,Y,,A,07,3,0,0,0,0,0,0,0,0,"- ","- ",41.333259582519531,-124.03101348876953,HUMBOLDT,UNINCORPORATED,-124.03108978271484,41.333244323730469
9128623,2020,2020-12-01,1203,2020-08-21,0607,4099,P18,5,5,4,1203,0,0,0,,0,001,"5TH ST","N ST",6.00,W,N,A,-,Y,HUM,1,101,-,-,78.974,I,5,N,N,2,0,1,2,A,-,10,21950,A,N,G,B,B,A,H,-,A,D,0,Y,,,,Y,,J,48,1,0,0,0,1,0,0,0,0,"- ","- ",40.802989959716797,-124.15692138671875,HUMBOLDT,EUREKA,-124.15726470947266,40.803119659423828
91737112,2022,2022-03-30,9125,2022-03-22,0000,022238,,2,3,9,1200,0,1,2,,2,044,US-101,"METROPOLITAN ROAD",1584.00,N,N,A,-,Y,,,,,,,,,,Y,2,0,1,1,A,-,01,23152,A,N,E,I,A,A,H,-,D,D,0,,,,,Y,Y,A,01,1,0,0,0,0,0,0,0,0,"- ","- ",40.528839111328125,-124.15023803710938,HUMBOLDT,UNINCORPORATED,-124.15133666992188,40.528373718261719
91763318,2022,2022-05-03,9126,2022-04-24,1730,022731,,7,2,9,1200,0,2,4,,2,004,"SHELTER COVE ROAD","WILLOW GLEN ROAD",5280.00,E,N,A,-,N,,,,,,,,,,Y,2,0,4,2,A,-,01,23152,A,N,A,C,A,A,H,-,A,D,0,,,,,Y,Y,A,07,2,2,0,0,0,0,0,0,0,"- ","- ",40.03900146484375,-124.04490661621094,HUMBOLDT,UNINCORPORATED,-124.03318786621094,40.038257598876953
6292283,2015,2015-06-22,9125,2015-03-31,1811,13551,,2,2,9,1200,0,1,2,,2,022,"RT 101","ARCATA OVERHEAD",608.00,N,N,A,-,Y,HUM,1,101,-,-,87.890,H,-,S,Y,1,2,1,1,A,-,01,23152,E,N,E,I,A,A,H,-,A,D,1,,,,,Y,,A,01,0,1,0,0,0,0,0,0,0,"- ","- ",40.893529999999998,-124.08159000000001,HUMBOLDT,UNINCORPORATED,-124.08077290999999,40.892030370000001
9064750,2020,2020-03-24,1201,2020-02-08,1207,658,401,6,5,3,1201,0,0,0,,0,00S,"FICKLE HILL RD","FICKLE HILL LN",272.00,W,N,A,-,N,,,,,,,,,,N,2,0,1,2,A,-,21,22106,,N,H,G,A,A,H,-,A,A,0,,Y,,,Y,,A,07,1,0,0,0,0,0,1,0,0,"- ","- ",40.867740631103516,-124.07402801513672,HUMBOLDT,ARCATA,-124.07703399658203,40.865978240966797
90341319,2016,2016-12-09,9125,2016-11-26,0810,018771,,6,1,9,1200,0,1,2,,2,045,"US-101 N/B","S EDGE JORDAN CRK BRIDGE",75.00,N,N,C,-,Y,,,101,,,,,,N,Y,2,0,1,1,A,-,08,22107,,N,E,I,A,B,H,-,A,D,0,,,,,Y,,A,01,1,0,0,0,0,0,0,0,0,"- ","- ",40.442999999999998,-124.0384,HUMBOLDT,UNINCORPORATED,-124.03871171999999,40.442858639999997
90428438,2017,2017-04-05,9126,2017-03-04,2017,021507,,6,2,9,1200,0,2,4,,1,008,"REDWOOD DRIVE","REDWAY DRIVE",79.00,N,N,B,C,N,,,,,,,,,,N,1,1,0,2,A,-,11,21954,A,N,G,B,D,B,H,-,D,D,0,Y,,,Y,Y,Y,N,60,0,0,0,1,0,0,0,0,0,"- ","- ",40.117570000000001,-123.81984,HUMBOLDT,UNINCORPORATED,-123.81959589,40.117480319999999
91482491,2021,2021-06-08,9125,2021-05-13,1558,022314,,4,2,9,1200,0,3,5,,2,005,"MILL CREEK ROAD","MCCOVEY FLAT",75.00,W,N,A,-,N,,,,,,,,,,N,2,0,1,1,A,-,03,22350,,N,F,A,A,A,H,-,A,D,0,,,Y,,Y,,C,02,1,0,0,0,0,0,0,0,1,"- ","- ",41.094409942626953,-123.69271087646484,HUMBOLDT,UNINCORPORATED,,
92045907,2023,2023-04-17,9125,2023-04-12,1735,020988,,3,2,9,1200,0,1,2,,2,017,"RT 101","KANE ROAD",1584.00,S,N,A,-,Y,HUM,,101," "," ",112.286,H,,R,Y,2,0,1,1,A,-,01,23152,A,N,E,8,A,A,H,-,A,D,0,,,,,Y,Y,A,07,1,0,0,0,0,0,0,0,0,"- ","- ",41.201221466064453,-124.11042022705078,HUMBOLDT,UNINCORPORATED,-124.11045837402344,41.201213836669922
92441593,2024,2024-07-17,9125,2024-07-05,1530,023137,,5,2,9,1200,0,1,3,,1,065,SR-96,"LOWER CAMP CREEK RD",860.00,E,N,A,-,Y,HUM,,96," "," ",37.564,H,,R,N,2,0,1,1,A,-,08,22107,,N,E,I,A,A,H,-,A,D,0,,,,,Y,,D,22,1,0,0,0,0,0,0,0,0,"- ","- ",41.296920776367188,-123.55345916748047,HUMBOLDT,UNINCORPORATED,-123.55350494384766,41.296989440917969
94471518,2024,2024-11-15,9125,2024-11-03,1426,023929,,7,2,3,1201,0,1,2,,2,022,US-101,"BAYSIDE CUTOFF",0.00,,Y,A,-,Y,HUM,,101," "," ",83.920,H,,R,N,2,0,4,2,A,-,09,21803,A,N,D,C,A,A,H,-,A,D,0,,,,,Y,,A,01,1,3,0,0,0,0,0,0,0,"- ","- ",40.835029602050781,-124.081787109375,HUMBOLDT,ARCATA,-124.08180999755859,40.835029602050781
6538389,2014,2014-08-13,9125,2014-06-14,1215,015939,,6,1,9,1200,0,3,5,,2,001,"MCKINNEYVILLE AV","MURRAY RD",210.00,S,N,A,-,N,,,,,,,,,,Y,2,0,2,2,A,-,01,23152,E,N,D,C,A,A,H,-,A,D,0,,,Y,,Y,,C,02,2,0,0,0,0,0,0,0,2,"- ","- ",40.955759999999998,-124.11039,HUMBOLDT,UNINCORPORATED,-124.11039464,40.955653560000002
6683026,2014,2014-12-24,9126,2014-10-19,0001,020558,,7,3,9,1200,0,2,4,,1,002,"BRICELAND RD","FOREST DR",200.00,E,N,B,-,N,,,,,,,,,,Y,2,0,1,1,A,-,01,23153,A,N,E,I,A,B,H,-,D,D,0,,,,,Y,Y,A,07,1,0,0,0,0,0,0,0,0,"- ","- ",40.121920000000003,-123.83355,HUMBOLDT,UNINCORPORATED,-123.83323550999999,40.122189560000002
9420855,2022,2022-05-24,1201,2022-02-10,1532,655,105,4,5,3,1201,0,0,0,,0,00N,"1200 BLOCK OF SPEARS AV","ALLIANCE RD",926.00,E,N,A,-,N,,,,,,,,,,N,1,1,0,2,A,-,08,22107,,N,D,C,A,A,H,-,A,D,0,,Y,,,Y,,L,04,0,0,0,0,0,1,0,0,0,"- ","- ",40.88909912109375,-124.08424377441406,HUMBOLDT,ARCATA,,
9636595,2023,2023-11-13,1201,2023-09-18,1139,646,304,1,5,3,1201,0,0,0,,0,0DT,"11TH ST","G ST",10.00,W,N,A,-,N,,,,,,,,,,N,2,0,1,2,A,-,10,21950,A,N,G,B,B,A,H,-,A,D,0,Y,,,,Y,,A,01,1,0,0,0,1,0,0,0,0,"- ","- ",40.870559692382812,-124.08558654785156,HUMBOLDT,ARCATA,-124.08521270751953,40.870407104492188
90779959,2018,2018-07-30,9125,2018-07-25,1410,020491,,3,2,9,1200,0,1,2,,2,022,"US-101 N/B","BAYSIDE CUTTOFF",0.00,,Y,A,-,Y,,,101,,,,,,N,Y,2,0,2,2,A,-,09,21802,A,N,D,C,A,A,H,-,A,A,0,,,,,Y,,A,08,1,1,0,0,0,0,0,0,0,"- ","- ",40.834999084472656,-124.08180236816406,HUMBOLDT,UNINCORPORATED,-124.08180236816406,40.834999084472656
91082097,2019,2019-10-04,9125,2019-07-26,2500,021844,,5,4,9,1200,0,1,3,,1,047,SR-36,"RIVERSIDE PARK ROAD",1584.00,E,N,A,-,Y,,,36,,,,,,,Y,1,1,0,1,A,-,01,23152,A,N,E,I,A,A,H,-,A,D,0,,,Y,,Y,Y,C,02,0,0,0,0,0,0,0,1,0,"- ","- ",40.498870849609375,-123.98735809326172,HUMBOLDT,UNINCORPORATED,-123.98735809326172,40.498908996582031
91385443,2021,2021-01-14,9125,2021-01-05,1500,019243,,2,2,9,1200,0,2,4,,1,010,"CENTRAL AVE","BABLER LN",1056.00,N,N,B,-,N,,,,,,,,,,N,2,0,1,2,A,-,08,22107,,N,B,G,A,A,H,-,A,D,0,,Y,,,Y,,L,04,1,0,0,0,0,0,1,0,0,"- ","- ",40.951301574707031,-124.10060119628906,HUMBOLDT,UNINCORPORATED,-124.10086822509766,40.951957702636719
91964415,2022,2023-01-10,9125,2022-12-31,2350,022265,,6,3,9,1200,0,3,5,,2,003,"EEL RIVER DR","HOOKTON RD",300.00,N,N,C,-,N,,,,,,,,,,Y,2,0,1,1,A,-,08,22107,,N,E,I,A,B,H,-,D,D,0,,,,,Y,,D,22,1,0,0,0,0,0,0,0,0,"- ","- ",40.670909881591797,-124.20298767089844,HUMBOLDT,UNINCORPORATED,-124.20219421386719,40.670722961425781
91284328,2020,2020-08-11,9125,2020-08-04,2500,021313,,2,4,9,1200,0,3,5,,2,005,"DOWD ROAD","PINE CREEK RD",29040.00,N,N,A,-,N,,,,,,,,,,Y,2,0,3,1,A,-,08,22107,,N,E,I,A,A,E,-,C,D,0,,,,,Y,,D,22,3,0,0,0,0,0,0,0,0,"- ","- ",41.168121337890625,-123.7027587890625,HUMBOLDT,UNINCORPORATED,-123.7025146484375,41.167564392089844
91443141,2021,2021-04-05,9125,2021-03-30,1430,019243,,2,2,9,1200,0,1,2,,2,018,US-101,"KANE RD",528.00,S,N,A,-,Y,,,101,,,,,,,Y,2,0,1,1,A,-,08,22107,,N,E,I,A,A,H,-,A,D,0,,,,,Y,,A,01,1,0,0,0,0,0,0,0,0,"- ","- ",41.200908660888672,-124.1102294921875,HUMBOLDT,UNINCORPORATED,-124.11043548583984,41.200916290283203
91735436,2022,2022-03-28,9125,2022-03-17,1956,022154,,4,2,9,1200,0,2,4,,1,020,"MYRTLE AVENUE","HUBBARD LANE",0.00,,Y,A,-,N,,,,,,,,,,Y,2,0,1,2,A,-,09,21801,A,N,D,C,A,A,H,-,C,A,0,,,,,Y,,A,01,1,0,0,0,0,0,0,0,0,"- ","- ",40.783500671386719,-124.12928009033203,HUMBOLDT,UNINCORPORATED,-124.13030242919922,40.784572601318359
91829543,2022,2022-08-01,9125,2022-07-18,2335,022265,,1,3,9,1200,0,1,2,,2,019,US101,"CENTRAL AVENUE",4646.00,S,N,A,-,Y,HUM,,101,,R,94.742,H,,R,Y,2,0,1,1,A,-,01,23152,A,N,E,I,A,A,H,-,D,D,0,,,,,Y,Y,A,08,1,0,0,0,0,0,0,0,0,"- ","- ",40.981460571289062,-124.11692047119141,HUMBOLDT,UNINCORPORATED,-124.11702728271484,40.981475830078125
81958782,2022,2023-01-03,1203,2022-12-31,2308,4075,P19,6,5,4,1203,0,0,0,,0,001,"V ST","SIXTH ST",5.00,N,-,A,-,N,,,,,,,,,,N,2,0,1,2,A,-,11,21954,A,N,G,B,B,A,H,-,C,D,0,Y,,,,Y,Y,N,60,1,0,0,0,1,0,0,0,0,"- ","- ",40.803050994873047,-124.14933013916016,HUMBOLDT,EUREKA,-124.14937591552734,40.803031921386719
90020057,2015,2015-10-19,9126,2015-08-24,1055,020988,,1,1,9,1200,0,3,5,,2,444,"BENBOW DRIVE","LAKE BENBOW DRIVE",4224.00,S,N,A,-,N,,,,,,,,,,Y,2,0,3,1,A,-,08,22107,,N,E,I,A,A,H,-,A,D,0,,,,,Y,,D,22,1,1,1,0,0,0,0,0,0,"- ","- ",40.057400000000001,-123.78301,HUMBOLDT,UNINCORPORATED,-123.78174916,40.058068550000002
90858341,2018,2018-11-12,9126,2018-11-01,0655,021836,,4,1,9,1200,0,2,4,,1,002,"BRICELAND THORN ROAD","CHINA CREEK ROAD",334.00,W,N,A,-,N,,,,,,,,,,Y,2,0,1,1,A,-,01,23152,A,N,E,I,A,A,H,-,D,D,0,,,,,Y,Y,D,22,1,0,0,0,0,0,0,0,0,"- ","- ",40.103939056396484,-123.91796875,HUMBOLDT,UNINCORPORATED,-123.92498016357422,40.104934692382812
91129982,2019,2019-11-26,9125,2019-11-19,1520,018064,,2,2,9,1200,0,3,5,,2,004,"MATTOLE ROAD","PRESCOTT DRIVE",8976.00,N,N,B,G,N,,,,,,,,,,N,2,0,1,1,A,-,08,22107,,N,F,A,A,A,H,-,A,D,0,,,Y,,Y,,C,02,1,0,0,0,0,0,0,0,1,"- ","- ",40.284671783447266,-124.21518707275391,HUMBOLDT,UNINCORPORATED,-124.36547088623047,40.479179382324219
6720427,2014,2016-06-15,9125,2014-10-29,1926,020361,,3,2,9,1200,0,1,3,,1,050,"RT 96","TISH TANG RD",506.00,N,N,A,-,Y,HUM,1,96,-,-,12.500,H,-,E,N,2,0,1,2,A,-,11,21954,A,F,G,B,D,A,H,-,D,A,0,Y,,,,Y,Y,N,60,1,0,0,0,1,0,0,0,0,"- ","- ",41.350999999999999,-123.4187,HUMBOLDT,UNINCORPORATED,-123.68572568,41.063803120000003
84478848,2024,2024-11-21,1203,2024-11-14,"240 ",4101,,4,5,4,1203,0,0,0,,0,001,"FOURTH ST","J ST",0.00,,Y,C,-,Y,,,,,,,,,,Y,2,0,1,1,A,-,03,22350,,N,E,I,A,B,H,-,C,A,0,,,,,Y,,A,01,1,0,0,0,0,0,0,0,0,"- ","- ",40.80303955078125,-124.16197967529297,HUMBOLDT,EUREKA,-124.16184997558594,40.803390502929688
90368520,2016,2017-01-12,9126,2016-08-05,2220,021219,,5,3,9,1200,0,1,2,,2,022,US-101,"SORENSON ROAD UNDERCROSSING",7920.00,N,N,A,-,Y,,,101,,,,,,,Y,1,1,0,1,A,-,03,22350,,F,E,H,A,A,H,-,D,D,0,,,,,Y,,A,01,0,0,0,0,0,0,0,0,0,"- ","- ",40.414110000000001,-123.96606,HUMBOLDT,UNINCORPORATED,-123.96606696000001,40.414057249999999
90988294,2019,2019-05-20,9125,2019-01-22,0623,019116,,2,1,9,1200,0,1,2,,2,030,"US-101 NORTHBOUND","HUMBOLDT HILL ROAD OVERCORSSING",1584.00,N,N,B,-,Y,,,101,,,,,,N,Y,1,1,0,6,A,-,11,21954,A,N,G,B,E,B,H,-,C,D,0,Y,,,,Y,Y,N,60,0,0,0,1,0,0,0,0,0,"- ","- ",40.748420715332031,-124.19580078125,HUMBOLDT,UNINCORPORATED,-124.19579315185547,40.748409271240234
92002647,2023,2023-02-24,9125,2023-02-21,"810 ",023159,,2,1,9,1200,0,3,5,,2,006,SR-96,"TRINITY VIEW RD",4224.00,N,N,C,-,Y,HUM,,96," "," ",4.316,H,,R,Y,2,0,2,1,A,-,08,22107,,N,E,I,A,B,H,-,A,D,0,,,,Y,Y,,F,26,1,1,0,0,0,0,0,0,0,"- ","- ",40.994518280029297,-123.63168334960938,HUMBOLDT,UNINCORPORATED,-123.63162994384766,40.994667053222656
92332265,2024,2024-03-07,9125,2024-02-28,1125,022265,,3,1,9,1200,0,1,3,,1,047,SR-36,"A ST",0.00,,Y,B,-,Y,HUM,,36," "," ",2.508,H,,R,Y,2,0,2,2,A,-,09,21801,A,N,D,C,A,A,H,-,A,D,0,,,,,Y,,A,08,1,1,0,0,0,0,0,0,0,"- ","- ",40.543960571289062,-124.10041809082031,HUMBOLDT,UNINCORPORATED,-124.10041809082031,40.543960571289062
6290495,2014,2014-05-23,9125,2014-03-17,2311,13551,,1,3,9,1200,0,1,3,,1,047,"RT 36","MONROE LN",83.00,E,N,A,-,Y,HUM,1,36,-,-,5.880,H,-,E,Y,1,1,0,2,A,-,01,23152,A,N,A,C,A,A,H,-,C,D,0,,,Y,,Y,Y,C,02,0,0,0,0,0,0,0,1,0,"- ","- ",40.533909999999999,-124.04731,HUMBOLDT,UNINCORPORATED,-124.04739318999999,40.53394402
8911344,2020,2020-07-22,1204,2020-05-07,2030,PE021,,4,5,1,1204,0,0,0,,0,001,BLUFF,"ROSE AV",5280.00,S,N,A,-,N,,,,,,,,,,Y,1,1,0,2,A,-,01,23153,B,N,A,D,A,A,-,-,A,A,0,,,,,Y,Y,-,,0,0,0,0,0,0,0,0,0,"- ","- ",,,HUMBOLDT,FERNDALE,,
8995705,2019,2019-12-31,1203,2019-11-22,1732,4045,P54,5,5,4,1203,0,0,0,,0,002,"W HARRIS",CALIFORNIA,0.00,,Y,B,-,N,,,,,,,,,,N,2,0,1,2,A,-,11,21954,A,N,G,B,D,A,H,-,C,A,0,Y,,,,Y,,N,60,1,0,0,0,1,0,0,0,0,"- ","- ",40.780239105224609,-124.17182922363281,HUMBOLDT,EUREKA,-124.17201995849609,40.780479431152344
81905487,2022,2022-10-31,1203,2022-10-12,1545,4038,P15,3,5,4,1203,0,0,0,,0,001,"W FIFTH ST","SUMMER ST",0.00,,Y,A,-,Y,HUM,,101,,,78.204,H,,R,N,2,0,1,2,A,-,05,21651,B,F,H,G,A,A,H,-,A,A,0,,Y,,,Y,,L,04,1,0,0,0,0,0,1,0,0,"- ","- ",40.801128387451172,-124.17176818847656,HUMBOLDT,EUREKA,-124.17176818847656,40.801128387451172
81983906,2023,2023-02-01,1203,2023-01-08,"5   ",4045,P52,7,5,4,1203,0,0,0,,0,002,"BROADWAY ST","BAYSHORE WAY",590.00,S,-,C,-,Y,,,,,,,,,,Y,2,0,6,2,A,-,01,23153,A,N,A,C,A,B,H,-,C,D,0,,,,,Y,Y,A,01,1,5,0,0,0,0,0,0,0,"- ","- ",40.781410217285156,-124.18533325195312,HUMBOLDT,EUREKA,-124.18540954589844,40.780532836914062
5912117,2014,2014-02-13,9126,2014-01-03,1315,20368,,5,1,9,1200,0,1,3,,1,020,"RT 254","ELK CREEK RD",0.00,,Y,A,-,Y,HUM,1,254,-,-,10.517,I,5,N,Y,1,1,1,2,A,-,09,21801,A,N,A,C,A,A,H,-,A,D,0,,,,Y,Y,,G,27,0,1,0,0,0,0,0,0,0,"- ","- ",40.279330000000002,-123.85356,HUMBOLDT,UNINCORPORATED,-123.85336562000001,40.279540740000002
6290749,2014,2014-06-17,9126,2014-04-28,1605,20607,,1,2,9,1200,0,3,5,,2,222,"UPPER PACIFIC DR","SEAFOAM RD",0.00,,Y,A,-,N,,,,,,,,,,N,1,1,0,2,A,-,09,21801,A,N,A,C,A,A,H,-,A,D,0,,,Y,,Y,Y,D,22,0,0,0,0,0,0,0,1,0,"- ","- ",,,HUMBOLDT,UNINCORPORATED,-124.07369992,40.030229890000001
6291831,2014,2015-01-20,9125,2014-10-10,2300,19948,,5,3,9,1200,0,1,2,,2,045,"RT 101","STAFFORD RD",1584.00,S,N,B,-,Y,HUM,1,101,-,R,47.610,H,-,S,Y,1,1,2,1,A,-,08,22107,,N,E,I,A,A,H,-,D,A,1,,,,,Y,,A,07,1,1,0,0,0,0,0,0,0,"- ","- ",40.453940000000003,-124.05255,HUMBOLDT,UNINCORPORATED,-124.05399995000001,40.453991090000002
6292049,2014,2015-04-06,1203,2014-04-20,0035,475,,7,5,4,1203,0,0,0,,0,001,"RT 101",GRANT,64.00,S,N,B,-,Y,HUM,1,101,-,-,77.720,H,-,N,Y,1,1,0,2,A,-,01,23152,A,N,F,A,A,A,H,-,C,D,0,,,Y,Y,Y,Y,C,02,0,0,0,0,0,0,0,1,0,"- ","- ",,,HUMBOLDT,EUREKA,-124.17506785,40.797266950000001
6292134,2015,2015-05-15,9125,2015-02-20,2155,020361,,5,2,9,1200,0,1,3,,1,060,"RT 299","BAIR RD",970.00,W,N,A,-,Y,HUM,1,299,-,-,18.890,H,-,W,Y,1,1,1,2,A,-,05,21460,A,N,A,C,A,A,H,-,D,D,0,,,Y,,Y,,A,01,0,1,0,0,0,0,0,1,0,"- ","- ",40.554699999999997,-123.5047,HUMBOLDT,UNINCORPORATED,-123.84603876,40.929625770000001
6292355,2015,2017-04-21,1203,2015-01-23,1818,4027,,5,5,4,1203,0,0,0,,0,002,"RT 101","MCCULLEN AV",114.00,N,N,A,-,Y,HUM,1,101,-,-,75.930,H,-,N,N,1,1,0,2,A,-,11,21954,A,N,G,B,D,A,H,-,D,D,0,Y,,,,Y,Y,N,60,0,0,0,1,0,0,0,0,0,"- ","- ",,,HUMBOLDT,EUREKA,-124.19047848,40.774495379999998
6292386,2015,2015-07-16,9125,2015-03-21,0641,18064,,6,1,9,1200,0,1,2,,2,022,"RT 101","SAMOA BL",3696.00,S,N,B,E,Y,HUM,1,101,-,-,85.110,H,-,N,Y,1,1,1,3,A,-,03,22350,,N,G,B,E,B,H,-,D,D,1,Y,,,,Y,,A,01,0,1,0,1,0,0,0,0,0,"- ","- ",40.852359999999997,-124.08185,HUMBOLDT,UNINCORPORATED,-124.08188874,40.852313700000003
6370353,2014,2014-06-06,9126,2014-01-16,1900,019194,,4,2,9,1200,0,3,5,,2,222,"THOMAS RD","S FORK SALMON CREEK BRIDGE",250.00,S,N,B,-,N,,,,,,,,,,Y,2,0,1,1,A,-,03,22350,,N,F,A,A,A,A,H,D,D,0,,,,,Y,,A,01,1,0,0,0,0,0,0,0,0,"- ","- ",,,HUMBOLDT,UNINCORPORATED,-123.92430246000001,40.214919780000002
6408677,2014,2014-06-11,1201,2014-01-23,1158,606,,4,5,3,1201,0,0,0,,0,00N,"PACIFIC AV","CALIFORNIA AV",32.00,N,N,A,-,N,,,,,,,,,,N,2,0,1,1,A,-,03,22350,,N,H,-,A,D,-,-,A,D,0,,Y,,,Y,,L,04,1,0,0,0,0,0,1,0,0,"- ","- ",,,HUMBOLDT,ARCATA,-124.07965766,40.883001749999998
6419756,2014,2014-06-23,9126,2014-03-20,0045,020496,,4,3,9,1200,0,3,5,,2,222,"MATTOLE RD","MINOR LN",2112.00,N,N,A,-,N,,,,,,,,,,Y,2,0,1,1,A,-,08,22107,,F,E,I,A,A,H,-,D,D,0,,,,,Y,Y,D,22,1,0,0,0,0,0,0,0,0,"- ","- ",40.127279999999999,-123.86714000000001,HUMBOLDT,UNINCORPORATED,-124.23297343999999,40.276580629999998
6420580,2014,2014-06-12,1205,2014-02-14,1540,572,,5,5,3,1205,0,0,0,,0,,"9TH ST","1ST ST",45.00,N,N,B,-,N,,,,,,,,,,N,2,0,1,1,A,-,03,22350,,N,H,A,A,B,H,-,A,D,0,,,,,Y,,-,,1,0,0,0,0,0,0,0,0,"- ","- ",,,HUMBOLDT,FORTUNA,-94.180426600000004,42.86422443
6469496,2014,2014-07-09,1203,2014-03-26,1525,4027,,3,5,4,1203,0,0,0,,0,001,"H ST","7TH ST",0.00,,Y,A,-,N,,,,,,,,,,Y,2,0,2,4,A,-,12,21453,A,N,A,B,F,A,H,-,A,A,0,Y,,,,Y,Y,A,01,1,0,1,0,2,0,0,0,0,"- ","- ",,,HUMBOLDT,EUREKA,-124.16340993999999,40.800589950000003
6477615,2014,2015-11-20,9126,2014-04-21,2311,20411,,1,3,9,1200,0,1,2,,2,022,"RT 101","SORENSON RD",7392.00,N,N,C,-,Y,HUM,1,101,-,R,40.970,H,-,N,Y,2,0,3,1,A,-,08,22107,,N,E,I,A,B,A,-,D,D,1,,,,,Y,,A,07,1,1,1,0,0,0,0,0,0,"- ","- ",,,HUMBOLDT,UNINCORPORATED,-123.96174291,40.412065370000001
6492428,2014,2015-03-16,1201,2014-04-16,1628,546,A301,3,5,3,1201,0,0,0,,0,00S,"JANES RD","11TH ST",0.00,,Y,A,-,N,,,,,,,,,,Y,2,0,1,2,A,-,09,21802,A,N,D,C,A,A,H,-,A,D,0,,,Y,,Y,Y,A,01,1,0,0,0,0,0,0,0,1,"- ","- ",,,HUMBOLDT,ARCATA,-124.10114999,40.873869980000002
6498963,2014,2015-11-20,9125,2014-04-25,1650,18172,,5,2,9,1200,0,1,3,,1,061,"RT 299","WILLOW CREEK 04-0115",8448.00,W,N,B,-,Y,HUM,1,299,-,-,31.520,H,-,E,Y,2,0,2,1,A,-,08,22107,,N,E,I,A,B,H,-,A,A,0,,,,,Y,,A,07,1,1,0,0,0,0,0,0,0,"- ","- ",40.990659999999998,-123.73553,HUMBOLDT,UNINCORPORATED,-123.73593959,40.905988729999997