CASE_ID,ACCIDENT_YEAR,PROC_DATE,JURIS,COLLISION_DATE,COLLISION_TIME,OFFICER_ID,REPORTING_DISTRICT,DAY_OF_WEEK,CHP_SHIFT,POPULATION,CNTY_CITY_LOC,SPECIAL_COND,BEAT_TYPE,CHP_BEAT_TYPE,CITY_DIVISION_LAPD,CHP_BEAT_CLASS,BEAT_NUMBER,PRIMARY_RD,SECONDARY_RD,DISTANCE,DIRECTION,INTERSECTION,WEATHER_1,WEATHER_2,STATE_HWY_IND,CALTRANS_COUNTY,CALTRANS_DISTRICT,STATE_ROUTE,ROUTE_SUFFIX,POSTMILE_PREFIX,POSTMILE,LOCATION_TYPE,RAMP_INTERSECTION,SIDE_OF_HWY,TOW_AWAY,COLLISION_SEVERITY,NUMBER_KILLED,NUMBER_INJURED,PARTY_COUNT,PRIMARY_COLL_FACTOR,PCF_CODE_OF_VIOL,PCF_VIOL_CATEGORY,PCF_VIOLATION,PCF_VIOL_SUBSECTION,HIT_AND_RUN,TYPE_OF_COLLISION,MVIW,PED_ACTION,ROAD_SURFACE,ROAD_COND_1,ROAD_COND_2,LIGHTING,CONTROL_DEVICE,CHP_ROAD_TYPE,PEDESTRIAN_ACCIDENT,BICYCLE_ACCIDENT,MOTORCYCLE_ACCIDENT,TRUCK_ACCIDENT,NOT_PRIVATE_PROPERTY,ALCOHOL_INVOLVED,STWD_VEHTYPE_AT_FAULT,CHP_VEHTYPE_AT_FAULT,COUNT_SEVERE_INJ,COUNT_VISIBLE_INJ,COUNT_COMPLAINT_PAIN,COUNT_PED_KILLED,COUNT_PED_INJURED,COUNT_BICYCLIST_KILLED,COUNT_BICYCLIST_INJURED,COUNT_MC_KILLED,COUNT_MC_INJURED,PRIMARY_RAMP,SECONDARY_RAMP,LATITUDE,LONGITUDE,COUNTY,CITY,POINT_X,POINT_Y
6515968,2014,2015-11-20,9125,2014-06-29,1323,14428,,7,1,9,1200,0,1,2,,2,017,"RT 101","DAVISON RD",2640.00,S,N,A,-,Y,HUM,1,101,-,-,123.300,H,-,S,Y,2,0,1,1,A,-,08,22107,,N,E,I,A,A,H,-,A,D,1,,,,,Y,,A,01,1,0,0,0,0,0,0,0,0,"- ","- ",41.313800000000001,-124.04312,HUMBOLDT,UNINCORPORATED,-124.04260346,41.314239929999999
6536886,2014,2014-08-19,9126,2014-06-11,0015,20411,,3,3,9,1200,0,2,4,,1,002,"BRICELAND THORN RD","SHELTER COVE RD",23232.00,W,N,A,-,N,,,,,,,,,,N,2,0,1,1,A,-,01,23152,A,N,E,H,A,A,H,-,D,D,0,,,Y,,Y,Y,C,02,1,0,0,0,0,0,0,0,1,"- ","- ",,,HUMBOLDT,UNINCORPORATED,-123.96386,40.063479999999998
6558583,2014,2015-11-20,9125,2014-06-18,1135,014643,,3,1,9,1200,0,1,3,,1,048,"RT 36","CALTRANS MAINTENANCE YARD",5280.00,E,N,A,-,Y,HUM,1,36,-,-,26.400,H,-,E,Y,2,0,1,1,C,-,18,,,N,E,H,A,A,H,-,A,D,0,,,Y,,Y,,-,"- ",1,0,0,0,0,0,0,0,1,"- ","- ",40.485509999999998,-123.77459,HUMBOLDT,UNINCORPORATED,-123.77430114000001,40.48577504
6573551,2014,2016-04-27,9125,2014-07-12,0918,017539,,6,1,9,1200,0,1,2,,2,044,"RT 101","FERNBRIDGE DR",2112.00,N,N,B,-,Y,HUM,1,101,-,-,63.950,H,-,N,Y,2,0,1,1,A,-,08,22107,,N,E,I,A,A,H,-,A,A,1,,,,,Y,,A,01,1,0,0,0,0,0,0,0,0,"- ","- ",40.617669999999997,-124.20141,HUMBOLDT,UNINCORPORATED,-124.20429953999999,40.619485949999998
6576822,2014,2016-02-10,9125,2014-07-20,1734,13699,,7,2,9,1200,0,1,3,,1,050,"RT 96","CARPENTER LN",14256.00,N,N,A,-,Y,HUM,1,96,-,-,18.100,H,-,W,Y,2,0,3,1,A,-,03,22350,,N,F,A,A,A,H,-,A,D,0,,,,,Y,,A,01,1,0,2,0,0,0,0,0,0,"- ","- ",41.142400000000002,-123.68289,HUMBOLDT,UNINCORPORATED,-123.68748126,41.132349099999999
6606188,2014,2014-09-30,9125,2014-06-04,1400,14428,,3,2,9,1200,0,2,4,,1,010,"CENTRAL AV","CITY CENTER RD",0.00,,Y,A,-,N,,,,,,,,,,Y,1,1,0,2,A,-,03,22350,,N,D,C,A,A,H,-,A,A,0,,,Y,,Y,,C,02,0,0,0,0,0,0,0,1,0,"- ","- ",40.943100000000001,-124.10119,HUMBOLDT,UNINCORPORATED,-124.10097995,40.943159950000002
6606189,2014,2015-12-29,9125,2014-06-21,2200,17418,,6,3,9,1200,0,1,3,,1,061,"RT 299","ROTH RD",991.00,E,N,A,-,Y,HUM,1,299,-,-,39.290,H,-,W,Y,1,1,0,2,A,-,01,23152,A,F,G,B,E,A,H,-,D,D,0,Y,,,,Y,Y,D,22,0,0,0,1,0,0,0,0,0,"- ","- ",40.935780000000001,-123.62535,HUMBOLDT,UNINCORPORATED,-123.62499953,40.935344360000002
6609357,2014,2014-09-17,9126,2014-08-14,1240,020603,,4,1,9,1200,0,2,4,,1,006,"ALDERPOINT RD","TOOBY RANCH RD",1056.00,W,N,A,-,N,,,,,,,,,,Y,2,0,2,1,A,-,08,22107,,N,E,I,A,A,H,-,A,D,0,,,,,Y,,A,01,1,1,0,0,0,0,0,0,0,"- ","- ",40.105559999999997,-123.71339999999999,HUMBOLDT,UNINCORPORATED,-123.75095674000001,40.108720650000002
6612307,2014,2016-04-27,9125,2014-08-17,1710,11998,,7,2,3,1201,0,1,2,,2,022,"RT 101","RT 255",528.00,N,N,B,-,Y,HUM,1,101,-,-,85.950,H,-,S,Y,2,0,2,1,A,-,08,22107,,N,F,A,A,A,H,-,A,D,1,,,,,Y,,A,01,2,0,0,0,0,0,0,0,0,"- ","- ",40.864310000000003,-124.08311,HUMBOLDT,ARCATA,-124.08297005999999,40.864456449999999
6613160,2014,2016-04-27,1203,2014-08-19,1714,460,,2,5,4,1203,0,0,0,,0,001,"RT 101",COMMERCIAL,245.00,W,N,A,-,Y,HUM,1,101,-,-,78.060,H,-,N,Y,2,0,2,2,A,-,03,22350,,N,C,C,A,A,H,-,A,D,0,,,Y,,Y,,D,22,1,0,1,0,0,0,0,0,2,"- ","- ",,,HUMBOLDT,EUREKA,-124.17424956000001,40.800759560000003
6647241,2014,2014-10-20,9125,2014-09-14,0330,019948,,7,3,9,1200,0,3,5,,2,004,"GRIZZLY BLUFF RD","E FERRY RD",39.00,E,N,E,-,N,,,,,,,,,,Y,2,0,2,2,A,-,01,23152,A,N,E,I,A,A,H,-,D,D,0,,,,,Y,Y,A,01,2,0,0,0,0,0,0,0,0,"- ","- ",40.562049999999999,-124.17161,HUMBOLDT,UNINCORPORATED,-124.17175,40.562199999999997
6683917,2014,2014-12-26,9126,2014-10-17,2340,020603,,5,3,9,1200,0,2,4,,1,006,"ALDERPOINT RD","QUARRY RD",1056.00,E,N,B,E,N,,,,,,,,,,Y,2,0,1,1,A,-,03,22350,,N,E,I,A,B,H,-,D,D,0,,,,,Y,Y,D,22,1,0,0,0,0,0,0,0,0,"- ","- ",,,HUMBOLDT,UNINCORPORATED,-123.77381506,40.113617390000002
6709608,2014,2014-11-26,1203,2014-10-24,2000,4027,,5,5,4,1203,0,0,0,,0,003,"E ST","WATSON ST",0.00,,Y,B,-,N,,,,,,,,,,N,2,0,1,2,A,-,"- ",,,N,D,J,A,A,H,-,D,D,0,,,,,Y,Y,M,94,1,0,0,0,0,0,0,0,0,"- ","- ",,,HUMBOLDT,EUREKA,-124.1649099,40.792759889999999
6732443,2014,2015-01-15,9126,2014-11-23,1620,20919,,7,2,9,1200,0,2,4,,2,004,"SHELTER COVE RD","HI POINT LN",4224.00,W,N,A,-,N,,,,,,,,,,N,2,0,1,2,A,-,"- ",,,F,B,C,A,A,H,-,A,D,0,,,,,Y,,A,01,1,0,0,0,0,0,0,0,0,"- ","- ",40.054769999999998,-124.00174,HUMBOLDT,UNINCORPORATED,-124.00162697,40.054670729999998
6735655,2014,2016-06-16,9126,2014-11-04,0420,20502,,2,3,9,1200,0,1,2,,2,022,"RT 101","NEWTON RD",141.00,N,N,B,-,Y,HUM,1,101,-,-,33.280,H,-,N,Y,2,0,1,1,A,-,08,22107,,N,E,I,A,A,H,-,C,D,1,,,,,Y,,D,22,1,0,0,0,0,0,0,0,0,"- ","- ",40.322620000000001,-123.92156,HUMBOLDT,UNINCORPORATED,-123.92126383999999,40.322255200000001
6748172,2014,2016-06-15,9125,2014-12-08,1623,016241,,1,2,9,1200,0,1,3,,1,041,"RT 211","WADDINGTON RD",0.00,,Y,B,-,Y,HUM,1,211,-,R,76.688,I,5,S,Y,2,0,2,2,A,-,03,22350,,N,C,D,A,A,H,-,A,D,0,,,,,Y,,A,01,1,1,0,0,0,0,0,0,0,"- ","- ",40.588529999999999,-124.21420000000001,HUMBOLDT,UNINCORPORATED,-124.21457184,40.599457340000001
6775365,2014,2015-02-11,9125,2014-12-28,1015,015572,,7,1,9,1200,0,3,5,,2,004,"CENTERVILLE RD","POOLE RD",8976.00,S,N,B,-,N,,,,,,,,,,N,2,0,1,1,C,-,18,,,N,H,A,A,-,H,-,A,D,0,,,,,Y,,-,"- ",1,0,0,0,0,0,0,0,0,"- ","- ",40.562190000000001,-124.35817,HUMBOLDT,UNINCORPORATED,-124.3049494,40.581778040000003
6823111,2015,2015-03-05,1203,2015-02-06,1745,609,1203,5,5,4,1203,0,0,0,,0,003,MYRTLE,"WEST AV",384.00,W,N,C,-,N,,,,,,,,,,Y,2,0,1,2,A,-,09,21804,A,N,D,C,A,B,H,-,C,D,0,,,,,Y,,A,01,1,0,0,0,0,0,0,0,0,"- ","- ",,,HUMBOLDT,EUREKA,-124.14922850000001,40.800233149999997
6844445,2014,2015-03-16,1205,2014-09-24,2223,566,1205,3,5,3,1205,0,0,0,,0,001,"FORTUNA BL","SMITH LN",510.00,N,N,C,-,N,,,,,,,,,,Y,2,0,1,2,A,-,05,21650,,N,C,E,A,B,H,-,C,D,0,,,,,Y,Y,A,07,1,0,0,0,0,0,0,0,0,"- ","- ",,,HUMBOLDT,FORTUNA,-124.14667726,40.593437629999997
6928803,2015,2016-11-03,1203,2015-05-15,0216,635,,5,5,4,1203,0,0,0,,0,001,"RT 101","COLE AV",507.00,W,N,A,-,Y,HUM,1,101,-,-,80.160,H,-,N,Y,2,0,3,1,A,-,01,23152,A,N,F,J,A,A,H,-,D,A,0,,,,,Y,Y,A,01,1,2,0,0,0,0,0,0,0,"- ","- ",,,HUMBOLDT,EUREKA,-124.13516140999999,40.805496490000003
6954427,2015,2015-07-02,1201,2015-05-12,2356,599,304,2,5,3,1201,0,0,0,,0,0D5,"G ST","14TH ST",130.00,N,N,B,-,N,,,,,,,,,,Y,2,0,1,2,A,-,01,23152,A,N,C,E,A,A,H,-,C,D,0,,,,,Y,Y,A,01,1,0,0,0,0,0,0,0,0,"- ","- ",40.87397,-124.07383,HUMBOLDT,ARCATA,-124.08415494,40.873131870000002
7012233,2015,2016-11-05,9125,2015-06-23,2230,19093,,2,3,9,1200,0,1,3,,1,060,"RT 299","CHEZEM RD",528.00,W,N,B,-,Y,HUM,1,299,-,R,24.550,H,-,E,Y,2,0,1,1,A,-,08,22107,,N,E,I,A,A,H,-,D,D,0,,,Y,,Y,,C,02,1,0,0,0,0,0,0,0,1,"- ","- ",40.915030000000002,-123.80185,HUMBOLDT,UNINCORPORATED,-123.79652613,40.922787589999999
7170987,2015,2017-02-01,1203,2015-12-30,1837,4027,,3,5,4,1203,0,0,0,,0,001,"RT 101","P ST",10.00,W,N,A,-,Y,HUM,1,101,-,-,79.080,H,-,N,Y,2,0,2,2,D,-,00,,,N,G,B,E,A,H,-,C,D,0,Y,,Y,,Y,,-,"- ",1,0,1,0,1,0,0,0,1,"- ","- ",,,HUMBOLDT,EUREKA,-124.15531578,40.803380330000003
7178351,2016,2016-02-24,1205,2016-01-01,1342,0122,,5,5,3,1205,0,0,0,,0,,"OAK ST",7TH,0.00,,Y,A,-,N,,,,,,,,,,N,2,0,1,2,A,-,11,21950,B,N,G,B,E,A,E,G,A,D,0,Y,,,Y,Y,,N,60,1,0,0,0,1,0,0,0,0,"- ","- ",40.598190000000002,-124.15727,HUMBOLDT,FORTUNA,-95.438241000000005,37.819431000000002
7190558,2016,2016-11-17,1201,2016-09-04,1915,447,108,7,5,3,1201,0,0,0,,0,00N,"H ST","14TH ST",4.00,S,N,A,-,N,,,,,,,,,,N,1,1,0,2,A,-,01,23152,A,N,G,B,B,A,H,-,A,A,0,Y,,,,Y,Y,A,08,0,0,0,1,0,0,0,0,0,"- ","- ",40.873010000000001,-124.0853,HUMBOLDT,ARCATA,-124.08530402,40.872999450000002
7199726,2016,2018-09-27,1203,2016-02-18,1516,490,,4,5,4,1203,0,0,0,,0,001,"RT 101","O ST",2.00,W,N,B,-,Y,HUM,1,101,-,-,79.020,I,5,S,N,1,1,0,2,A,-,10,21950,A,N,G,B,B,A,H,-,A,A,0,Y,,,,Y,,D,22,0,0,0,1,0,0,0,0,0,"- ","- ",,,HUMBOLDT,EUREKA,-124.15649263,40.804103910000002
8023053,2016,2016-04-22,1203,2016-02-13,0056,4039,1203,6,5,4,1203,0,0,0,,0,001,CALIFORNIA,CLARK,68.00,S,N,A,-,N,,,,,,,,,,Y,2,0,1,2,A,-,01,23152,A,N,C,E,A,A,H,-,C,D,0,,,,,Y,Y,A,07,1,0,0,0,0,0,0,0,0,"- ","- ",,,HUMBOLDT,EUREKA,-124.17184225,40.796383319999997
8094314,2016,2016-08-04,1203,2016-06-16,2145,4048,,4,5,4,1203,0,0,0,,0,002,GLEN,HIGHLAND,43.00,S,N,B,-,N,,,,,,,,,,N,2,0,1,2,A,-,11,21954,A,N,G,B,D,A,H,-,C,D,0,Y,,,,Y,,N,60,1,0,0,0,1,0,0,0,0,"- ","- ",,,HUMBOLDT,EUREKA,-124.18317999999999,40.775561940000003
8129417,2016,2016-09-23,1203,2016-08-29,1130,464,,1,5,4,1203,0,0,0,,0,001,"2ND ST","F ST",0.00,,Y,B,-,N,,,,,,,,,,N,2,0,1,2,A,-,05,21202,A,N,D,G,A,A,H,-,A,A,0,,Y,,,Y,,L,04,1,0,0,0,0,0,1,0,0,"- ","- ",,,HUMBOLDT,EUREKA,-124.16660991000001,40.804419959999997
8133700,2016,2016-10-03,1203,2016-01-02,1816,4048,,6,5,4,1203,0,0,0,,0,003,WEST,"COUNTY LN",350.00,N,N,C,-,N,,,,,,,,,,Y,2,0,1,1,A,-,08,22107,,N,F,I,A,B,H,-,C,D,0,,,,,Y,,A,07,1,0,0,0,0,0,0,0,0,"- ","- ",,,HUMBOLDT,EUREKA,,
8152763,2016,2016-10-27,1203,2016-10-08,2340,4033,HUMBO,6,5,4,1203,0,0,0,,0,003,HARRIS,"E ST",3.00,W,N,C,-,N,,,,,,,,,,N,2,0,1,2,A,-,11,21456,B,N,G,B,B,A,H,-,C,A,0,Y,,,,Y,Y,N,60,1,0,0,0,1,0,0,0,0,"- ","- ",,,HUMBOLDT,EUREKA,-124.16470083,40.780439999999999
8167114,2017,2018-03-22,1203,2017-12-14,1751,4044,P53,4,5,4,1203,0,0,0,,0,002,HARRIS,PROSPECT,24.00,E,N,A,-,N,,,,,,,,,,Y,1,1,0,2,A,-,01,23153,A,N,G,B,D,A,H,-,C,A,0,Y,,,,Y,Y,A,07,0,0,0,1,0,0,0,0,0,"- ","- ",40.781700000000001,-124.17809,HUMBOLDT,EUREKA,-124.17885332,40.780549180000001
81856458,2022,2022-09-29,1203,2022-07-28,0718,4107,P10,4,5,4,1203,0,0,0,,0,001,"FOURTH ST","V ST",46.00,W,-,A,-,Y,HUM,,101,,,79.404,H,,L,Y,2,0,1,1,B,-,22,,,N,E,I,A,A,H,-,A,A,0,,,,,Y,,A,07,1,0,0,0,0,0,0,0,0,"- ","- ",40.804679870605469,-124.1492919921875,HUMBOLDT,EUREKA,-124.1492919921875,40.804698944091797
81873505,2022,2022-09-26,1203,2022-09-16,1117,4130,P16,5,5,4,1203,0,0,0,,0,001,"SEVENTH ST","E ST",0.00,,Y,A,-,N,,,,,,,,,,N,2,0,1,2,A,-,06,21951,,N,G,B,B,A,H,-,A,A,0,Y,,,,Y,,A,01,1,0,0,0,1,0,0,0,0,"- ","- ",40.800140380859375,-124.16664886474609,HUMBOLDT,EUREKA,-124.16667175292969,40.800151824951172
81875519,2022,2022-09-28,1203,2022-08-15,1239,4105,P39,1,5,4,1203,0,0,0,,0,002,"W DEL NORTE ST","SUMMER ST",0.00,,Y,A,-,N,,,,,,,,,,N,2,0,1,2,A,-,09,21802,A,N,H,G,A,A,H,-,A,A,0,,Y,,,Y,,A,01,1,0,0,0,0,0,1,0,0,"- ","- ",40.790611267089844,-124.17398834228516,HUMBOLDT,EUREKA,-124.17406463623047,40.790664672851562
81925070,2022,2022-11-23,1203,2022-10-27,2156,4036,P73,4,5,4,1203,0,0,0,,0,003,FAIRWAY,RIDGECREST,220.00,S,-,A,-,N,,,,,,,,,,Y,2,0,2,2,A,-,01,23153,B,F,A,C,A,A,H,-,C,D,0,,,,,Y,Y,A,01,1,0,1,0,0,0,0,0,0,"- ","- ",,,HUMBOLDT,EUREKA,-124.16473388671875,40.763587951660156
81931324,2022,2022-12-01,1203,2022-11-16,2034,4101,P15,3,5,4,1203,0,0,0,,0,001,"US HIGHWAY 101 (BROADWAY ST)","SIXTH ST",302.00,N,-,A,-,Y,HUM,,101,,,77.952,H,,R,N,2,0,1,2,A,-,03,22350,,N,G,B,C,A,H,-,C,D,0,Y,,,,Y,,A,01,1,0,0,0,1,0,0,0,0,"- ","- ",40.800491333007812,-124.17501068115234,HUMBOLDT,EUREKA,-124.17502593994141,40.800491333007812
81936128,2022,2022-12-07,1203,2022-11-23,2353,4086,P37,3,5,4,1203,0,0,0,,0,002,"BROADWAY ST","W HENDERSON ST",0.00,,Y,A,-,N,,,,,,,,,,Y,2,0,2,4,A,-,12,21453,,F,D,C,A,A,H,-,C,A,0,,,,,Y,Y,A,01,1,1,0,0,0,0,0,0,0,"- ","- ",40.782989501953125,-124.18348693847656,HUMBOLDT,EUREKA,-124.18354797363281,40.783123016357422
81983034,2023,2023-01-31,1203,2023-01-24,1831,4130,P53,2,5,4,1203,0,0,0,,0,002,"OCEAN AVE","HENDERSON ST",0.00,,Y,A,-,N,,,,,,,,,,N,2,0,1,2,A,-,10,21950,,F,G,B,B,A,H,-,C,A,0,Y,,,,Y,,A,07,1,0,0,0,1,0,0,0,0,"- ","- ",40.781711578369141,-124.18154907226562,HUMBOLDT,EUREKA,-124.18148040771484,40.781852722167969
81983061,2023,2023-01-31,1203,2023-01-04,1839,4105,P37,3,5,4,1203,0,0,0,,0,002,"W DEL NORTE ST","KOSTER ST",0.00,,Y,B,-,N,,,,,,,,,,N,2,0,1,2,A,-,11,21954,A,N,G,B,D,B,H,-,D,D,0,Y,,,,Y,Y,N,60,1,0,0,0,1,0,0,0,0,"- ","- ",40.7906494140625,-124.17913055419922,HUMBOLDT,EUREKA,-124.17913818359375,40.790691375732422
82000013,2023,2023-02-22,1203,2023-02-04,1210,4136,P20,6,5,4,1203,0,0,0,,0,003,"WEST AVE","MYRTLE AVE",0.00,,Y,B,-,N,,,,,,,,,,N,2,0,1,1,A,-,16,24002,,N,G,B,A,A,H,-,A,A,0,,,,,Y,,A,01,1,0,0,0,0,0,0,0,0,"- ","- ",40.799468994140625,-124.14723968505859,HUMBOLDT,EUREKA,-124.14814758300781,40.799575805664062
82005064,2022,2023-02-28,1203,2022-12-27,1758,4101,HCSO,2,5,4,1203,0,0,0,,0,HCSO,"US HIGHWAY 101","HERRICK AVE",900.00,N,-,B,C,Y,HUM,,101,,,74.962,H,,R,Y,1,1,0,3,A,-,11,21954,A,N,G,B,D,B,H,-,C,D,0,Y,,,,Y,,N,60,0,0,0,1,0,0,0,0,0,"- ","- ",40.76068115234375,-124.18978881835938,HUMBOLDT,EUREKA,-124.18984222412109,40.760669708251953
82018648,2023,2023-03-15,1203,2023-02-22,1209,4076,P32,3,5,4,1203,0,0,0,,0,002,"WABASH ST","A ST",0.00,,Y,A,-,N,,,,,,,,,,Y,2,0,1,2,A,-,09,21802,A,N,A,C,A,A,H,-,A,A,0,,,,,Y,,A,01,1,0,0,0,0,0,0,0,0,"- ","- ",40.791328430175781,-124.17961120605469,HUMBOLDT,EUREKA,-124.17080688476562,40.791492462158203
82099216,2023,2023-06-21,1203,2023-05-31,1129,4139,P64,3,5,4,1203,0,0,0,,0,003,"HODGSON ST","W ST",98.00,W,-,A,-,N,,,,,,,,,,N,2,0,1,2,C,-,18,,,N,C,E,A,A,H,-,A,A,0,,,,,Y,,-,"- ",1,0,0,0,0,0,0,0,0,"- ","- ",40.778789520263672,-124.14443206787109,HUMBOLDT,EUREKA,-124.144775390625,40.778781890869141
82120960,2023,2023-07-19,1203,2023-06-25,"42  ",4068,P39,7,5,4,1203,0,0,0,,0,002,"SUMMER ST","W HAWTHORNE",49.00,S,-,A,-,N,,,,,,,,,,Y,2,0,2,2,A,-,01,23152,,N,E,I,A,A,H,-,C,A,0,,,,,Y,Y,A,01,1,1,0,0,0,0,0,0,0,"- ","- ",40.780490875244141,-124.17414855957031,HUMBOLDT,EUREKA,-124.17407989501953,40.789020538330078
82147362,2023,2023-08-18,1203,2023-07-23,1902,4137,P48,7,5,4,1203,0,0,0,,0,003,"I ST","BUHNE ST",8.00,N,-,A,-,N,,,,,,,,,,Y,2,0,1,2,A,-,12,21453,,N,D,C,A,A,H,-,A,A,0,,,Y,,Y,,A,01,1,0,0,0,0,0,0,0,1,"- ","- ",40.786140441894531,-124.16011810302734,HUMBOLDT,EUREKA,-124.16014099121094,40.786170959472656
82149982,2023,2023-08-22,1203,2023-07-08,"142 ",4101,P15,6,5,4,1203,0,0,0,,0,001,"FOURTH ST","COMMERCIAL ST",0.00,,Y,A,-,Y,HUM,,101," "," ",78.111,H,,L,N,1,1,0,1,A,-,03,22350,,N,C,E,A,A,H,-,C,D,0,,,,,Y,Y,A,01,0,0,0,0,0,0,0,0,0,"- ","- ",40.801750183105469,-124.17350769042969,HUMBOLDT,EUREKA,-124.17351531982422,40.801776885986328
82170365,2023,2023-09-14,1203,2023-08-25,"742 ",4106,P62,5,5,4,1203,0,0,0,,0,003,"H ST","WILLOW ST",95.00,N,-,A,-,N,,,,,,,,,,Y,2,0,1,3,A,-,03,22350,A,N,C,C,A,A,C,-,A,A,0,,,,,Y,,A,01,1,0,0,0,0,0,0,0,0,"- ","- ",40.772819519042969,-124.161376953125,HUMBOLDT,EUREKA,-124.16138458251953,40.773029327392578
82193223,2023,2023-10-06,1203,2023-09-12,1744,4139,P2,2,5,4,1203,0,0,0,,0,001,"S HIGHWAY 101","Y ST",1350.00,S,-,A,-,Y,HUM,,101," "," ",79.848,H,,R,N,2,0,1,3,A,-,08,22107,,N,B,C,A,A,H,-,A,D,0,,,,,Y,,A,07,1,0,0,0,0,0,0,0,0,"- ","- ",40.805370330810547,-124.14109039306641,HUMBOLDT,EUREKA,-124.14100646972656,40.805149078369141
82229149,2023,2023-11-06,1203,2023-09-26,1951,4101,P37,2,5,4,1203,0,0,0,,0,002,"BROADWAY ST","VIGO ST",0.00,,Y,A,-,Y,HUM,,101," "," ",76.758,H,,L,N,1,1,0,2,A,-,11,21954,A,N,G,B,E,A,H,-,C,D,0,Y,,,,Y,Y,N,60,0,0,0,1,0,0,0,0,0,"- ","- ",40.784328460693359,-124.18267059326172,HUMBOLDT,EUREKA,-124.18272399902344,40.784351348876953
82241035,2023,2023-11-20,1203,2023-11-07,"842 ",4136,P38,2,5,4,1203,0,0,0,,0,002,"W DEL NORTE ST","FAIRFIELD ST",0.00,,Y,A,-,N,,,,,,,,,,Y,2,0,2,2,A,-,09,21802,,N,D,C,A,A,H,-,A,A,0,,,,,Y,,A,01,1,1,0,0,0,0,0,0,0,"- ","- ",40.790668487548828,-124.17826080322266,HUMBOLDT,EUREKA,-124.17826843261719,40.790691375732422
82291611,2023,2024-01-19,1203,2023-11-07,1209,4103,,2,5,4,1203,0,0,0,,0,003,"I ST","HENDERSON ST",0.00,,Y,A,-,N,,,,,,,,,,Y,1,1,2,2,A,-,12,21453,A,N,D,C,A,A,H,-,A,A,0,,,,,Y,,D,22,0,0,2,0,0,0,0,0,0,"- ","- ",40.782840728759766,-124.16015625,HUMBOLDT,EUREKA,-124.16017150878906,40.782852172851562
8353935,2017,2017-05-05,1201,2017-03-01,1315,606,304,3,5,3,1201,0,0,0,,0,0DT,"11TH ST","H ST",0.00,,Y,A,-,N,,,,,,,,,,N,2,0,1,2,C,-,18,,,N,G,B,-,A,H,-,A,D,0,Y,,,,Y,,-,"- ",1,0,0,0,1,0,0,0,0,"- ","- ",40.870629999999998,-124.08620000000001,HUMBOLDT,ARCATA,-124.08619994999999,40.870629950000001
84355703,2024,2024-08-15,1203,2024-08-09,"836 ",4044,,5,5,4,1203,0,0,0,,0,003,"HENDERSON ST","K ST",0.00,,Y,B,-,N,,,,,,,,,,Y,2,0,2,2,A,-,01,23153,A,N,D,C,A,A,H,-,A,A,0,,,,,Y,Y,D,22,1,1,0,0,0,0,0,0,0,"- ","- ",40.782840728759766,-124.1578369140625,HUMBOLDT,EUREKA,-124.15789031982422,40.782817840576172
84386946,2024,2024-09-09,1203,2024-07-26,1030,4045,,5,5,4,1203,0,0,0,,0,,"W HENDERSON ST","SPRING ST",244.00,W,-,A,-,N,,,,,,,,,,N,2,0,1,2,A,-,17,21200,,N,H,G,A,A,H,-,A,D,0,,Y,,Y,Y,Y,L,04,1,0,0,0,0,0,1,0,0,"- ","- ",,,HUMBOLDT,EUREKA,-124.17813110351562,40.78302001953125
84449832,2024,2024-10-29,1203,2024-09-27,"757 ",4124,,5,5,4,1203,0,0,0,,0,002,"W HARRIS ST","ELIZABETH ST",30.00,E,-,A,-,N,,,,,,,,,,N,1,1,0,3,A,-,11,21955,,N,G,B,D,A,G,-,A,D,0,Y,,,,Y,,N,60,0,0,0,1,0,0,0,0,0,"- ","- ",40.780498504638672,-124.17687225341797,HUMBOLDT,EUREKA,-124.17689514160156,40.780529022216797
84451146,2024,2024-10-30,1203,2024-08-06,2028,4105,,2,5,4,1203,0,0,0,,0,002,"BROADWAY ST","FOURTEENTH ST",0.00,,Y,A,-,Y,HUM,,101," "," ",77.490,H,,R,Y,2,0,1,3,A,-,12,21453,,N,D,C,A,A,H,-,B,A,0,,,,,Y,,D,22,1,0,0,0,0,0,0,0,0,"- ","- ",40.794120788574219,-124.17682647705078,HUMBOLDT,EUREKA,-124.17680358886719,40.794109344482422
84459008,2024,2024-11-05,1203,2024-10-28,1335,4124,,1,5,4,1203,0,0,0,,0,001,"R ST","FOURTH ST",135.00,N,-,A,-,Y,HUM,,255," "," ",0.084,H,,R,N,2,0,1,2,A,-,09,21804,A,N,H,G,A,A,H,-,A,D,0,,Y,,,Y,,L,04,1,0,0,0,0,0,1,0,0,"- ","- ",40.805118560791016,-124.15371704101562,HUMBOLDT,EUREKA,-124.15362548828125,40.805118560791016
84499712,2024,2024-12-13,1203,2024-10-13,2500,4068,,7,5,4,1203,0,0,0,,0,002,"CALIFORNIA ST","NEW ST",445.00,S,-,A,-,N,,,,,,,,,,Y,2,0,2,1,B,-,22,,,N,E,I,A,A,G,-,D,D,0,,,,,Y,,A,07,1,0,1,0,0,0,0,0,0,"- ","- ",40.773590087890625,-124.17121124267578,HUMBOLDT,EUREKA,-124.17161560058594,40.773609161376953
84625966,2025,2025-03-25,1203,2025-03-13,1630,4171,,4,5,4,1203,0,0,0,,0,0OT,"FIRST ST","EAST CURB PROLONGATION LINE OF C ST",148.00,E,-,A,-,N,,,,,,,,,,N,2,0,1,2,A,-,09,21804,A,N,H,G,A,A,H,-,A,D,0,,Y,,,Y,,A,01,1,0,0,0,0,0,1,0,0,"- ","- ",40.804729461669922,-124.16905975341797,HUMBOLDT,EUREKA,-124.16734313964844,40.805160522460938