CASE_ID,ACCIDENT_YEAR,PROC_DATE,JURIS,COLLISION_DATE,COLLISION_TIME,OFFICER_ID,REPORTING_DISTRICT,DAY_OF_WEEK,CHP_SHIFT,POPULATION,CNTY_CITY_LOC,SPECIAL_COND,BEAT_TYPE,CHP_BEAT_TYPE,CITY_DIVISION_LAPD,CHP_BEAT_CLASS,BEAT_NUMBER,PRIMARY_RD,SECONDARY_RD,DISTANCE,DIRECTION,INTERSECTION,WEATHER_1,WEATHER_2,STATE_HWY_IND,CALTRANS_COUNTY,CALTRANS_DISTRICT,STATE_ROUTE,ROUTE_SUFFIX,POSTMILE_PREFIX,POSTMILE,LOCATION_TYPE,RAMP_INTERSECTION,SIDE_OF_HWY,TOW_AWAY,COLLISION_SEVERITY,NUMBER_KILLED,NUMBER_INJURED,PARTY_COUNT,PRIMARY_COLL_FACTOR,PCF_CODE_OF_VIOL,PCF_VIOL_CATEGORY,PCF_VIOLATION,PCF_VIOL_SUBSECTION,HIT_AND_RUN,TYPE_OF_COLLISION,MVIW,PED_ACTION,ROAD_SURFACE,ROAD_COND_1,ROAD_COND_2,LIGHTING,CONTROL_DEVICE,CHP_ROAD_TYPE,PEDESTRIAN_ACCIDENT,BICYCLE_ACCIDENT,MOTORCYCLE_ACCIDENT,TRUCK_ACCIDENT,NOT_PRIVATE_PROPERTY,ALCOHOL_INVOLVED,STWD_VEHTYPE_AT_FAULT,CHP_VEHTYPE_AT_FAULT,COUNT_SEVERE_INJ,COUNT_VISIBLE_INJ,COUNT_COMPLAINT_PAIN,COUNT_PED_KILLED,COUNT_PED_INJURED,COUNT_BICYCLIST_KILLED,COUNT_BICYCLIST_INJURED,COUNT_MC_KILLED,COUNT_MC_INJURED,PRIMARY_RAMP,SECONDARY_RAMP,LATITUDE,LONGITUDE,COUNTY,CITY,POINT_X,POINT_Y
8465702,2018,2019-04-18,1203,2018-06-21,1334,37,,4,5,4,1203,0,0,0,,0,,"RT 101","W CEDAR ST",50.00,N,N,B,-,Y,HUM,1,101,-,-,77.570,H,-,N,N,1,1,1,3,A,-,08,22107,,N,B,G,F,A,H,-,A,D,0,Y,Y,,Y,Y,,L,04,0,0,1,0,1,1,0,0,0,"- ","- ",40.795230865478516,-124.17591857910156,HUMBOLDT,EUREKA,-124.17620849609375,40.795112609863281
84658917,2024,2025-04-22,1203,2024-12-13,1630,4045,,5,5,4,1203,0,0,0,,0,002,"2710 BROADWAY ST","VIGO ST",193.00,S,-,A,-,N,,,,,,,,,,N,2,0,1,2,A,-,"- ",,,N,G,B,F,A,H,-,A,D,0,Y,,,,Y,,D,22,1,0,0,0,1,0,0,0,0,"- ","- ",40.783660888671875,-124.18357849121094,HUMBOLDT,EUREKA,-124.1829833984375,40.783905029296875
8476744,2017,2017-10-23,1203,2017-10-06,1838,4043,,5,5,4,1203,0,0,0,,0,001,"6TH ST","I ST",6.00,W,N,A,-,N,,,,,,,,,,N,2,0,1,2,A,-,11,21456,B,N,G,B,B,A,H,-,A,A,0,Y,,,,Y,,N,60,1,0,0,0,1,0,0,0,0,"- ","- ",,,HUMBOLDT,EUREKA,-124.16252134,40.80154709
84770938,2025,2025-07-21,1203,2025-05-06,"808 ",4103,,2,5,4,1203,0,0,0,,0,002,"WEST HARRIS",UNION,0.00,,Y,A,-,N,,,,,,,,,,N,1,1,0,2,A,-,05,21650,,N,D,C,A,A,H,-,A,A,0,,Y,,Y,Y,,M,91,0,0,0,0,0,1,0,0,0,"- ","- ",40.780330657958984,-124.17455291748047,HUMBOLDT,EUREKA,-124.17514038085938,40.780502319335938
8501161,2017,2017-12-08,1203,2017-11-17,2154,4039,P56,5,5,4,1203,0,0,0,,0,003,"E ST","HENDERSON ST",0.00,,Y,A,-,N,,,,,,,,,,Y,2,0,2,2,A,-,12,21453,A,N,D,C,A,A,H,-,C,A,0,,,,,Y,,A,01,1,1,0,0,0,0,0,0,0,"- ","- ",,,HUMBOLDT,EUREKA,-124.16465985000001,40.782879889999997
8577883,2018,2018-03-28,1205,2018-01-22,1716,0133,206,1,5,3,1205,0,0,0,,0,,"ROHNERVILLE RD","KENMAR RD",0.00,,Y,A,-,N,,,,,,,,,,N,2,0,1,2,A,-,11,21954,A,N,G,B,D,A,H,-,A,D,0,Y,,,,Y,,N,60,1,0,0,0,1,0,0,0,0,"- ","- ",40.573928833007812,-124.12796020507812,HUMBOLDT,FORTUNA,-124.12799072265625,40.573940277099609
8646949,2018,2018-07-18,1203,2018-05-27,1203,4073,P42,7,5,4,1203,0,0,0,,0,003,"DEL NORTE ST","H ST",0.00,,Y,A,-,N,,,,,,,,,,Y,2,0,1,2,A,-,09,21802,A,N,D,C,A,A,H,-,A,A,0,,,,,Y,,A,01,1,0,0,0,0,0,0,0,0,"- ","- ",40.790481567382812,-124.16130065917969,HUMBOLDT,EUREKA,-124.16124725341797,40.790489196777344
8652212,2018,2018-08-21,1203,2018-06-08,0725,4082,P19,5,5,4,1203,0,0,0,,0,001,"R ST","5TH ST",0.00,,Y,A,-,Y,HUM,1,255,-,-,0.000,I,5,N,N,2,0,1,2,A,-,10,21950,A,N,G,B,B,A,H,-,A,A,0,Y,,,,Y,,D,22,1,0,0,0,1,0,0,0,0,"- ","- ",40.803859710693359,-124.15367889404297,HUMBOLDT,EUREKA,-124.15362548828125,40.803916931152344
8667148,2018,2018-12-18,1203,2018-07-06,1223,4045,P52,5,5,4,1203,0,0,0,,0,002,BROADWAY,BAYSHORE,19.00,N,N,A,-,Y,HUM,1,101,-,-,76.570,H,-,S,N,2,0,2,2,A,-,09,21804,A,N,D,C,A,A,H,-,A,A,0,,,,,Y,,D,82,2,0,0,0,0,0,0,0,0,"- ","- ",40.782051086425781,-124.18515777587891,HUMBOLDT,EUREKA,-124.18437957763672,40.782051086425781
8727092,2018,2019-01-15,1203,2018-10-07,2140,0635,P22,7,5,4,1203,0,0,0,,0,001,"BROADWAY ST","W CLARK ST",175.00,S,N,A,-,Y,HUM,1,101,-,-,77.640,H,-,N,N,2,0,1,2,A,-,03,22350,,N,H,G,A,A,H,-,C,D,0,,Y,,,Y,,A,01,1,0,0,0,0,0,1,0,0,"- ","- ",40.796348571777344,-124.17584228515625,HUMBOLDT,EUREKA,-124.17563629150391,40.796100616455078
8752902,2018,2018-12-21,1201,2018-11-16,1821,631,106,5,5,3,1201,0,0,0,,0,00N,"ALLIANCE RD","STROMBERG AV",0.00,,Y,A,-,N,,,,,,,,,,N,2,0,1,2,A,-,10,21950,,N,G,B,B,A,H,-,D,D,0,Y,,,,Y,,A,07,1,0,0,0,1,0,0,0,0,"- ","- ",40.858379364013672,-124.07277679443359,HUMBOLDT,ARCATA,-124.09007263183594,40.884548187255859
8804874,2018,2019-04-23,1203,2018-01-20,0235,4082,P11,6,5,4,1203,0,0,0,,0,001,"RT 101","COLE AV",861.00,E,N,C,G,Y,HUM,1,101,-,-,80.440,H,-,N,Y,2,0,2,1,A,-,01,23153,A,N,F,A,A,B,H,-,C,D,0,,,,,Y,Y,A,07,2,0,0,0,0,0,0,0,0,"- ","- ",40.804031372070312,-124.12890625,HUMBOLDT,EUREKA,-124.12998199462891,40.8046875
8808712,2019,2020-06-04,1203,2019-09-07,1105,4033,P31,6,5,4,1203,0,0,0,,0,002,BROADWAY,"15TH ST",0.00,,Y,B,-,Y,HUM,1,101,-,-,77.400,I,5,N,Y,2,0,1,2,A,-,09,21804,A,N,D,C,A,A,H,-,A,D,0,,,Y,,Y,,A,01,1,0,0,0,0,0,0,0,1,"- ","- ",40.793109893798828,-124.17714691162109,HUMBOLDT,EUREKA,-124.17747497558594,40.792919158935547
8833167,2019,2019-04-12,1203,2019-03-10,2041,4082,P19,7,5,4,1203,0,0,0,,0,001,"V ST","6TH ST",0.00,,Y,A,-,N,,,,,,,,,,N,2,0,1,2,A,-,10,21950,A,N,G,B,B,-,-,-,-,D,0,Y,,,,Y,,A,01,1,0,0,0,1,0,0,0,0,"- ","- ",40.803050994873047,-124.14933013916016,HUMBOLDT,EUREKA,-124.14938354492188,40.803020477294922
8852383,2019,2019-08-22,1201,2019-03-01,1729,643,309,5,5,3,1201,0,0,0,,0,00S,"G ST","SAMOA BL",0.00,,Y,A,-,Y,HUM,1,255,-,-,8.584,I,5,S,Y,2,0,1,2,A,-,09,21801,A,N,B,C,A,A,H,-,A,A,0,,,Y,,Y,Y,D,22,1,0,0,0,0,0,0,0,1,"- ","- ",40.866958618164062,-124.08643341064453,HUMBOLDT,ARCATA,-124.08647918701172,40.864681243896484
8854200,2019,2019-05-08,1201,2019-03-08,0927,606,303,5,5,3,1201,0,0,0,,0,00S,"11TH ST","H ST",0.00,,Y,A,-,N,,,,,,,,,,N,2,0,1,2,A,-,12,22450,A,N,G,B,D,A,H,-,A,D,0,Y,,,,Y,,N,60,1,0,0,0,1,0,0,0,0,"- ","- ",40.870628356933594,-124.08621978759766,HUMBOLDT,ARCATA,-124.08619689941406,40.870628356933594
8854838,2019,2019-05-03,1203,2019-03-03,2135,4082,P151,7,5,4,1203,0,0,0,,0,0OT,"4TH ST","A ST",0.00,,Y,A,-,N,,,,,,,,,,Y,2,0,1,2,A,-,10,21950,A,N,G,B,B,-,-,-,-,D,0,Y,,,,Y,Y,A,01,1,0,0,0,1,0,0,0,0,"- ","- ",40.802120208740234,-124.17167663574219,HUMBOLDT,EUREKA,-124.26480102539062,40.578868865966797
8902994,2019,2019-07-30,1203,2019-07-04,1527,4036,P161,4,5,4,1203,0,0,0,,0,0OT,"3RD ST","A ST",0.00,,Y,A,-,N,,,,,,,,,,Y,2,0,2,2,A,-,06,21750,A,N,D,C,A,A,H,-,A,D,0,,,Y,,Y,,C,02,1,1,0,0,0,0,0,0,2,"- ","- ",40.802848815917969,-124.17188262939453,HUMBOLDT,EUREKA,-124.17173004150391,40.802871704101562
8922546,2019,2019-09-10,1203,2019-07-30,1825,4077,P16,2,5,4,1203,0,0,0,,0,001,D,4,5.00,W,N,A,-,N,,,,,,,,,,N,2,0,1,2,A,-,17,21657,,N,H,G,A,A,H,-,A,D,0,,Y,,,Y,,L,04,1,0,0,0,0,0,1,0,0,"- ","- ",40.80316162109375,-124.16210174560547,HUMBOLDT,EUREKA,-124.08415222167969,40.864170074462891
8926892,2019,2019-08-28,1203,2019-01-20,0235,4082,P11,7,5,4,1203,0,0,0,,0,001,"RT 101","COLE AV",861.00,E,N,C,G,N,,,,,,,,,,Y,2,0,2,1,A,-,01,23153,A,N,F,A,A,B,H,-,C,D,0,,,,,Y,Y,A,07,2,0,0,0,0,0,0,0,0,"- ","- ",,,HUMBOLDT,EUREKA,-124.13025665283203,40.804718017578125
8928132,2019,2019-09-04,1203,2019-06-26,0831,0460,P62,3,5,4,1203,0,0,0,,0,003,"E ST",COOPER,13.00,N,N,A,-,N,,,,,,,,,,N,2,0,2,2,A,-,03,22350,,N,C,C,A,A,A,-,A,D,0,,,Y,,Y,,C,02,1,1,0,0,0,0,0,0,2,"- ","- ",40.775768280029297,-124.16470336914062,HUMBOLDT,EUREKA,-124.16472625732422,40.775794982910156
8949795,2019,2019-10-07,1203,2019-09-14,2047,4075,P31,6,5,4,1203,0,0,0,,0,002,BROADWAY,"WEST WABASH AV",225.00,N,N,A,-,N,,,101,,,,,,,Y,2,0,1,2,A,-,11,21954,A,N,G,B,D,A,H,-,C,A,0,Y,,,,Y,Y,N,60,1,0,0,0,1,0,0,0,0,"- ","- ",40.791938781738281,-124.17784881591797,HUMBOLDT,EUREKA,-124.17799377441406,40.792018890380859
8986808,2019,2019-12-04,1201,2019-09-07,1733,599,302,6,5,3,1201,0,0,0,,0,00S,"ALLIANCE RD","15TH ST",0.00,,Y,B,-,N,,,,,,,,,,Y,2,0,1,2,A,-,01,23153,A,N,G,B,B,A,H,-,A,D,0,Y,,,,Y,Y,A,07,1,0,0,0,1,0,0,0,0,"- ","- ",40.874801635742188,-124.09021759033203,HUMBOLDT,ARCATA,-124.09028625488281,40.87493896484375
90005164,2015,2015-10-19,9126,2015-07-12,2120,020592,,7,2,9,1200,0,2,4,,1,006,"ALDERPOINT ROAD","WALLAN ROAD",1056.00,E,N,A,-,N,,,,,,,,,,Y,2,0,1,1,A,-,08,22107,,N,F,A,A,A,H,-,D,D,0,,,,,Y,,D,22,1,0,0,0,0,0,0,0,0,"- ","- ",,,HUMBOLDT,UNINCORPORATED,-123.78498858,40.110032840000002
90011111,2015,2015-10-19,9125,2015-08-14,2230,020361,,5,3,9,1200,0,1,3,,1,062,SR-96,"TISHTANG CAMP GROUND",5808.00,S,N,A,-,Y,,,96,,,,,,,Y,2,0,3,1,A,-,08,22107,,N,E,I,A,A,H,-,D,D,0,,,,,Y,,A,01,1,0,2,0,0,0,0,0,0,"- ","- ",41.010150000000003,-123.64413999999999,HUMBOLDT,UNINCORPORATED,-123.64414240000001,41.010200849999997
90013076,2015,2015-10-19,9125,2015-08-14,1310,020946,,5,1,9,1200,0,1,2,,2,045,"US-101 SOUTHBOUND","DAVIS ST",2429.00,N,N,A,-,Y,,,,,,,,,,N,2,0,2,1,A,-,08,22107,,N,E,I,A,A,H,-,A,D,0,,,Y,,Y,,C,02,1,1,0,0,0,0,0,0,2,"- ","- ",40.504620000000003,-124.10439,HUMBOLDT,UNINCORPORATED,-124.10104,40.50309
90014992,2015,2015-10-19,9125,2015-08-13,2330,021025,,4,3,9,1200,0,1,2,,2,044,"US-101 N/B","12TH ST OVER CROSSING",300.00,S,N,A,-,Y,,,101,,,,,,N,N,2,0,1,2,A,-,11,21954,A,N,G,B,E,A,H,-,D,D,0,Y,,,,Y,,N,60,1,0,0,0,1,0,0,0,0,"- ","- ",40.588299999999997,-124.15541,HUMBOLDT,UNINCORPORATED,-124.155474,40.588242280000003
90016936,2015,2015-10-19,9125,2015-08-28,1235,018172,,5,1,9,1200,0,1,2,,2,018,"US-101 S/B","6TH AVE",3168.00,N,N,B,-,Y,,,101,,,,,,S,Y,2,0,1,1,A,-,08,22107,,N,E,I,A,A,H,-,A,D,0,,,,,Y,,A,01,1,0,0,0,0,0,0,0,0,"- ","- ",41.043469999999999,-124.11588,HUMBOLDT,UNINCORPORATED,-124.11603587,41.043360890000002
90017542,2015,2015-10-19,9125,2015-09-02,1045,019243,,3,1,9,1200,0,3,5,,2,006,"RED CAP RD",SR-96,3696.00,S,N,A,-,N,,,,,,,,,,Y,2,0,1,1,A,-,01,23152,A,N,E,I,A,A,H,-,A,D,0,,,,,Y,Y,D,22,1,0,0,0,0,0,0,0,0,"- ","- ",41.298200000000001,-123.54207,HUMBOLDT,UNINCORPORATED,-123.54257746,41.297770849999999
90025861,2015,2015-10-19,9125,2015-09-19,0200,019948,,6,3,9,1200,0,1,2,,1,024,"US-101 NORTHBOUND","JACOBS AVE",1056.00,N,N,A,-,Y,,,101,,,,,,N,Y,2,0,1,2,A,-,11,21954,A,N,G,B,E,A,H,-,D,A,0,Y,,,,Y,Y,N,60,1,0,0,0,1,0,0,0,0,"- ","- ",40.807980000000001,-124.11721,HUMBOLDT,UNINCORPORATED,-124.11720412,40.807968580000001
90029579,2015,2015-10-19,9125,2015-09-16,1250,021025,,3,1,9,1200,0,1,3,,1,052,SR-169,"BALD HILLS RD",528.00,N,N,B,C,Y,,,169,,,,,,,Y,2,0,1,1,A,-,03,22350,,N,E,I,A,B,H,-,A,D,0,,,,,Y,,A,07,1,0,0,0,0,0,0,0,0,"- ","- ",41.210470000000001,-123.75732000000001,HUMBOLDT,UNINCORPORATED,-123.75728707,41.210490489999998
90040258,2015,2016-11-21,9125,2015-10-06,1412,011799,,2,2,9,1200,0,1,2,,2,019,"US 101 N/B","SCHOOL RD",3696.00,S,N,A,-,Y,,,,,,,,,,Y,2,0,4,4,A,-,08,22107,,F,D,D,A,A,H,-,A,D,0,,,,,Y,,A,01,2,0,2,0,0,0,0,0,0,"- ","- ",40.925930000000001,-124.10944000000001,HUMBOLDT,UNINCORPORATED,-124.10893704999999,40.925679850000002
90044324,2015,2015-11-04,9125,2015-09-13,1915,018064,,7,2,9,1200,0,1,2,,2,016,"US-101 S/B (REDWOOD HIGHWAY)","NEWTON B DRURY SCENIC PKY",15893.00,N,N,A,-,Y,,,101,,,,,,S,Y,1,1,0,1,A,-,08,22107,,N,E,I,A,A,H,-,A,D,0,,,,,Y,,A,01,0,0,0,0,0,0,0,0,0,"- ","- ",41.407409999999999,-124.00234,HUMBOLDT,UNINCORPORATED,-124.00226565,41.407477190000002
90051179,2015,2015-11-16,9126,2015-10-29,1940,020592,,4,2,9,1200,0,1,2,,2,044,"US-101 SOUTHBOUND","DEAN CREEK ROAD",1584.00,N,N,A,-,Y,,,101,,,,,,S,Y,2,0,2,2,A,-,03,22350,,N,D,C,A,A,H,-,D,D,0,,,,,Y,,A,01,1,0,1,0,0,0,0,0,0,"- ","- ",40.146639999999998,-123.80231000000001,HUMBOLDT,UNINCORPORATED,-123.80232837,40.146661090000002
90057443,2015,2015-11-23,9125,2015-11-02,1420,016241,,1,2,9,1200,0,1,2,,2,045,"US 101 SOUTHBOUND","METROPOLITAN HEIGHTS ROAD",1901.00,S,N,B,-,Y,,,,,,,,,,Y,2,0,4,6,A,-,03,22350,,N,C,E,E,A,C,H,A,D,0,Y,,,,Y,,D,22,1,2,1,0,1,0,0,0,0,"- ","- ",40.520380000000003,-124.14547,HUMBOLDT,UNINCORPORATED,-124.1367851,40.517107629999998
90066601,2015,2015-12-07,9125,2015-09-27,0205,020491,,7,3,9,1200,0,1,2,,2,030,"US-101 S/B","HERRICK AVENUE",2103.00,S,N,A,-,Y,,,,,,,,,,N,1,1,0,2,A,-,11,21954,A,N,G,B,E,A,H,-,D,D,0,Y,,,,Y,,N,60,0,0,0,1,0,0,0,0,0,"- ","- ",40.454999999999998,-124.1134,HUMBOLDT,UNINCORPORATED,-124.19235635,40.752523519999997
90078787,2015,2015-12-21,9125,2015-11-27,0135,020707,,5,3,9,1200,0,1,3,,1,047,SR-36,"CUMMINGS CREEK RD",1000.00,W,N,A,-,Y,,,36,,,,,,,Y,2,0,1,1,A,-,01,23152,F,N,E,I,A,A,H,-,D,D,0,,,,,Y,Y,A,01,1,0,0,0,0,0,0,0,0,"- ","- ",40.51482,-124.01879,HUMBOLDT,UNINCORPORATED,-124.01883899000001,40.51478762
90081249,2015,2015-12-23,9125,2015-12-15,1712,015572,,2,2,9,1200,0,1,2,,2,030,"US-101 S/B, HOOKTON ROAD OFF RAMP","HOOKTON ROAD O/C",528.00,S,N,A,-,Y,,,101,,,,R,,S,Y,2,0,1,1,C,-,18,,,N,E,I,A,A,H,-,A,D,0,,,,,Y,,-,"- ",1,0,0,0,0,0,0,0,0,"- ","- ",40.669870000000003,-124.20234000000001,HUMBOLDT,UNINCORPORATED,-124.20234000000001,40.669870000000003
90085761,2015,2016-01-05,9126,2015-11-17,1120,021168,,2,1,9,1200,0,1,2,,2,022,"US HIGHWAY 101","BARKDULL RD",4224.00,S,N,B,-,Y,,,,,,,,,,Y,1,1,0,1,A,-,08,22107,,N,E,I,A,B,H,-,A,D,0,,,,Y,Y,,G,25,0,0,0,0,0,0,0,0,0,"- ","- ",40.1509,-123.35084999999999,HUMBOLDT,UNINCORPORATED,-123.98248057000001,40.424590969999997
90099465,2016,2016-01-21,9126,2016-01-15,0920,021168,,5,1,9,1200,0,3,5,,2,444,"DYERVILLE LOOP ROAD","ELK CREEK ROAD",51.00,N,N,B,-,N,,,,,,,,,,N,2,0,1,1,A,-,08,22107,,N,F,A,A,B,H,-,A,D,0,,,Y,,Y,,C,02,1,0,0,0,0,0,0,0,1,"- ","- ",,,HUMBOLDT,UNINCORPORATED,-123.81928313,40.294246569999999
90099557,2015,2016-01-21,9125,2015-12-30,2250,020946,,3,3,9,1200,0,1,2,,2,017,US-101,"NEWTON B DRURY SCENIC PKY",4118.00,S,N,A,-,Y,,,101,,,,,,,Y,2,0,2,1,A,-,08,22107,,N,E,I,A,B,H,-,D,D,0,,,,,Y,,D,22,1,0,1,0,0,0,0,0,0,"- ","- ",41.338320000000003,-124.03176999999999,HUMBOLDT,UNINCORPORATED,-124.03173964,41.338361429999999
90130850,2016,2016-03-07,9125,2016-02-27,1837,020748,,6,2,9,1200,0,2,4,,1,023,"WALNUT ST","HOLLY ST",114.00,N,N,A,-,N,,,,,,,,,,Y,2,0,2,2,A,-,01,23152,A,N,A,C,A,A,H,-,C,D,0,,,,,Y,Y,A,07,1,0,1,0,0,0,0,0,0,"- ","- ",40.764229999999998,-124.14530000000001,HUMBOLDT,UNINCORPORATED,-124.14526546,40.764297939999999
90133426,2016,2016-03-10,9126,2016-02-21,0343,021168,,7,3,9,1200,0,1,3,,1,020,SR-254,"ELINOR RD",388.00,S,N,B,-,Y,,,254,,,,,,,Y,2,0,1,1,A,-,01,23152,A,N,E,I,A,B,H,-,D,D,0,,,,,Y,Y,D,22,1,0,0,0,0,0,0,0,0,"- ","- ",40.441420000000001,-124.03071,HUMBOLDT,UNINCORPORATED,-124.03070065999999,40.441321950000003
90138256,2016,2016-03-16,9125,2016-03-10,1435,020696,,4,2,9,1200,0,1,3,,1,048,SR-36,"BUCK MOUNTAIN RD",1500.00,E,N,B,-,Y,,,36,,,,,,,Y,2,0,1,1,A,-,08,22107,,N,F,A,A,B,H,-,A,D,0,,,,,Y,,A,07,1,0,0,0,0,0,0,0,0,"- ","- ",40.49004,-123.62551000000001,HUMBOLDT,UNINCORPORATED,-123.62548059,40.490024300000002
90146171,2016,2016-03-28,9125,2016-03-20,1330,021025,,7,1,9,1200,0,1,3,,1,061,SR-299,"TITLOW HILL RD",6864.00,E,N,B,C,Y,,,299,,,,,,,Y,2,0,3,2,A,-,03,22350,,N,A,C,A,B,H,-,A,A,0,,,,,Y,,A,01,1,1,1,0,0,0,0,0,0,"- ","- ",40.906080000000003,-123.75123000000001,HUMBOLDT,UNINCORPORATED,-123.75124559,40.906184289999999
90159136,2016,2016-04-18,9125,2016-03-31,1305,021115,,4,1,9,1200,0,3,5,,2,005,"SHOEMAKER RD",SR-96,1214.00,N,N,A,-,N,,,,,,,,,,Y,2,0,1,1,A,-,03,22350,,F,E,I,A,A,H,-,A,D,0,,,,,Y,,D,22,1,0,0,0,0,0,0,0,0,"- ","- ",41.124389999999998,-123.39279000000001,HUMBOLDT,UNINCORPORATED,-123.65763903,41.023516309999998
90161832,2016,2016-04-20,9126,2016-04-16,2200,020512,,6,3,9,1200,0,2,4,,1,002,"BRICELAND THORN ROAD","FERREN ROAD",750.00,E,N,A,-,N,,,,,,,,,,Y,2,0,1,1,A,-,08,22107,,N,E,I,A,A,H,-,D,D,0,,,,,Y,,A,07,1,0,0,0,0,0,0,0,0,"- ","- ",40.110509999999998,-123.89156,HUMBOLDT,UNINCORPORATED,-123.89210343000001,40.110498890000002
90162459,2016,2016-04-21,9125,2016-04-15,1810,020491,,5,2,9,1200,0,3,5,,2,002,"WEST END ROAD","PIPELINE ROAD",1587.00,E,N,A,-,Y,,,,,,,,,,Y,2,0,1,1,A,-,01,23152,A,N,E,I,A,A,H,-,A,D,0,,,,,Y,Y,D,22,1,0,0,0,0,0,0,0,0,"- ","- ",40.907580000000003,-124.06,HUMBOLDT,UNINCORPORATED,-124.05346234,40.906720759999999
90172855,2016,2016-05-04,9126,2016-02-25,0251,020975,,4,3,9,1200,0,1,2,,2,044,"US-101 S/B","SOUTH FORK EEL RIVER BRIDGE #4-65",5597.00,N,N,A,-,Y,,,101,,,,,,S,Y,2,0,2,3,C,-,18,,,N,A,C,A,A,C,-,D,D,0,,,,,Y,,-,"- ",2,0,0,0,0,0,0,0,0,"- ","- ",40.197319999999998,-123.77585999999999,HUMBOLDT,UNINCORPORATED,-123.77586549,40.197316370000003
90172859,2016,2016-05-04,9126,2016-02-25,0250,020975,,4,3,9,1200,0,1,2,,2,044,"US-101 S/B","SOUTH FORK EEL RIVER BRIDGE #4-65",5808.00,N,N,A,-,Y,,,101,,,,,,S,Y,1,1,0,1,A,-,01,23152,A,N,E,I,A,A,H,-,D,D,0,,,,,Y,Y,A,01,0,0,0,0,0,0,0,0,0,"- ","- ",40.198259999999998,-123.77645,HUMBOLDT,UNINCORPORATED,-123.77644626,40.198262290000002
90182477,2016,2016-05-18,9126,2016-05-17,0040,021109,,2,3,9,1200,0,2,4,,1,006,"ALDERPOINT ROAD","BELL SPRINGS RD",1584.00,E,N,A,-,N,,,,,,,,,,Y,2,0,1,1,A,-,08,22107,,N,E,I,A,A,H,-,D,D,0,,,,,Y,,A,01,1,0,0,0,0,0,0,0,0,"- ","- ",,,HUMBOLDT,UNINCORPORATED,-123.68438954,40.102392559999998
90187050,2016,2016-05-25,9125,2016-05-11,2100,020502,,3,2,9,1200,0,1,2,,2,044,"US-101 N/B","SINGLEY HILL ROAD",2640.00,N,N,B,-,Y,,,101,,,,,,N,Y,2,0,1,1,A,-,01,23152,A,N,E,I,A,A,H,-,D,D,0,,,,,Y,Y,A,07,1,0,0,0,0,0,0,0,0,"- ","- ",40.62529,-124.21590999999999,HUMBOLDT,UNINCORPORATED,-124.21601416,40.625238930000002
90203520,2016,2016-06-16,9125,2016-06-03,1234,019116,,5,1,9,1200,0,3,5,,2,002,"WEST END RD.","HATCHERY RD.",5808.00,W,N,A,-,N,,,,,,,,,,Y,2,0,1,1,A,-,01,23152,A,N,E,I,A,A,H,-,A,D,0,,,,,Y,Y,A,07,1,0,0,0,0,0,0,0,0,"- ","- ",40.876489999999997,-124.01152,HUMBOLDT,UNINCORPORATED,-124.01072385000001,40.875836749999998
9020949,2019,2020-06-04,1203,2019-11-29,0028,4043,P19,5,5,4,1203,0,0,0,,0,001,"RT 101","S ST",114.00,E,N,A,-,Y,HUM,1,101,-,-,79.250,H,-,N,N,2,0,1,2,A,-,11,21954,A,F,G,B,D,A,H,-,C,D,0,Y,,,,Y,Y,N,60,1,0,0,0,1,0,0,0,0,"- ","- ",40.803878784179688,-124.15148162841797,HUMBOLDT,EUREKA,-124.15219116210938,40.803863525390625
90213028,2016,2016-06-30,9126,2016-06-15,1245,019456,,3,1,9,1200,0,1,3,,1,020,"STATE ROUTE 254","PESULA RD",8976.00,S,N,B,-,Y,,,254,,,,,,,Y,2,0,3,1,A,-,01,23152,E,N,E,I,A,A,H,-,A,D,0,,,,,Y,,A,01,3,0,0,0,0,0,0,0,0,"- ","- ",40.280880000000003,-123.88897,HUMBOLDT,UNINCORPORATED,-123.88904147,40.280885640000001
90224210,2016,2016-07-18,9125,2016-07-03,2115,020748,,7,2,9,1200,0,1,2,,1,024,"US-101 N/B","INDIANOLA CUTOFF",0.00,,Y,A,-,Y,,,101,,,,,,N,N,2,0,1,2,A,-,11,21950,B,N,G,B,E,A,H,-,C,D,0,Y,,,,Y,,N,60,1,0,0,0,1,0,0,0,0,"- ","- ",40.82038,-124.09317,HUMBOLDT,UNINCORPORATED,-124.09313992,40.820318780000001
90234763,2016,2016-08-30,9125,2016-05-14,1355,020895,,6,1,9,1200,0,1,3,,1,048,"STATE ROUTE 36","BERNARD A. HEMENWAY MEMORIAL BRIDGE",528.00,W,N,B,-,Y,,,36,,,,,,,Y,1,1,0,1,A,-,01,23152,A,N,E,I,A,B,H,-,A,D,0,,,,,Y,Y,D,22,0,0,0,0,0,0,0,0,0,"- ","- ",40.477319999999999,-123.96335000000001,HUMBOLDT,UNINCORPORATED,-123.96340219,40.477321189999998
90240024,2016,2016-08-08,9125,2016-07-22,1645,020895,,5,2,9,1200,0,1,3,,1,047,SR-36,"13 MILE BRIDGE",1214.00,W,N,A,-,Y,,,,,,,,,,Y,2,0,2,2,A,-,08,22105,,N,D,C,A,A,H,-,A,D,0,,,,,Y,,A,01,2,0,0,0,0,0,0,0,0,"- ","- ",,,HUMBOLDT,UNINCORPORATED,,