CASE_ID,ACCIDENT_YEAR,PROC_DATE,JURIS,COLLISION_DATE,COLLISION_TIME,OFFICER_ID,REPORTING_DISTRICT,DAY_OF_WEEK,CHP_SHIFT,POPULATION,CNTY_CITY_LOC,SPECIAL_COND,BEAT_TYPE,CHP_BEAT_TYPE,CITY_DIVISION_LAPD,CHP_BEAT_CLASS,BEAT_NUMBER,PRIMARY_RD,SECONDARY_RD,DISTANCE,DIRECTION,INTERSECTION,WEATHER_1,WEATHER_2,STATE_HWY_IND,CALTRANS_COUNTY,CALTRANS_DISTRICT,STATE_ROUTE,ROUTE_SUFFIX,POSTMILE_PREFIX,POSTMILE,LOCATION_TYPE,RAMP_INTERSECTION,SIDE_OF_HWY,TOW_AWAY,COLLISION_SEVERITY,NUMBER_KILLED,NUMBER_INJURED,PARTY_COUNT,PRIMARY_COLL_FACTOR,PCF_CODE_OF_VIOL,PCF_VIOL_CATEGORY,PCF_VIOLATION,PCF_VIOL_SUBSECTION,HIT_AND_RUN,TYPE_OF_COLLISION,MVIW,PED_ACTION,ROAD_SURFACE,ROAD_COND_1,ROAD_COND_2,LIGHTING,CONTROL_DEVICE,CHP_ROAD_TYPE,PEDESTRIAN_ACCIDENT,BICYCLE_ACCIDENT,MOTORCYCLE_ACCIDENT,TRUCK_ACCIDENT,NOT_PRIVATE_PROPERTY,ALCOHOL_INVOLVED,STWD_VEHTYPE_AT_FAULT,CHP_VEHTYPE_AT_FAULT,COUNT_SEVERE_INJ,COUNT_VISIBLE_INJ,COUNT_COMPLAINT_PAIN,COUNT_PED_KILLED,COUNT_PED_INJURED,COUNT_BICYCLIST_KILLED,COUNT_BICYCLIST_INJURED,COUNT_MC_KILLED,COUNT_MC_INJURED,PRIMARY_RAMP,SECONDARY_RAMP,LATITUDE,LONGITUDE,COUNTY,CITY,POINT_X,POINT_Y
90240703,2016,2016-08-09,9126,2016-07-30,1410,020975,,6,2,9,1200,0,2,4,,1,002,"BRICELAND THORN ROAD","MARION LN",4224.00,W,N,A,-,N,,,,,,,,,,N,2,0,1,1,A,-,03,22350,,N,F,A,A,A,H,-,A,D,0,,,Y,,Y,,C,02,1,0,0,0,0,0,0,0,1,"- ","- ",40.089260000000003,-123.93916,HUMBOLDT,UNINCORPORATED,-123.94114574,40.088314169999997
90245115,2016,2016-08-15,9126,2016-07-22,1440,019456,,5,2,9,1200,0,3,5,,2,222,"OLD BRICELAND ROAD","GRETTA LANE",11616.00,S,N,A,-,N,,,,,,,,,,Y,2,0,1,1,A,-,08,22107,,N,F,A,A,A,H,-,A,D,0,,,,,Y,,D,23,1,0,0,0,0,0,0,0,0,"- ","- ",40.106529999999999,-123.86584000000001,HUMBOLDT,UNINCORPORATED,-123.86619954,40.107002080000001
90247464,2016,2016-08-24,9126,2016-08-08,1845,021081,,1,2,9,1200,0,1,3,,2,030,SR-271,"OLD MILL ROAD",1056.00,N,N,A,-,Y,,,,,,,,,,Y,2,0,1,1,A,-,08,22107,,N,E,I,A,A,H,-,A,D,0,,,,,Y,,D,22,1,0,0,0,0,0,0,0,0,"- ","- ",39.966410000000003,-123.79953,HUMBOLDT,UNINCORPORATED,,
90248256,2016,2016-08-19,9126,2016-07-13,2226,021216,,3,3,9,1200,0,1,2,,2,044,"US-101 N/B","HOOKER CREEK ROAD",8448.00,S,N,A,-,Y,,,101,,,,,,N,Y,2,0,1,1,A,-,01,23152,A,N,E,I,A,A,H,-,C,D,0,,,,,Y,Y,A,01,1,0,0,0,0,0,0,0,0,"- ","- ",40.16254,-123.78731999999999,HUMBOLDT,UNINCORPORATED,-123.78737202000001,40.162601119999998
90254318,2016,2016-08-26,9126,2016-08-13,1710,021216,,6,2,9,1200,0,3,5,,2,444,"DYERVILLE LOOP ROAD",SR-254,11088.00,E,N,A,-,N,,,,,,,,,,Y,2,0,1,1,A,-,03,22350,,N,E,I,A,A,H,-,A,D,0,,,,,Y,,A,07,1,0,0,0,0,0,0,0,0,"- ","- ",40.335830000000001,-123.905,HUMBOLDT,UNINCORPORATED,-123.90504420000001,40.335499630000001
90258258,2016,2016-08-31,9126,2016-08-20,1122,020988,,6,1,9,1200,0,3,5,,2,222,"NEWTON ROAD","SR 254 (AVENUE OF THE GIANTS)",5.70,E,N,A,-,Y,,,,,,,,,,Y,2,0,1,2,A,-,06,21750,,N,D,C,A,A,H,-,A,D,0,,,Y,,Y,,C,02,1,0,0,0,0,0,0,0,1,"- ","- ",40.195169999999997,-123.59559,HUMBOLDT,UNINCORPORATED,,
90264252,2016,2016-09-08,9125,2016-08-29,1830,020748,,1,2,9,1200,0,3,5,,2,002,SR-299,"KORBEL DR",2640.00,E,N,A,-,Y,,,299,,,,,,,Y,2,0,1,1,A,-,01,23152,A,N,E,I,A,A,H,-,A,D,0,,,,,Y,Y,A,07,1,0,0,0,0,0,0,0,0,"- ","- ",40.919780000000003,-123.91186,HUMBOLDT,UNINCORPORATED,-123.91189251,40.919816449999999
90270558,2016,2016-09-19,9126,2016-09-08,1430,021295,,4,2,9,1200,0,1,3,,1,020,SR-254,"PHILLIPSVILLE ROAD SOUTH END",528.00,N,N,A,-,Y,,,254,,,,,,,Y,2,0,1,1,A,-,08,22107,,N,F,A,A,A,H,-,A,D,0,,,Y,,Y,,C,02,1,0,0,0,0,0,0,0,1,"- ","- ",40.208950000000002,-123.78619999999999,HUMBOLDT,UNINCORPORATED,-123.78608093,40.208992739999999
90275577,2016,2016-09-26,9125,2016-08-25,1825,020946,,4,2,9,1200,0,1,3,,1,048,SR-36,"BURR VALLEY RD",528.00,W,N,A,-,Y,,,36,,,,,,,Y,2,0,1,1,A,-,08,22107,,F,E,I,A,A,H,-,A,D,0,,,,,Y,Y,A,01,1,0,0,0,0,0,0,0,0,"- ","- ",40.46913,-123.65322999999999,HUMBOLDT,UNINCORPORATED,-123.65308397,40.469255650000001
90290166,2016,2016-10-12,9126,2016-06-29,1515,021219,,3,2,9,1200,0,2,4,,1,006,"ALDERPOINT ROAD","PRIVATE DRIVEWAY 15750 ALDERPOINT ROAD",528.00,E,N,A,-,N,,,,,,,,,,Y,1,1,0,2,A,-,01,23152,E,N,F,A,A,A,H,-,A,D,0,,,Y,,Y,,C,02,0,0,0,0,0,0,0,1,0,"- ","- ",40.158549999999998,-123.61708,HUMBOLDT,UNINCORPORATED,-123.61708,40.158549999999998
90306795,2016,2017-05-03,9125,2016-10-08,0510,020464,,6,3,9,1200,0,3,5,,2,001,"AIRPORT ROAD","CENTRAL AVE",1290.00,W,N,B,E,N,,,,,,,,,,N,1,1,0,2,A,-,11,21956,,N,G,B,E,B,H,-,D,D,0,Y,,,,Y,,N,60,0,0,0,1,0,0,0,0,0,"- ","- ",40.966299999999997,-124.105,HUMBOLDT,UNINCORPORATED,-124.10453901,40.966001050000003
90326391,2016,2016-11-21,9125,2016-11-01,0852,021025,,2,1,9,1200,0,1,3,,1,052,SR-169,"SPEY-GEE POINT LANE",166.00,E,N,B,-,Y,,,169,,,,,,,Y,2,0,1,1,A,-,08,22107,,N,E,I,A,B,H,-,A,A,0,,,,,Y,,D,22,1,0,0,0,0,0,0,0,0,"- ","- ",41.19455,-123.71915,HUMBOLDT,UNINCORPORATED,-123.71916155,41.194609550000003
90335959,2016,2016-12-02,9126,2016-12-01,1635,021329,,4,2,9,1200,0,2,4,,1,008,"REDWOOD DRIVE","WEST COAST ROAD",528.00,N,N,A,-,N,,,,,,,,,,Y,2,0,1,2,A,-,09,21804,A,N,D,C,A,A,H,-,A,D,0,,,Y,,Y,,D,22,1,0,0,0,0,0,0,0,1,"- ","- ",40.116,-123.81635,HUMBOLDT,UNINCORPORATED,-123.81601286999999,40.115968119999998
90338309,2016,2016-12-06,9125,2016-11-27,0935,020696,,7,1,9,1200,0,1,2,,2,044,"FERNBRIDGE DR. ON-RAMP TO S/B US-101","FERNBRIDGE DR",863.00,S,N,B,-,Y,,,,,,,,,,N,2,0,1,2,A,-,08,22107,,N,C,G,A,B,H,-,A,D,0,,Y,,,Y,,L,04,1,0,0,0,0,0,1,0,0,"- ","- ",40.610639999999997,-124.18951,HUMBOLDT,UNINCORPORATED,,
90347873,2016,2016-12-19,9125,2016-11-23,0215,013551,,3,3,9,1200,0,1,2,,2,045,"US-101 N/B","ELL RIVER DRIDGE",35.00,N,N,C,-,Y,,,101,,,,,,N,Y,2,0,1,2,C,-,18,,,N,E,C,A,B,H,-,D,D,0,,,,,Y,,-,"- ",1,0,0,0,0,0,0,0,0,"- ","- ",40.489289999999997,-124.09824,HUMBOLDT,UNINCORPORATED,-124.09810345,40.489251629999998
90347929,2016,2016-12-19,9125,2016-12-01,1035,019243,,4,1,9,1200,0,1,2,,2,018,US-101,"REDWOOD TRAILS CIR",1584.00,N,N,A,-,Y,,,101,,,,,,,Y,2,0,1,1,A,-,08,22107,,N,E,I,A,B,H,-,A,D,0,,,,,Y,,A,01,1,0,0,0,0,0,0,0,0,"- ","- ",41.22936,-124.08417,HUMBOLDT,UNINCORPORATED,-124.08415496000001,41.22935193
90377178,2017,2017-01-25,9125,2017-01-11,0233,021514,,3,3,9,1200,0,3,5,,2,002,"RIDGEWOOD DRIVE","WALNUT DRIVE",25.00,S,N,C,-,N,,,,,,,,,,Y,2,0,1,1,A,-,01,23152,F,N,E,I,A,B,H,-,C,D,0,,,,,Y,,A,01,1,0,0,0,0,0,0,0,0,"- ","- ",40.73359,-124.15081000000001,HUMBOLDT,UNINCORPORATED,-124.15106303,40.733673140000001
90417844,2017,2017-03-22,9125,2017-03-14,1121,020603,,2,1,9,1200,0,1,3,,1,047,SR-36,"A STREET",600.00,W,N,A,-,Y,,,36,,,,,,,Y,2,0,1,1,A,-,01,23152,F,N,E,I,A,A,H,-,A,D,0,,,Y,,Y,,C,02,1,0,0,0,0,0,0,0,1,"- ","- ",40.542470000000002,-124.10221,HUMBOLDT,UNINCORPORATED,-124.10221244,40.542479129999997
90423795,2017,2018-03-07,9125,2017-03-05,1845,021115,,7,2,9,1200,0,1,3,,1,065,SR-96,"EAST PERCH CREEK RD",11616.00,E,N,C,D,Y,,,96,,,,,,,Y,1,3,1,1,A,-,01,23152,A,N,F,A,A,B,H,-,D,D,0,,,,,Y,Y,A,01,0,1,0,0,0,0,0,0,0,"- ","- ",41.337249999999997,-123.50594,HUMBOLDT,UNINCORPORATED,-123.50594233,41.337251010000003
90428781,2017,2017-04-06,9125,2017-03-24,1810,020901,,5,2,9,1200,0,1,2,,2,045,"UNITED STATES HIGHWAY 101","DAVIS STREET",70.00,N,N,A,-,Y,,,,,,,,,,Y,2,0,1,2,A,-,03,22350,,N,C,C,A,A,H,-,A,D,0,,,Y,,Y,,C,02,1,0,0,0,0,0,0,0,1,"- ","- ",40.504309999999997,-124.10229,HUMBOLDT,UNINCORPORATED,-124.09924535,40.49939749
90433064,2017,2017-04-12,9125,2017-04-05,2200,021025,,3,3,9,1200,0,1,3,,1,026,SR-255,"STARTARE DR",1300.00,N,N,B,-,Y,,,,,,,,,,N,2,0,1,2,A,-,08,22107,,F,G,B,E,A,H,-,C,D,0,Y,,,,Y,,D,22,1,0,0,0,1,0,0,0,0,"- ","- ",40.814860000000003,-124.16074,HUMBOLDT,UNINCORPORATED,,
90493983,2017,2017-07-05,9125,2017-06-27,1525,020603,,2,2,9,1200,0,3,5,,2,001,SR-36,"GRIZZLEY CREEK BRIDGE",11616.00,W,N,A,-,Y,,,36,,,,,,,Y,2,0,2,2,A,-,06,21750,,N,A,C,A,A,H,-,A,D,0,,,,,Y,,E,22,2,0,0,0,0,0,0,0,0,"- ","- ",40.476019999999998,-123.94152,HUMBOLDT,UNINCORPORATED,-123.94155068000001,40.476323540000003
90506631,2017,2017-07-24,9125,2017-07-17,2120,018172,,1,2,9,1200,0,3,5,,2,001,"US-101 N/B","NEWTON B DRURY SCENIC PARKWAY",5280.00,S,N,A,-,Y,,,101,,,,,,N,N,2,0,1,2,A,-,05,21202,A,N,B,G,A,A,H,-,B,D,0,,Y,,,Y,,L,04,1,0,0,0,0,0,1,0,0,"- ","- ",41.453200000000002,-124.02898999999999,HUMBOLDT,UNINCORPORATED,-124.02902168999999,41.45313281
90555804,2017,2017-09-26,9125,2017-09-19,2350,018172,,2,3,9,1200,0,3,5,,2,001,"US-101 N/B","METROPOLITAN RD",1584.00,S,N,B,C,Y,,,101,,,,,,N,Y,2,0,1,1,A,-,08,22107,,N,E,I,A,B,H,-,D,D,0,,,,,Y,,A,01,1,0,0,0,0,0,0,0,0,"- ","- ",40.521050000000002,-124.1461,HUMBOLDT,UNINCORPORATED,-124.14613236,40.521002179999996
90587999,2017,2017-11-06,9125,2017-11-01,1635,019243,,3,2,9,1200,0,1,2,,2,018,US-101,"KANE RD",5280.00,N,N,B,-,Y,,,101,,,,,,,Y,2,0,2,1,A,-,08,22107,,N,E,I,A,B,H,-,A,D,0,,,,,Y,,A,01,1,1,0,0,0,0,0,0,0,"- ","- ",41.21602,-124.10807,HUMBOLDT,UNINCORPORATED,-124.10793914999999,41.215965199999999
90608689,2017,2017-12-04,9125,2017-11-19,1410,019093,,7,2,9,1200,0,1,3,,1,047,SR-36,"FOX CREEK RD",3168.00,E,N,A,-,Y,,,36,,,,,,,Y,2,0,1,1,A,-,01,23152,A,N,E,I,A,A,H,-,A,D,0,,,,,Y,Y,D,22,1,0,0,0,0,0,0,0,0,"- ","- ",40.512320000000003,-123.99086,HUMBOLDT,UNINCORPORATED,-123.99084763,40.512227029999998
90637201,2018,2018-01-10,9125,2018-01-03,0235,018172,,3,3,9,1200,0,1,2,,2,045,"US-101 S/B","METROPOLITAN HTS RD",650.00,S,N,A,-,Y,,,101,,,,,,S,Y,2,0,1,1,A,-,01,23152,A,N,E,I,A,A,H,-,C,D,0,,,,,Y,Y,A,08,1,0,0,0,0,0,0,0,0,"- ","- ",40.513259887695312,-124.12686920166016,HUMBOLDT,UNINCORPORATED,-124.12686920166016,40.513267517089844
90654774,2018,2018-02-05,9125,2018-01-28,0111,020946,,7,3,9,1200,0,1,3,,1,047,SR-36,"GOLDEN GATE DR",3083.00,E,N,A,-,Y,,,36,,,,,,,Y,2,0,3,1,A,-,08,22107,,N,E,I,A,B,H,-,D,D,0,,,,,Y,,D,22,1,2,0,0,0,0,0,0,0,"- ","- ",40.468841552734375,-123.83477020263672,HUMBOLDT,UNINCORPORATED,-123.83480072021484,40.468936920166016
90658920,2018,2018-02-12,9125,2018-02-02,2348,018064,,5,3,9,1200,0,3,5,,2,002,"18TH STREET","QUAKER STREET",479.00,N,N,A,-,N,,,,,,,,,,Y,2,0,1,2,A,-,03,22350,,F,E,I,A,A,H,-,D,D,0,,,,,Y,Y,A,01,1,0,0,0,0,0,0,0,0,"- ","- ",40.792148590087891,-124.12435913085938,HUMBOLDT,UNINCORPORATED,-124.12619018554688,40.792198181152344
90660447,2018,2018-02-13,9125,2018-02-07,1805,018172,,3,2,9,1200,0,2,4,,1,010,"CENTRAL AVE","HOLLY DR",0.00,,Y,A,-,N,,,,,,,,,,Y,2,0,1,2,A,-,03,22350,,N,D,C,A,A,H,-,C,A,0,,,Y,,Y,,C,02,1,0,0,0,0,0,0,0,1,"- ","- ",40.940681457519531,-124.10089874267578,HUMBOLDT,UNINCORPORATED,-124.10095977783203,40.940639495849609
90692706,2018,2018-03-29,9125,2018-03-22,0130,014643,,4,3,9,1200,0,3,5,,2,001,"HILLER RD","MCKINLEYVILLE AVE",9.00,W,N,B,-,N,,,,,,,,,,Y,2,0,1,1,A,-,08,22107,,N,E,I,A,B,H,-,D,A,0,,,,,Y,,A,01,1,0,0,0,0,0,0,0,0,"- ","- ",40.941749572753906,-124.11090850830078,HUMBOLDT,UNINCORPORATED,-124.11070251464844,40.941600799560547
90725470,2018,2018-05-14,9125,2018-05-04,1840,021844,,5,2,9,1200,0,1,3,,1,052,SR-169,"MITCHELL RD",150.00,S,N,A,-,Y,,,169,,,,,,,Y,2,0,1,1,A,-,08,22107,,F,E,I,A,A,H,-,A,D,0,,,,,Y,,A,01,1,0,0,0,0,0,0,0,0,"- ","- ",41.213718414306641,-123.76006317138672,HUMBOLDT,UNINCORPORATED,-123.76003265380859,41.213752746582031
90739709,2018,2018-06-04,9125,2018-05-26,1240,022105,,6,1,9,1200,0,1,3,,1,026,SR-255,"YOUNG LN",528.00,N,N,A,-,Y,,,255,,,,,,,N,2,0,1,1,A,-,03,22350,,N,H,A,A,A,H,-,A,D,0,,Y,,,Y,,L,04,1,0,0,0,0,0,1,0,0,"- ","- ",40.862960815429688,-124.15514373779297,HUMBOLDT,UNINCORPORATED,-124.15514373779297,40.862964630126953
90746705,2018,2018-06-12,9125,2018-04-30,1920,020748,,1,2,9,1200,0,1,3,,1,048,SR-36,"MC CLELLAN MOUNTAIN RD",6336.00,W,N,A,-,Y,,,36,,,,,,,Y,1,1,0,1,A,-,01,23152,F,N,E,I,A,A,H,-,A,D,0,,,,,Y,,A,01,0,0,0,0,0,0,0,0,0,"- ","- ",40.481830596923828,-123.73533630371094,HUMBOLDT,UNINCORPORATED,-123.73534393310547,40.481739044189453
90760744,2018,2018-07-02,9125,2018-06-22,2335,021025,,5,3,9,1200,0,1,3,,1,014,SR-299,"BAIR RD",230.00,E,N,A,-,Y,,,299,,,,,,,Y,2,0,1,1,A,-,08,22107,,N,E,I,A,A,H,-,D,D,0,,,,,Y,,A,01,1,0,0,0,0,0,0,0,0,"- ","- ",40.927101135253906,-123.84368133544922,HUMBOLDT,UNINCORPORATED,-123.84365844726562,40.927135467529297
90772585,2018,2018-07-19,9125,2018-06-07,1027,018958,,4,1,9,1200,0,1,2,,2,017,US-101,"KANE RD.",7920.00,N,N,A,-,N,,,101,,,,,,,Y,1,1,1,1,A,-,01,23152,A,N,E,I,A,A,D,-,A,A,0,,,,,Y,Y,A,08,0,1,0,0,0,0,0,0,0,"- ","- ",41.221118927001953,-124.09654235839844,HUMBOLDT,UNINCORPORATED,-124.09645843505859,41.221004486083984
90773101,2018,2018-07-19,9125,2018-06-20,1610,021989,,3,2,9,1200,0,3,5,,2,005,"FRENCH CAMP RD","LOOP RD",73920.00,N,N,A,-,N,,,,,,,,,,Y,2,0,1,2,D,-,00,,,N,A,C,A,A,H,-,A,D,0,,,Y,,Y,,-,"- ",1,0,0,0,0,0,0,0,1,"- ","- ",41.154598236083984,-123.01088714599609,HUMBOLDT,UNINCORPORATED,,
9078963,2019,2020-07-28,1201,2019-12-12,1814,645,107,4,5,3,1201,0,0,0,,0,00N,"ALLIANCE RD","STROMBERG AV",0.00,,Y,C,-,N,,,,,,,,,,N,2,0,1,2,A,-,03,22350,,N,G,B,B,B,H,-,C,D,0,Y,,,,Y,,D,22,1,0,0,0,1,0,0,0,0,"- ","- ",40.884670257568359,-124.09033966064453,HUMBOLDT,ARCATA,-124.09007263183594,40.884548187255859
9078983,2019,2020-05-21,1201,2019-12-31,1327,652,107,2,5,3,1201,0,0,0,,0,00N,"ALLIANCE RD","2575 ALLIANCE RD",0.00,,-,A,-,N,,,,,,,,,,N,2,0,1,2,A,-,21,22106,,N,-,B,F,A,H,-,A,A,0,Y,,,,Y,,D,22,1,0,0,0,1,0,0,0,0,"- ","- ",40.886089324951172,-124.09030151367188,HUMBOLDT,ARCATA,-124.089399,40.885613999999997
90792496,2018,2018-08-16,9125,2018-08-11,1111,021256,,6,1,9,1200,0,1,2,,2,017,"US-101 N/B","OLD STATE HIGHWAY",2587.00,N,N,A,-,Y,,,,,,,,,,Y,2,0,1,2,A,-,03,22350,,N,C,C,A,A,H,-,A,D,0,,,Y,,Y,,C,02,1,0,0,0,0,0,0,0,1,"- ","- ",,,HUMBOLDT,UNINCORPORATED,-124.09525299072266,41.258148193359375
90820463,2018,2018-09-25,9125,2018-09-16,1430,021559,,7,2,9,1200,0,1,2,,2,017,"US-101 S/B","DAVISON ROAD",1584.00,S,N,A,-,Y,,,101,,,,,,S,Y,2,0,1,1,A,-,03,22350,,N,F,A,A,A,H,-,A,D,0,,,Y,,Y,,C,02,1,0,0,0,0,0,0,0,1,"- ","- ",41.316680908203125,-124.04087829589844,HUMBOLDT,UNINCORPORATED,-124.04100799560547,41.316734313964844
9082853,2020,2020-07-23,1203,2020-03-25,1637,4075,P18,3,5,4,1203,0,0,0,,0,001,"FIFTH ST","M ST",12.00,E,N,A,-,N,,,,,,,,,,Y,2,0,3,2,A,-,00,23153,F,N,A,C,A,A,H,-,A,D,0,,,,,Y,,A,01,1,1,1,0,0,0,0,0,0,"- ","- ",40.803138732910156,-124.15728759765625,HUMBOLDT,EUREKA,-124.15830993652344,40.803001403808594
90840075,2018,2018-10-19,9125,2018-10-02,0944,019116,,2,1,9,1200,0,2,4,,1,010,"CENTRAL AVENUE","ANNA SPARKS WAY",0.00,,Y,B,-,N,,,,,,,,,,Y,2,0,1,2,A,-,08,22101,D,N,D,C,A,A,H,-,A,A,0,,,Y,,Y,,-,"- ",1,0,0,0,0,0,0,0,1,"- ","- ",40.932929992675781,-124.10099792480469,HUMBOLDT,UNINCORPORATED,-124.10090637207031,40.93280029296875
90855181,2018,2018-11-07,9125,2018-10-27,0851,019116,,6,1,9,1200,0,1,2,,2,022,"US-101 NORTHBOUND (REDWOOD HIGHWAY)","SAMOA BLVD",528.00,N,N,B,-,Y,,,,,,,,,,Y,2,0,1,1,A,-,03,22350,,N,F,A,A,A,H,-,A,D,0,,,Y,,Y,,C,02,1,0,0,0,0,0,0,0,1,"- ","- ",40.86444091796875,-124.08261871337891,HUMBOLDT,UNINCORPORATED,,
90879264,2018,2018-12-10,9125,2018-12-02,1415,019243,,7,2,9,1200,0,1,3,,1,048,SR-36,"CHURCH LN",5280.00,W,N,A,-,Y,,,36,,,,,,,Y,2,0,1,1,A,-,03,22350,,N,F,A,A,B,H,-,A,D,0,,,Y,,Y,,C,02,1,0,0,0,0,0,0,0,1,"- ","- ",40.479160308837891,-123.88887786865234,HUMBOLDT,UNINCORPORATED,-123.88884735107422,40.479221343994141
90887338,2018,2018-12-20,9125,2018-12-11,1420,022105,,2,2,9,1200,0,1,3,,1,061,SR-299,"MASON GULCH",528.00,E,N,B,C,Y,,,299,,,,,,,Y,2,0,2,1,A,-,08,22107,,N,E,I,A,B,H,-,A,D,0,,,,,Y,,A,01,1,1,0,0,0,0,0,0,0,"- ","- ",40.902870178222656,-123.76502227783203,HUMBOLDT,UNINCORPORATED,-123.76502990722656,40.902935028076172
90905857,2019,2019-01-16,9125,2019-01-10,2202,019426,,4,3,9,1200,0,1,2,,2,018,"US 101 N/B TO PATRICKS POINT DRIVE","PATRICKS POINT DR",535.00,S,N,A,-,Y,,,,,,,,,,Y,2,0,1,1,A,-,08,22107,,N,E,I,A,A,H,-,D,D,0,,,,,Y,,A,07,1,0,0,0,0,0,0,0,0,"- ","- ",41.135101318359375,-124.14787292480469,HUMBOLDT,UNINCORPORATED,-124.14803314208984,41.135135650634766
90921790,2018,2019-04-05,9125,2018-11-02,1115,019243,,5,1,9,1200,0,2,4,,2,040,"EEL RIVER DR","COPENHAGEN ROAD",66.00,S,N,A,-,N,,,,,,,,,,Y,1,1,0,1,A,-,01,23152,A,N,E,I,A,A,H,-,A,D,0,,,,,Y,Y,A,01,0,0,0,0,0,0,0,0,0,"- ","- ",40.646411895751953,-124.22634887695312,HUMBOLDT,UNINCORPORATED,-124.22621917724609,40.64642333984375
90964905,2019,2019-04-10,9125,2019-02-18,2320,021989,,1,3,9,1200,0,1,3,,1,061,SR-299,"CHRISTIAN SCHOOL RD",407.00,E,N,A,-,Y,,,299,,,,,,,Y,2,0,2,2,A,-,01,23152,A,N,F,C,A,A,H,-,D,D,0,,,,,Y,Y,A,01,1,0,1,0,0,0,0,0,0,"- ","- ",40.910129547119141,-123.61609649658203,HUMBOLDT,UNINCORPORATED,-123.61609649658203,40.910129547119141
90994751,2019,2019-06-26,9125,2019-05-18,1815,022154,,6,2,9,1200,0,3,5,,2,004,"SINGLEY HILL RD","SINGLEY ROAD",1056.00,N,N,B,-,N,,,,,,,,,,Y,2,0,6,2,A,-,01,23152,A,N,A,C,A,B,H,-,A,D,0,,,,,Y,Y,A,07,1,0,5,0,0,0,0,0,0,"- ","- ",40.624240875244141,-124.211669921875,HUMBOLDT,UNINCORPORATED,-124.211669921875,40.624240875244141
90996416,2019,2019-05-27,9125,2019-05-18,0140,021688,,6,3,9,1200,0,1,2,,2,017,"US 101 SOUTHBOUND","ROBINSON ROAD",193.00,S,N,A,-,Y,,,,,,,,,,Y,2,0,1,1,A,-,01,23152,A,N,E,I,A,A,H,-,D,D,0,,,,,Y,Y,D,22,1,0,0,0,0,0,0,0,0,"- ","- ",41.305500030517578,-124.04460144042969,HUMBOLDT,UNINCORPORATED,-124.04468536376953,41.305568695068359
90997323,2019,2019-06-19,9125,2019-05-21,1004,020717,,2,1,9,1200,0,1,3,,1,047,"RT 36","JAYMAR LANE",269.00,W,N,B,C,Y,,,36,,,,,,,Y,2,0,1,1,C,-,18,,,N,E,I,A,B,H,-,A,D,0,,,,,Y,,-,"- ",1,0,0,0,0,0,0,0,0,"- ","- ",40.471969604492188,-123.87148284912109,HUMBOLDT,UNINCORPORATED,-123.87149810791016,40.472026824951172
91018314,2019,2019-06-26,9125,2019-06-19,1130,016577,,3,1,9,1200,0,3,5,,2,001,"HAMMNOND TRAIL","SCHOOL RD.",1584.00,S,N,A,-,N,,,,,,,,,,Y,2,0,1,1,B,-,22,,,N,F,A,A,A,A,B,A,D,0,,Y,,,Y,,L,04,1,0,0,0,0,0,1,0,0,"- ","- ",40.929149627685547,-124.12020874023438,HUMBOLDT,UNINCORPORATED,-124.12019348144531,40.929153442382812
91027330,2019,2019-07-09,9126,2019-06-27,1500,021919,,4,2,9,1200,0,1,3,,1,020,SR-254,"HOLMES FLAT RD",528.00,N,N,A,-,Y,,,254,,,,,,,N,2,0,1,2,A,-,21,22106,,N,G,B,F,A,H,-,A,D,0,Y,,,,Y,,M,47,1,0,0,0,1,0,0,0,0,"- ","- ",40.416019439697266,-123.96250152587891,HUMBOLDT,UNINCORPORATED,-123.96255493164062,40.41595458984375
9102963,2020,2020-11-09,1203,2020-05-18,1145,4082,P15,1,5,4,1203,0,0,0,,0,001,"W 5TH ST","COMMERCIAL ST",294.00,W,N,A,-,Y,HUM,1,101,-,-,78.050,H,-,N,Y,2,0,1,1,A,-,03,22350,,N,F,A,A,A,H,-,A,D,0,,,,Y,Y,,G,85,1,0,0,0,0,0,0,0,0,"- ","- ",,,HUMBOLDT,EUREKA,-124.17440032958984,40.800739288330078
91036148,2019,2019-07-23,9125,2019-07-18,1424,021256,,4,2,9,1200,0,2,4,,1,020,"MYRTLE AVE","PARK ST",288.00,N,N,A,-,N,,,,,,,,,,N,2,0,1,2,A,-,03,22350,,N,C,C,A,A,H,-,A,D,0,,,Y,,Y,,C,02,1,0,0,0,0,0,0,0,1,"- ","- ",,,HUMBOLDT,UNINCORPORATED,-124.13722229003906,40.795677185058594
91043726,2019,2019-08-01,9125,2019-07-28,1615,020748,,7,2,9,1200,0,3,5,,2,002,"KNEELAND RD","PACIFIC LUMBER CAMP RD",4752.00,E,N,A,-,N,,,,,,,,,,Y,2,0,1,1,A,-,08,22107,,N,F,A,A,A,H,-,A,D,0,,,Y,,Y,,C,02,1,0,0,0,0,0,0,0,1,"- ","- ",40.755771636962891,-124.03756713867188,HUMBOLDT,UNINCORPORATED,-124.03783416748047,40.755863189697266