CASE_ID,ACCIDENT_YEAR,PROC_DATE,JURIS,COLLISION_DATE,COLLISION_TIME,OFFICER_ID,REPORTING_DISTRICT,DAY_OF_WEEK,CHP_SHIFT,POPULATION,CNTY_CITY_LOC,SPECIAL_COND,BEAT_TYPE,CHP_BEAT_TYPE,CITY_DIVISION_LAPD,CHP_BEAT_CLASS,BEAT_NUMBER,PRIMARY_RD,SECONDARY_RD,DISTANCE,DIRECTION,INTERSECTION,WEATHER_1,WEATHER_2,STATE_HWY_IND,CALTRANS_COUNTY,CALTRANS_DISTRICT,STATE_ROUTE,ROUTE_SUFFIX,POSTMILE_PREFIX,POSTMILE,LOCATION_TYPE,RAMP_INTERSECTION,SIDE_OF_HWY,TOW_AWAY,COLLISION_SEVERITY,NUMBER_KILLED,NUMBER_INJURED,PARTY_COUNT,PRIMARY_COLL_FACTOR,PCF_CODE_OF_VIOL,PCF_VIOL_CATEGORY,PCF_VIOLATION,PCF_VIOL_SUBSECTION,HIT_AND_RUN,TYPE_OF_COLLISION,MVIW,PED_ACTION,ROAD_SURFACE,ROAD_COND_1,ROAD_COND_2,LIGHTING,CONTROL_DEVICE,CHP_ROAD_TYPE,PEDESTRIAN_ACCIDENT,BICYCLE_ACCIDENT,MOTORCYCLE_ACCIDENT,TRUCK_ACCIDENT,NOT_PRIVATE_PROPERTY,ALCOHOL_INVOLVED,STWD_VEHTYPE_AT_FAULT,CHP_VEHTYPE_AT_FAULT,COUNT_SEVERE_INJ,COUNT_VISIBLE_INJ,COUNT_COMPLAINT_PAIN,COUNT_PED_KILLED,COUNT_PED_INJURED,COUNT_BICYCLIST_KILLED,COUNT_BICYCLIST_INJURED,COUNT_MC_KILLED,COUNT_MC_INJURED,PRIMARY_RAMP,SECONDARY_RAMP,LATITUDE,LONGITUDE,COUNTY,CITY,POINT_X,POINT_Y
9107226,2020,2020-09-22,1203,2020-05-30,1638,4043,P18,6,5,4,1203,0,0,0,,0,001,"RT 101","N ST",99.00,E,N,C,-,Y,HUM,1,101,-,-,79.000,H,-,N,N,2,0,1,3,A,-,11,21954,A,N,G,B,E,B,G,-,A,D,0,Y,,,,Y,,N,60,1,0,0,0,1,0,0,0,0,"- ","- ",40.802989959716797,-124.15836334228516,HUMBOLDT,EUREKA,-124.15679168701172,40.803184509277344
91078607,2019,2019-09-19,9125,2019-08-01,2500,019243,,4,4,9,1200,0,1,2,,2,018,US-101,"BIG LAGOON PARK ROAD",12144.00,N,N,B,-,Y,,,101,,,,,,,Y,1,1,0,1,A,-,01,23152,,N,E,I,A,A,H,-,D,D,0,,,,,Y,Y,D,22,0,0,0,0,0,0,0,0,0,"- ","- ",41.178298950195312,-124.10552978515625,HUMBOLDT,UNINCORPORATED,-124.10546112060547,41.178337097167969
91111036,2019,2019-11-05,9125,2019-09-07,0026,021168,,6,3,9,1200,0,1,3,,1,050,SR-96,"MILL ROAD",20.00,N,N,A,-,Y,,,96,,,,,,,N,1,1,0,2,A,-,11,21956,,N,G,B,E,A,H,-,D,D,0,Y,,,,Y,Y,N,60,0,0,0,1,0,0,0,0,0,"- ","- ",41.085689544677734,-123.69785308837891,HUMBOLDT,UNINCORPORATED,-123.69786071777344,41.085681915283203
91134302,2019,2019-12-03,9125,2019-11-26,1743,018064,,2,2,9,1200,0,1,2,,2,030,"US-101 N/B (REDWOOD HIGHWAY)","KING SALMON AVE",1056.00,S,N,C,G,Y,,,101,,,,,,N,Y,2,0,2,2,A,-,03,22350,,N,E,I,A,B,C,-,E,D,0,,,,,Y,,A,01,2,0,0,0,0,0,0,0,0,"- ","- ",40.730560302734375,-124.21433258056641,HUMBOLDT,UNINCORPORATED,-124.21432495117188,40.730560302734375
91145247,2019,2019-12-17,9125,2019-12-09,1815,021559,,1,2,9,1200,0,1,2,,1,024,"US-101 N/B","INDIANOLA CUTOFF",0.00,,Y,A,-,Y,,,101,,,,,,N,Y,2,0,1,2,A,-,12,22450,A,N,D,C,A,A,H,-,C,A,0,,,,,Y,,A,01,1,0,0,0,0,0,0,0,0,"- ","- ",40.820289611816406,-124.09327697753906,HUMBOLDT,UNINCORPORATED,-124.09326171875,40.820259094238281
91154853,2019,2019-12-30,9125,2019-08-27,0058,022297,,2,3,9,1200,0,1,2,,2,044,"US-101 N/B","US-101 S/B TO MAIN STREET OFFRAMP",100.00,S,N,A,-,Y,,,101,,,,,,N,Y,1,1,0,2,A,-,11,21954,A,N,G,B,E,A,H,-,D,D,0,Y,,,,Y,,N,60,0,0,0,1,0,0,0,0,0,"- ","- ",40.599411010742188,-124.1678466796875,HUMBOLDT,UNINCORPORATED,-124.16783905029297,40.599418640136719
91160162,2019,2020-01-06,9125,2019-12-23,1742,021450,,1,2,9,1200,0,1,2,,2,018,"PATRICKS POINT DR",US-101,792.00,W,N,B,-,N,,,,,,,,,,N,2,0,1,2,A,-,11,21954,A,N,G,B,E,B,H,-,D,D,0,Y,,,,Y,,N,60,1,0,0,0,1,0,0,0,0,"- ","- ",41.136039733886719,-124.14972686767578,HUMBOLDT,UNINCORPORATED,-124.14934539794922,41.136173248291016
91166321,2019,2020-01-15,9126,2019-11-27,1255,022425,,3,1,9,1200,0,1,2,,2,044,"US-101 N/B","SALMON CREEK ROAD OVERCROSSING",3168.00,S,N,C,F,Y,,,101,,,,,,N,Y,1,1,2,2,A,-,03,22350,,N,A,C,A,C,H,-,A,D,0,,,,,Y,,A,07,1,1,0,0,0,0,0,0,0,"- ","- ",40.242691040039062,-123.83159637451172,HUMBOLDT,UNINCORPORATED,-123.83152008056641,40.242691040039062
91183476,2020,2020-02-10,9125,2020-01-31,1330,019116,,5,1,9,1200,0,3,5,,2,002,"KNEELAND ROAD","MOUNTAIN VIEW ROAD",26400.00,S,N,B,-,N,,,,,,,,,,Y,2,0,1,1,A,-,03,22350,,N,F,A,A,A,B,-,A,D,0,,,,,Y,,A,08,1,0,0,0,0,0,0,0,0,"- ","- ",40.661930084228516,-123.92912292480469,HUMBOLDT,UNINCORPORATED,-123.93812561035156,40.676132202148438
9121222,2020,2020-09-04,1203,2020-06-09,1611,4105,P18,2,5,4,1203,0,0,0,,0,001,MYRTLE,"7TH ST",0.00,,Y,A,-,N,,,,,,,,,,N,2,0,1,2,A,-,08,22107,,N,H,G,A,A,H,-,A,D,0,,Y,,,Y,,L,04,1,0,0,0,0,0,1,0,0,"- ","- ",40.802169799804688,-124.15158081054688,HUMBOLDT,EUREKA,-124.15196228027344,40.802349090576172
91220010,2020,2020-04-02,9125,2020-03-27,1305,018958,,5,1,9,1200,0,1,2,,2,018,US-101,"PATRICKS POINT DR.",6336.00,N,N,A,-,N,,,101,,,,,,,Y,2,0,1,2,A,-,08,22107,,N,E,I,A,A,H,-,A,D,0,,,,,Y,,A,01,1,0,0,0,0,0,0,0,0,"- ","- ",41.151329040527344,-124.13435363769531,HUMBOLDT,UNINCORPORATED,-124.13439178466797,41.151371002197266
91227439,2020,2020-04-20,9125,2020-04-15,1058,021815,,3,1,9,1200,0,1,3,,1,061,SR-299,"ROY LN",365.00,E,N,A,-,Y,,,299,,,,,,,Y,2,0,1,3,A,-,03,22350,,N,C,C,A,A,H,-,A,D,0,,,,,Y,,A,01,1,0,0,0,0,0,0,0,0,"- ","- ",40.911540985107422,-123.61669158935547,HUMBOLDT,UNINCORPORATED,-123.61687469482422,40.911491394042969
91237206,2020,2020-05-13,9125,2020-05-01,1635,021559,,5,2,9,1200,0,1,3,,1,047,"SR-36 W/B","CHURCH LANE",10032.00,W,N,A,-,Y,,,36,,,,,,W,Y,2,0,1,1,A,-,08,22107,,N,E,I,A,A,H,-,A,D,0,,,,,Y,,A,07,1,0,0,0,0,0,0,0,0,"- ","- ",40.486610412597656,-123.90396881103516,HUMBOLDT,UNINCORPORATED,-123.90392303466797,40.486740112304688
91247129,2020,2020-06-03,9126,2020-05-24,2118,022466,,7,2,9,1200,0,3,5,,2,222,"REDWOOD ROAD","HICKORY ROAD",28.00,W,N,B,-,N,,,,,,,,,,N,2,0,1,1,A,-,01,23152,A,N,F,A,A,A,H,-,D,D,0,,,Y,,Y,Y,C,06,1,0,0,0,0,0,0,0,1,"- ","- ",40.039150238037109,-124.02275085449219,HUMBOLDT,UNINCORPORATED,-124.07086181640625,40.036407470703125
91252256,2020,2020-06-15,9125,2020-06-03,2300,021313,,3,3,9,1200,0,1,3,,1,051,SR-96,"MILL RD",300.00,S,N,A,-,Y,,,96,,,,,,,Y,2,0,2,2,A,-,09,21801,A,N,D,C,A,A,H,-,D,D,0,,,Y,,Y,,A,01,1,1,0,0,0,0,0,0,1,"- ","- ",41.084991455078125,-123.69716644287109,HUMBOLDT,UNINCORPORATED,-123.6971435546875,41.085014343261719
91271837,2020,2020-07-21,9125,2020-07-10,1642,022238,,5,2,9,1200,0,1,2,,2,019,"US-101 SOUTHBOUND","MURRAY ROAD",1000.00,N,N,A,-,Y,,,101,,,,,,S,Y,2,0,1,1,C,-,18,,,N,E,I,A,A,H,-,A,D,0,,,,,Y,,-,"- ",1,0,0,0,0,0,0,0,0,"- ","- ",40.959598541259766,-124.11621856689453,HUMBOLDT,UNINCORPORATED,-124.11614227294922,40.959598541259766
9127697,2020,2020-09-14,1201,2020-06-28,1419,647,106,7,5,3,1201,0,0,0,,0,00N,"STROMBERG AV","ALLIANCE RD",0.00,,Y,A,G,N,,,,,,,,,,N,2,0,1,2,A,-,12,22450,,N,H,G,A,A,H,-,A,A,0,,Y,,,Y,,L,04,1,0,0,0,0,0,1,0,0,"- ","- ",40.884498596191406,-124.09007263183594,HUMBOLDT,ARCATA,-124.09007263183594,40.884548187255859
91278816,2020,2020-07-31,9125,2020-07-23,2500,021815,,4,4,9,1200,0,1,3,,1,061,SR-299,"EAST FORK CAMPGROUND",66.00,E,N,A,-,Y,,,299,,,,,,,Y,2,0,1,1,A,-,08,22107,,N,E,I,A,A,H,-,A,D,0,,,,,Y,,A,08,1,0,0,0,0,0,0,0,0,"- ","- ",40.908870697021484,-123.70687866210938,HUMBOLDT,UNINCORPORATED,-123.70694732666016,40.908905029296875
91279960,2020,2020-08-03,9126,2020-07-23,1010,021219,,4,1,9,1200,0,1,2,,2,022,"US-101 S/B TO NEWTON ROAD","NEWTON ROAD",656.00,N,N,A,-,Y,,,101,,,,R,,S,Y,2,0,2,1,A,-,01,23152,F,N,E,I,A,A,H,-,A,D,0,,,,,Y,,D,22,2,0,0,0,0,0,0,0,0,"- ","- ",40.439670562744141,-124.00121307373047,HUMBOLDT,UNINCORPORATED,-124.00121307373047,40.439670562744141
9128024,2020,2020-11-25,1203,2020-07-11,2234,4043,P18,6,5,4,1203,0,0,0,,0,001,"RT 101","O ST",148.00,E,N,A,-,Y,HUM,1,101,-,-,79.060,H,-,N,N,2,0,1,2,A,-,11,21950,B,N,G,B,E,A,H,-,C,D,0,Y,,,,Y,,N,60,1,0,0,0,1,0,0,0,0,"- ","- ",40.803050994873047,-124.15595245361328,HUMBOLDT,EUREKA,-124.15569305419922,40.803333282470703
91281235,2020,2020-10-01,9125,2020-07-24,1532,022284,,5,2,9,1200,0,1,3,,1,061,"SR-299 E/B","EAST FORK",3168.00,W,N,A,-,Y,,,299,,,,,,E,N,2,0,1,2,A,-,05,21460,A,N,B,C,A,A,H,-,A,D,0,,,Y,,Y,,C,02,1,0,0,0,0,0,0,0,1,"- ","- ",40.907821655273438,-123.71842193603516,HUMBOLDT,UNINCORPORATED,-123.71844482421875,40.907913208007812
91284861,2020,2020-08-12,9125,2020-08-01,1400,022095,,6,2,9,1200,0,3,5,,2,002,"SAMOA DUNES","NEW NAVY BASE ROAD",1584.00,W,N,B,-,N,,,,,,,,,,N,2,0,2,3,D,-,00,,,N,A,C,A,A,H,-,A,D,0,,,Y,,Y,,-,"- ",1,1,0,0,0,0,0,0,2,"- ","- ",40.781749725341797,-124.21492767333984,HUMBOLDT,UNINCORPORATED,,
91295500,2020,2020-08-28,9126,2020-08-22,1400,021724,,6,2,9,1200,0,1,2,,2,044,"US-101 N/B","HOOKER CREEK ROAD",7392.00,S,N,A,-,Y,,,101,,,,,,N,Y,2,0,1,1,A,-,08,22107,,N,E,I,A,A,H,-,A,D,0,,,,,Y,,D,22,1,0,0,0,0,0,0,0,0,"- ","- ",40.163490295410156,-123.78640747070312,HUMBOLDT,UNINCORPORATED,-123.78645324707031,40.163524627685547
91303435,2020,2020-09-14,9125,2020-09-09,2340,022095,,3,3,9,1200,0,1,3,,1,047,SR-36,"REDWOOD HOUSE ROAD",1584.00,W,N,B,E,Y,,,36,,,,,,,Y,2,0,1,1,A,-,01,23152,A,N,E,I,A,A,H,-,D,D,0,,,,,Y,Y,A,01,1,0,0,0,0,0,0,0,0,"- ","- ",40.499568939208984,-123.98101043701172,HUMBOLDT,UNINCORPORATED,-123.98098754882812,40.499473571777344
91310373,2020,2020-09-24,9125,2020-08-05,0215,021688,,3,3,9,1200,0,1,3,,1,026,"STATE ROUTE 255","NEW NAVY BASE ROAD",3521.00,S,N,B,C,Y,,,,,,,,,,Y,1,2,0,1,A,-,01,23152,F,N,E,I,A,B,H,-,C,D,0,,,,,Y,,A,01,0,0,0,0,0,0,0,0,0,"- ","- ",40.819580078125,-124.166748046875,HUMBOLDT,UNINCORPORATED,,
91325629,2020,2020-10-19,9125,2020-10-06,1335,019243,,2,1,9,1200,0,1,3,,1,047,SR-36,"RIVERSIDE PARK RD",4224.00,E,N,B,-,Y,,,36,,,,,,,Y,2,0,1,1,A,-,08,22107,,N,E,I,A,A,H,-,A,D,0,,,,Y,Y,,F,55,1,0,0,0,0,0,0,0,0,"- ","- ",40.499439239501953,-123.97894287109375,HUMBOLDT,UNINCORPORATED,-123.97895050048828,40.499408721923828
91332039,2020,2020-10-27,9125,2020-10-11,1000,018958,,7,1,9,1200,0,1,2,,2,022,"US-101 S/B","14TH ST. O/C",75.00,N,N,A,-,N,,,,,,,,,,Y,2,0,1,1,A,-,08,22107,,N,E,I,A,A,H,-,A,D,0,,,,,Y,,A,01,1,0,0,0,0,0,0,0,0,"- ","- ",40.872699737548828,-124.08258819580078,HUMBOLDT,UNINCORPORATED,-124.08247375488281,40.872604370117188
91337786,2020,2020-11-03,9125,2020-09-30,2500,021313,,3,4,9,1200,0,3,5,,2,003,"HERRICK AVE","PINECREST CT",672.00,E,N,B,-,N,,,,,,,,,,Y,1,1,0,2,A,-,01,23152,G,N,E,I,A,A,H,-,C,D,0,,,,,Y,Y,A,07,0,0,0,0,0,0,0,0,0,"- ","- ",40.757621765136719,-124.17340087890625,HUMBOLDT,UNINCORPORATED,-124.17385864257812,40.757614135742188
91340676,2020,2020-11-06,9125,2020-10-31,1955,021929,,6,2,9,1200,0,2,4,,1,020,"MYRTLE AVENUE","PIGEON POINT ROAD",101.00,N,N,A,-,N,,,,,,,,,,Y,2,0,1,1,A,-,01,23152,A,N,E,I,A,A,H,-,D,D,0,,,,,Y,Y,A,01,1,0,0,0,0,0,0,0,0,"- ","- ",40.785030364990234,-124.10205078125,HUMBOLDT,UNINCORPORATED,-124.10273742675781,40.785179138183594
91346920,2020,2020-11-17,9125,2020-11-05,0230,021688,,4,3,9,1200,0,2,4,,1,011,"FIELDBROOK ROAD","SQUAW CREEK ROAD",650.00,N,N,E,-,N,,,,,,,,,,Y,2,0,1,1,C,-,18,,,N,E,H,A,A,H,-,D,D,0,,,Y,,Y,,-,"- ",1,0,0,0,0,0,0,0,1,"- ","- ",40.940460205078125,-124.0240478515625,HUMBOLDT,UNINCORPORATED,-124.02424621582031,40.940872192382812
9135307,2020,2020-08-19,1201,2020-05-06,1945,645,304,3,5,3,1201,0,0,0,,0,0DT,"F ST","6TH ST",0.00,,Y,A,-,N,,,,,,,,,,N,2,0,1,2,A,-,08,22107,,F,H,A,A,A,H,-,B,D,0,,Y,,,Y,,A,01,1,0,0,0,0,0,1,0,0,"- ","- ",40.865699768066406,-124.08527374267578,HUMBOLDT,ARCATA,-124.08563232421875,40.866218566894531
91369253,2020,2020-12-17,9125,2020-12-05,1840,021450,,6,2,9,1200,0,2,4,,1,023,"RIDGEWOOD DRIVE","WESTGATE EXTENSION",1320.00,W,N,C,-,N,,,,,,,,,,Y,2,0,1,1,A,-,08,22107,,F,E,I,A,B,H,-,D,D,0,,,,,Y,Y,D,22,1,0,0,0,0,0,0,0,0,"- ","- ",40.736740112304688,-124.16834259033203,HUMBOLDT,UNINCORPORATED,-124.16841125488281,40.736728668212891
91371984,2020,2020-12-21,9125,2020-12-12,1849,021450,,6,2,9,1200,0,2,4,,1,031,"ELK RIVER ROAD","PINE STREET",590.00,S,N,B,-,N,,,,,,,,,,N,2,0,1,2,A,-,11,21954,A,N,G,B,E,B,H,-,D,D,0,Y,,,,Y,,N,60,1,0,0,0,1,0,0,0,0,"- ","- ",40.751029968261719,-124.18514251708984,HUMBOLDT,UNINCORPORATED,,
91382882,2020,2021-01-06,9126,2020-12-26,1940,021724,,6,2,9,1200,0,2,4,,1,002,"BRICELAND ROAD","CHINA CREEK ROAD",90.00,W,N,B,-,N,,,,,,,,,,Y,2,0,1,1,A,-,01,23152,A,N,E,I,A,A,H,-,D,D,0,,,,,Y,Y,A,08,1,0,0,0,0,0,0,0,0,"- ","- ",40.123531341552734,-123.87712860107422,HUMBOLDT,UNINCORPORATED,-123.924279,40.105294000000001
91390866,2020,2021-01-19,9125,2020-12-16,2500,021815,,3,4,9,1200,0,1,3,,1,061,SR-299,"EAST FORK CAMPGROUND",3168.00,W,N,C,-,Y,,,299,,,,,,,Y,1,1,0,1,A,-,01,23152,F,N,E,I,A,B,H,-,A,D,0,,,,,Y,,A,07,0,0,0,0,0,0,0,0,0,"- ","- ",40.907669067382812,-123.71881103515625,HUMBOLDT,UNINCORPORATED,-123.71884918212891,40.907783508300781
91393117,2020,2021-01-25,9125,2020-12-20,1416,020717,,7,2,9,1200,0,1,3,,1,047,"STATE ROUTE 36","BERNARD A BERNIE"" HEMENWAY BRIDGE""",1100.00,E,N,A,-,Y,,,36,,,,,,,Y,1,1,0,1,A,-,01,23152,A,N,E,I,A,B,H,-,A,D,0,,,,,Y,Y,D,22,0,0,0,0,0,0,0,0,0,"- ","- ",40.489208221435547,-123.96910858154297,HUMBOLDT,UNINCORPORATED,-123.96896362304688,40.489284515380859
91409428,2021,2021-02-16,9125,2021-02-09,2500,016241,,2,4,9,1200,0,3,5,,2,003,"ALLARD AVENUE","LITTLE FAIRFIELD STREET",0.00,,Y,B,-,N,,,,,,,,,,N,2,0,1,2,D,-,00,,,F,G,B,E,A,H,-,D,D,0,Y,,,,Y,,-,"- ",1,0,0,0,1,0,0,0,0,"- ","- ",40.773170471191406,-124.18212127685547,HUMBOLDT,UNINCORPORATED,-124.18205261230469,40.773292541503906
91422820,2021,2021-06-03,9126,2021-02-28,1000,021846,,7,1,9,1200,0,1,3,,1,020,SR-254,"ELK CREEK ROAD",0.00,,N,A,-,Y,,,254,,,,,,,Y,1,1,1,1,A,-,08,22107,,N,E,I,A,A,H,-,A,D,0,,,,,Y,,A,01,0,1,0,0,0,0,0,0,0,"- ","- ",40.268421173095703,-123.84893798828125,HUMBOLDT,UNINCORPORATED,-123.84895324707031,40.268409729003906
91436774,2021,2021-03-26,9125,2021-03-22,0001,021688,,1,3,9,1200,0,2,4,,1,011,"FIELDBROOK LANE","PARKER LANE",2640.00,N,N,A,-,N,,,,,,,,,,N,2,0,1,1,A,-,01,23152,A,N,E,I,A,A,H,-,D,D,0,,,,,Y,Y,D,22,1,0,0,0,0,0,0,0,0,"- ","- ",40.912490844726562,-124.02308654785156,HUMBOLDT,UNINCORPORATED,-124.02303314208984,40.912918090820312
91478789,2021,2021-05-27,9125,2021-04-30,1034,018958,,5,1,9,1200,0,1,2,,2,019,US-101,SR-200,2640.00,N,N,A,-,N,,,,,,,,,,Y,2,0,1,1,A,-,08,22107,,N,E,I,A,A,H,-,A,D,0,,,,,Y,,A,01,1,0,0,0,0,0,0,0,0,"- ","- ",,,HUMBOLDT,UNINCORPORATED,-124.09477233886719,40.919090270996094
91490003,2021,2021-06-07,9125,2021-05-22,1859,021919,,6,2,9,1200,0,3,5,,2,001,"B STREET","SECOND STREET",100.00,W,N,A,-,N,,,,,,,,,,N,2,0,1,1,A,-,03,22350,,N,F,A,A,A,A,-,A,D,0,,,Y,,Y,,C,02,1,0,0,0,0,0,0,0,1,"- ","- ",40.940689086914062,-124.08788299560547,HUMBOLDT,UNINCORPORATED,-124.2166748046875,40.725875854492188
91499255,2021,2021-06-17,9125,2021-05-26,1745,022314,,3,2,9,1200,0,3,5,,2,005,"HOSTLER CREEK RD","MARSHALL LN",1056.00,E,N,A,-,N,,,,,,,,,,Y,2,0,1,1,A,-,08,22107,,N,E,I,A,A,H,-,A,D,0,,,,,Y,,A,01,1,0,0,0,0,0,0,0,0,"- ","- ",41.074359893798828,-123.68234252929688,HUMBOLDT,UNINCORPORATED,-123.68182373046875,41.074531555175781
91505300,2021,2021-06-24,9126,2021-06-16,0600,021219,,3,1,9,1200,0,1,3,,1,020,SR-254,"ELINOR ROAD",4752.00,S,N,A,-,Y,,,254,,,,,,,Y,2,0,1,1,A,-,01,23152,A,N,E,8,A,A,H,-,B,D,0,,,,,Y,Y,A,01,1,0,0,0,0,0,0,0,0,"- ","- ",40.446308135986328,-124.0152587890625,HUMBOLDT,UNINCORPORATED,-124.01525115966797,40.446022033691406
91521316,2021,2021-07-15,9126,2021-07-08,1005,021102,,4,1,9,1200,0,2,4,,1,008,"REDWOOD DRIVE","WOOD RANCH ROAD",528.00,S,N,A,-,N,,,,,,,,,,Y,2,0,1,1,A,-,08,22107,,N,E,I,A,A,H,-,A,D,0,,,,,Y,,D,22,1,0,0,0,0,0,0,0,0,"- ","- ",40.137710571289062,-123.81436157226562,HUMBOLDT,UNINCORPORATED,-123.81983947753906,40.170490264892578
91523788,2021,2022-02-18,9125,2021-05-16,1944,021929,HOOPA,7,2,9,1200,0,3,5,,2,005,"TISH TANG ROAD","AIRPORT ROAD",1278.00,W,N,A,-,N,,,,,,,,,,N,1,1,0,2,A,-,11,21954,A,N,G,B,E,A,H,-,A,D,0,Y,,,,Y,,N,60,0,0,0,1,0,0,0,0,0,"- ","- ",41.052398681640625,-123.66998291015625,HUMBOLDT,UNINCORPORATED,,
91523794,2021,2021-07-19,9125,2021-04-18,1546,022121,,7,2,9,1200,0,1,3,,1,065,"W/B SR-96","SALMON RIVER ROAD",3379.00,W,N,A,-,Y,,,96,,,,,,,Y,1,1,0,1,A,-,01,23152,G,N,E,8,A,A,H,-,A,D,0,,,,,Y,Y,A,01,0,0,0,0,0,0,0,0,0,"- ","- ",41.372249603271484,-123.48979187011719,HUMBOLDT,UNINCORPORATED,-123.48963165283203,41.372303009033203
91524927,2021,2021-07-20,9125,2021-07-08,1845,020717,,4,2,9,1200,0,1,2,,2,019,"NORTHBOUND US-101","GUINTOLI LANE",1584.00,N,N,A,-,Y,,,101,,,,,,,Y,2,0,1,1,A,-,08,22107,,N,E,I,A,A,H,-,A,D,0,,,,,Y,,D,22,1,0,0,0,0,0,0,0,0,"- ","- ",40.909889221191406,-124.08941650390625,HUMBOLDT,UNINCORPORATED,-124.08950042724609,40.90985107421875
91549670,2021,2021-08-19,9125,2021-07-23,1810,021919,,5,2,9,1200,0,1,3,,1,014,SR-299,"SIMPSON ROAD",13200.00,E,N,A,-,Y,,,299,,,,,,,Y,2,0,1,1,A,-,08,22107,,N,E,I,A,A,H,-,A,D,0,,,,,Y,,A,07,1,0,0,0,0,0,0,0,0,"- ","- ",40.948589324951172,-123.89572906494141,HUMBOLDT,UNINCORPORATED,-123.89572906494141,40.9486083984375
91563174,2021,2021-09-06,9125,2021-08-28,1735,022693,,6,2,9,1200,0,3,5,,2,002,"GREENWOOD HEIGHTS DR","GREEN ROAD",528.00,N,N,A,-,N,,,,,,,,,,N,2,0,1,1,A,-,03,22350,,N,F,A,A,A,H,-,A,D,0,,,Y,,Y,,C,02,1,0,0,0,0,0,0,0,1,"- ","- ",40.777351379394531,-124.00546264648438,HUMBOLDT,UNINCORPORATED,-124.00542449951172,40.777263641357422
91563385,2021,2021-09-06,9125,2021-08-21,1035,019243,,6,1,9,1200,0,3,5,,2,001,"PICKETT RD","STEVENS WAY",236.00,W,N,A,-,N,,,,,,,,,,N,2,0,1,2,A,-,03,22350,,N,G,B,D,A,H,-,A,D,0,Y,,,,Y,,A,07,1,0,0,0,1,0,0,0,0,"- ","- ",40.944450378417969,-124.09541320800781,HUMBOLDT,UNINCORPORATED,-124.09530639648438,40.944446563720703
91613959,2021,2021-11-02,9126,2021-10-24,2030,022383,,7,2,9,1200,0,3,5,,2,222,"BLUE RIDGE ROAD","HEMLOCK RD",285.00,S,N,B,C,N,,,,,,,,,,Y,2,0,1,1,A,-,01,23152,A,N,F,A,A,B,H,-,D,D,0,,,,,Y,Y,D,22,1,0,0,0,0,0,0,0,0,"- ","- ",40.030128479003906,-124.04910278320312,HUMBOLDT,UNINCORPORATED,-124.04905700683594,40.030109405517578
91641409,2021,2021-12-03,9125,2021-11-21,2500,022238,,7,4,9,1200,0,1,3,,1,048,"SR-36 WESTBOUND","GRIZZLY CREEK",100.00,W,N,A,-,Y,,,36,,,,,,W,Y,2,0,1,1,A,-,01,23152,A,M,E,8,A,A,H,-,D,D,0,,,,,Y,Y,D,22,1,0,0,0,0,0,0,0,0,"- ","- ",40.487339019775391,-123.90699768066406,HUMBOLDT,UNINCORPORATED,-123.90699768066406,40.487350463867188
91740597,2022,2022-04-04,9125,2022-03-26,1609,022154,,6,2,9,1200,0,1,3,,2,013,"SR-299 TO US-101 SOUTHBOUND ON-RAMP","US-101 S/B",151.00,W,N,A,-,Y,,,,,,,,,,N,2,0,1,1,A,-,03,22350,,N,F,A,A,A,H,-,A,D,0,,,Y,,Y,,C,02,1,0,0,0,0,0,0,0,1,"- ","- ",40.896568298339844,-124.08377075195312,HUMBOLDT,UNINCORPORATED,-124.17230224609375,40.800827026367188
91752821,2022,2022-04-20,9125,2022-04-10,0203,022154,,7,3,9,1200,0,3,5,,2,001,"HEARTWOOD DRIVE","CENTRAL AVE",56.00,E,N,B,G,N,,,,,,,,,,N,2,0,1,2,A,-,08,22107,,N,B,E,A,A,H,-,C,D,0,,,,,Y,,A,01,1,0,0,0,0,0,0,0,0,"- ","- ",40.939468383789062,-124.10063171386719,HUMBOLDT,UNINCORPORATED,-124.10074615478516,40.939521789550781
91775397,2022,2022-08-11,9125,2022-01-24,2050,021688,,1,2,9,1200,0,1,3,,1,026,"STATE ROUTE 255","STARTARE DRIVE",2112.00,N,N,B,-,Y,HUM,,255,,,1.049,H,,R,Y,1,1,3,2,A,-,05,21650,,N,A,C,A,A,H,-,D,D,0,,,,,Y,,A,07,2,0,1,0,0,0,0,0,0,"- ","- ",40.816719055175781,-124.16269683837891,HUMBOLDT,UNINCORPORATED,-124.16268157958984,40.816734313964844
91775773,2022,2022-05-19,9125,2022-05-07,2100,022314,,6,2,9,1200,0,1,S,,2,102,SR-96,"REISS ROAD",2640.00,N,N,B,-,Y,HUM,,96,,R,41.060,H,,R,Y,2,0,1,1,A,-,08,22107,,N,E,I,A,A,H,-,D,D,0,,,,,Y,,D,22,1,0,0,0,0,0,0,0,0,"- ","- ",41.329391479492188,-123.514892578125,HUMBOLDT,UNINCORPORATED,-123.51492309570312,41.329402923583984