CASE_ID,ACCIDENT_YEAR,PROC_DATE,JURIS,COLLISION_DATE,COLLISION_TIME,OFFICER_ID,REPORTING_DISTRICT,DAY_OF_WEEK,CHP_SHIFT,POPULATION,CNTY_CITY_LOC,SPECIAL_COND,BEAT_TYPE,CHP_BEAT_TYPE,CITY_DIVISION_LAPD,CHP_BEAT_CLASS,BEAT_NUMBER,PRIMARY_RD,SECONDARY_RD,DISTANCE,DIRECTION,INTERSECTION,WEATHER_1,WEATHER_2,STATE_HWY_IND,CALTRANS_COUNTY,CALTRANS_DISTRICT,STATE_ROUTE,ROUTE_SUFFIX,POSTMILE_PREFIX,POSTMILE,LOCATION_TYPE,RAMP_INTERSECTION,SIDE_OF_HWY,TOW_AWAY,COLLISION_SEVERITY,NUMBER_KILLED,NUMBER_INJURED,PARTY_COUNT,PRIMARY_COLL_FACTOR,PCF_CODE_OF_VIOL,PCF_VIOL_CATEGORY,PCF_VIOLATION,PCF_VIOL_SUBSECTION,HIT_AND_RUN,TYPE_OF_COLLISION,MVIW,PED_ACTION,ROAD_SURFACE,ROAD_COND_1,ROAD_COND_2,LIGHTING,CONTROL_DEVICE,CHP_ROAD_TYPE,PEDESTRIAN_ACCIDENT,BICYCLE_ACCIDENT,MOTORCYCLE_ACCIDENT,TRUCK_ACCIDENT,NOT_PRIVATE_PROPERTY,ALCOHOL_INVOLVED,STWD_VEHTYPE_AT_FAULT,CHP_VEHTYPE_AT_FAULT,COUNT_SEVERE_INJ,COUNT_VISIBLE_INJ,COUNT_COMPLAINT_PAIN,COUNT_PED_KILLED,COUNT_PED_INJURED,COUNT_BICYCLIST_KILLED,COUNT_BICYCLIST_INJURED,COUNT_MC_KILLED,COUNT_MC_INJURED,PRIMARY_RAMP,SECONDARY_RAMP,LATITUDE,LONGITUDE,COUNTY,CITY,POINT_X,POINT_Y
91788710,2022,2022-06-06,9125,2022-05-24,0945,019725,,2,1,9,1200,0,1,3,,1,047,SR-36,"ROOT CREEK",6864.00,E,N,A,-,Y,HUM,,36,,,15.394,H,,R,Y,2,0,1,1,A,-,08,22107,,N,E,I,A,A,H,-,A,D,0,,,,,Y,,A,01,1,0,0,0,0,0,0,0,0,"- ","- ",40.479049682617188,-123.92958068847656,HUMBOLDT,UNINCORPORATED,-123.92958068847656,40.479034423828125
91801797,2022,2022-06-23,9125,2022-06-12,1020,021929,,7,1,9,1200,0,1,3,,1,061,SR-299,"EAST FORK CAMPGROUND",3485.00,W,N,C,-,Y,HUM,,299,,,32.606,H,,R,Y,2,0,5,1,A,-,03,22350,,N,F,A,A,B,H,-,A,D,0,,,,,Y,,D,22,1,4,0,0,0,0,0,0,0,"- ","- ",40.907711029052734,-123.71891021728516,HUMBOLDT,UNINCORPORATED,-123.71893310546875,40.907741546630859
91817612,2022,2022-07-14,9125,2022-07-03,2330,022693,,7,3,9,1200,0,1,3,,1,065,SR-96,"HUM 96 MPM 33.37",300.00,N,N,C,-,Y,HUM,,96,,R,33.128,H,,R,Y,2,0,1,1,A,-,08,22107,,N,F,J,A,B,H,-,D,A,0,,,,,Y,,A,01,1,0,0,0,0,0,0,0,0,"- ","- ",41.275398254394531,-123.60758972167969,HUMBOLDT,UNINCORPORATED,-123.60761260986328,41.275402069091797
91818422,2022,2022-07-15,9125,2022-07-06,1655,020988,,3,2,9,1200,0,3,5,,2,002,"BOYD ROAD","5208 BOYD ROAD",5.00,W,N,B,-,N,,,,,,,,,,N,2,0,1,2,A,-,05,21650,,N,F,A,A,A,H,-,A,D,0,,,Y,,Y,,-,"- ",1,0,0,0,0,0,0,0,1,"- ","- ",40.910171508789062,-124.07012176513672,HUMBOLDT,UNINCORPORATED,-124.07515716552734,40.904869079589844
91820726,2022,2022-07-19,9125,2022-07-09,1953,021450,,6,2,9,1200,0,1,3,,1,047,SR-36,"RIVER BAR ROAD",1056.00,W,N,A,-,Y,HUM,,36,,,1.459,H,,R,N,2,0,1,1,A,-,08,22107,,N,F,A,A,A,H,-,A,D,0,,,,,Y,,A,07,1,0,0,0,0,0,0,0,0,"- ","- ",40.546268463134766,-124.11811065673828,HUMBOLDT,UNINCORPORATED,-124.11811065673828,40.546310424804688
91829423,2022,2022-08-01,9125,2022-07-20,1108,022945,,3,1,9,1200,0,2,4,,1,010,"CENTRAL AVENUE","BELLA VISTA",945.00,S,N,A,-,N,,,,,,,,,,N,2,0,1,2,A,-,03,22350,,N,G,B,E,A,H,-,A,D,0,Y,,,,Y,Y,A,01,1,0,0,0,1,0,0,0,0,"- ","- ",40.925010681152344,-124.10048675537109,HUMBOLDT,UNINCORPORATED,-124.10017395019531,40.924400329589844
91839691,2022,2022-08-15,9125,2022-08-07,1821,022945,,7,2,9,1200,0,1,3,,1,025,"STATE ROUTE 255","PACHECO ROAD",1478.00,S,N,A,-,Y,HUM,,255,,,6.668,H,,R,N,2,0,1,2,A,-,17,21200,,N,D,G,A,A,H,-,A,D,0,,Y,,,Y,Y,L,04,1,0,0,0,0,0,1,0,0,"- ","- ",40.868370056152344,-124.12299346923828,HUMBOLDT,UNINCORPORATED,-124.12299346923828,40.868331909179688
91859686,2022,2022-09-08,9126,2022-08-26,1400,022466,,5,2,9,1200,0,2,4,,1,006,"ALDERPOINT ROAD","SAWMILL RD",569.00,E,N,A,-,N,,,,,,,,,,Y,2,0,2,1,A,-,17,21662,A,N,E,J,A,A,H,-,A,D,0,,,,,Y,,D,22,1,1,0,0,0,0,0,0,0,"- ","- ",40.114471435546875,-123.76252746582031,HUMBOLDT,UNINCORPORATED,-123.76287078857422,40.114311218261719
91879331,2022,2022-09-30,9125,2022-09-28,0003,022154,,3,3,9,1200,0,3,5,,2,003,"MEYERS AVENUE (5400 BLOCK)","MARTIN WAY",125.00,N,N,A,-,N,,,,,,,,,,N,2,0,1,2,A,-,01,23152,A,N,B,E,A,A,H,-,D,D,0,,,Y,,Y,Y,C,02,1,0,0,0,0,0,0,0,1,"- ","- ",40.756271362304688,-124.17881011962891,HUMBOLDT,UNINCORPORATED,-124.17878723144531,40.756343841552734
9191665,2020,2021-01-29,1203,2020-11-18,1517,4042,P23,3,5,4,1203,0,0,0,,0,001,"CALIFORNIA ST","W WASHINGTON ST",0.00,,Y,A,-,N,,,,,,,,,,N,2,0,1,2,A,-,12,22450,A,F,H,G,A,A,H,-,A,D,0,,Y,,,Y,,L,04,1,0,0,0,0,0,1,0,0,"- ","- ",,,HUMBOLDT,EUREKA,-124.17182922363281,40.798240661621094
91974908,2022,2023-01-23,9125,2022-08-21,1330,016241,,7,1,9,1200,0,3,5,,2,003,"KING SALMON AVENUE",US-101,1584.00,W,N,B,-,N,,,,,,,,,,Y,1,1,1,2,A,-,05,21752,A,N,A,C,A,A,H,-,A,A,0,,,Y,,Y,,A,01,0,1,0,0,0,0,0,1,0,"- ","- ",40.739631652832031,-124.21330261230469,HUMBOLDT,UNINCORPORATED,-124.21315002441406,40.739459991455078
91995573,2023,2023-02-15,9125,2023-02-09,1515,023005,,4,2,9,1200,0,1,2,,2,017,US-101,"OLD STATE HIGHWAY",8976.00,N,N,A,-,Y,HUM,,101," "," ",118.442,H,,R,N,2,0,1,1,A,-,03,22350,,N,F,A,A,A,H,-,A,D,0,,,Y,,Y,Y,C,02,1,0,0,0,0,0,0,0,1,"- ","- ",41.275028228759766,-124.09459686279297,HUMBOLDT,UNINCORPORATED,-124.0946044921875,41.275032043457031
92014222,2023,2023-03-09,9125,2023-03-02,2500,022238,,4,4,9,1200,0,1,2,,2,017,US-101,"OLD STATE HIGHWAY",3168.00,S,N,B,-,Y,HUM,,101," "," ",116.303,H,,R,Y,2,0,1,1,A,-,08,22107,,N,F,A,A,B,H,-,D,D,0,,,,,Y,,A,01,1,0,0,0,0,0,0,0,0,"- ","- ",41.245140075683594,-124.08779907226562,HUMBOLDT,UNINCORPORATED,-124.08769226074219,41.245170593261719
9201471,2020,2021-01-25,1201,2020-10-20,2000,647,106,2,5,3,1201,0,0,0,,0,00N,"WESTWOOD CENTER","ALLIANCE RD",0.00,,Y,A,-,N,,,,,,,,,,N,2,0,1,2,A,-,"- ",,,M,G,B,D,A,H,-,C,D,0,Y,,,,Y,,N,60,1,0,0,0,1,0,0,0,0,"- ","- ",40.884349822998047,-124.09092712402344,HUMBOLDT,ARCATA,-124.09049224853516,40.883880615234375
9207818,2020,2021-02-12,1203,2020-12-22,1748,4107,P37,2,5,4,1203,0,0,0,,0,002,"BROADWAY ST","BAYSHORE WY",0.00,,Y,A,-,Y,HUM,1,101,-,-,76.560,I,5,S,Y,2,0,1,2,A,-,09,21802,A,N,D,C,A,A,H,-,C,A,0,,,,,Y,,A,01,1,0,0,0,0,0,0,0,0,"- ","- ",40.782291412353516,-124.18462371826172,HUMBOLDT,EUREKA,-124.18447113037109,40.781917572021484
92091083,2023,2023-06-12,9125,2023-06-02,1812,022383,,5,2,9,1200,0,3,5,,2,004,"SINGLEY ROAD","EEL RIVER DRIVE",90.00,N,N,A,-,N,,,,,,,,,,Y,2,0,3,1,A,-,03,22350,,N,E,I,A,A,H,-,A,D,0,,,,,Y,,A,07,3,0,0,0,0,0,0,0,0,"- ","- ",40.620330810546875,-124.20973968505859,HUMBOLDT,UNINCORPORATED,,
92100240,2023,2023-06-22,9125,2023-06-17,1305,019243,,6,1,9,1200,0,2,4,,1,011,"MURRAY RD","MCKINLEYVILLE AVE",0.00,,Y,A,-,N,,,,,,,,,,Y,2,0,1,2,A,-,12,22450,A,N,D,C,A,A,H,-,A,A,0,,,Y,,Y,,C,02,1,0,0,0,0,0,0,0,1,"- ","- ",40.956268310546875,-124.11039733886719,HUMBOLDT,UNINCORPORATED,-124.11037445068359,40.956226348876953
92109402,2023,2023-07-05,9125,2023-06-25,"843 ",016241,,7,1,9,1200,0,1,2,,1,024,"US 101 NORTHBOUND",BRACUT,650.00,N,N,B,-,Y,HUM,,101," "," ",83.503,H,,R,Y,2,0,1,1,A,-,01,23152,A,N,F,I,A,A,H,-,A,D,0,,,,,Y,Y,D,22,1,0,0,0,0,0,0,0,0,"- ","- ",40.829048156738281,-124.08283233642578,HUMBOLDT,UNINCORPORATED,-124.08287048339844,40.829059600830078
92111980,2023,2023-07-07,9126,2023-06-22,"900 ",022654,,4,1,9,1200,0,2,4,,2,004,"SHELTER COVE ROAD","PACIFIC RIDGE ROAD",10560.00,W,N,A,-,N,,,,,,,,,,Y,2,0,1,1,A,-,08,22107,,N,F,A,A,A,D,-,A,D,0,,,Y,,Y,,C,02,1,0,0,0,0,0,0,0,1,"- ","- ",40.044269561767578,-124.02371215820312,HUMBOLDT,UNINCORPORATED,-124.02159118652344,40.044967651367188
9211621,2020,2021-02-18,1203,2020-12-02,2207,4076,P31,3,5,4,1203,0,0,0,,0,002,WABASH,BROADWAY,0.00,,Y,B,-,Y,,,,,,,,,,Y,2,0,2,2,A,-,12,21453,A,N,A,C,A,A,H,-,C,A,0,,,,,Y,,A,01,1,1,0,0,0,0,0,0,0,"- ","- ",40.791431427001953,-124.17867279052734,HUMBOLDT,EUREKA,-124.17836761474609,40.791530609130859
92127533,2023,2023-07-27,9125,2023-07-18,1845,022677,,2,2,9,1200,0,2,4,,1,032,"STANFORD DR","HUMBOLDT HILL ROAD",30.00,W,N,A,-,N,,,,,,,,,,N,2,0,2,2,A,-,05,21460,A,N,A,C,A,A,H,-,A,A,0,,,Y,,Y,,D,22,1,1,0,0,0,0,0,0,2,"- ","- ",40.732490539550781,-124.20231628417969,HUMBOLDT,UNINCORPORATED,-124.20222473144531,40.732521057128906
92154757,2023,2023-08-25,9126,2023-08-22,"850 ",021836,,2,1,9,1200,0,2,4,,1,008,"REDWOOD DRIVE","WOOD RANCH ROAD",1584.00,S,N,B,-,N,,,,,,,,,,N,2,0,1,1,A,-,08,22107,,N,E,I,A,A,H,-,A,D,0,,,,,Y,,A,07,1,0,0,0,0,0,0,0,0,"- ","- ",40.13555908203125,-123.81635284423828,HUMBOLDT,UNINCORPORATED,-123.81983947753906,40.170490264892578
92175291,2023,2023-09-20,9125,2023-05-15,"403 ",021919,,1,3,9,1200,0,1,2,,2,022,"US-101 NORTHBOUND","SAMOA BOULEVARD",575.00,S,N,A,-,Y,HUM,,101," "," ",85.730,H,,R,Y,1,1,0,2,A,-,11,21953,,N,G,B,E,A,H,-,E,D,0,Y,,,,Y,Y,N,60,0,0,0,1,0,0,0,0,0,"- ","- ",40.861171722412109,-124.08255004882812,HUMBOLDT,UNINCORPORATED,-124.08251190185547,40.861171722412109
92182549,2023,2023-09-28,9126,2023-09-12,"30  ",023141,,2,3,9,1200,0,1,2,,2,044,"US-101 N/B TO SALMON CREEK ROAD","SALMON CREEK RD",5.00,S,N,A,-,Y,HUM,,101," "," ",24.997,H,,R,Y,2,0,1,1,A,-,01,23152,A,N,E,I,A,A,H,-,D,A,0,,,,,Y,Y,A,01,1,0,0,0,0,0,0,0,0,"- ","- ",40.250831604003906,-123.83144378662109,HUMBOLDT,UNINCORPORATED,-123.83177185058594,40.250782012939453
92187203,2023,2023-10-02,9125,2023-09-20,1557,023005,,3,2,9,1200,0,3,5,,2,001,SR-200,"HENRY LANE",1210.00,S,N,A,-,N,,,,,,,,,,N,2,0,1,1,A,-,08,22107,,N,F,A,A,A,H,-,A,D,0,,Y,,,Y,,L,04,1,0,0,0,0,0,1,0,0,"- ","- ",40.922809600830078,-124.09922027587891,HUMBOLDT,UNINCORPORATED,-124.09902954101562,40.922550201416016
9220461,2020,2021-02-22,1203,2020-12-31,1807,4044,P57,4,5,4,1203,0,0,0,,0,003,"H ST","HENDERSON ST",0.00,,Y,B,-,N,,,,,,,,,,N,2,0,1,2,A,-,10,21950,A,N,G,B,B,B,H,-,C,A,0,Y,,,,Y,,A,07,1,0,0,0,1,0,0,0,0,"- ","- ",40.782848358154297,-124.16132354736328,HUMBOLDT,EUREKA,-124.16130065917969,40.782848358154297
92243001,2023,2023-11-22,9125,2023-11-15,2355,022383,,3,3,9,1200,0,1,2,,2,019,US-101,"SCHOOL ROAD",750.00,S,N,B,-,Y,HUM,,101," ",R,91.311,H,,R,Y,2,0,2,1,A,-,08,22107,,N,E,I,A,B,H,-,C,D,0,,,,,Y,,A,01,1,1,0,0,0,0,0,0,0,"- ","- ",40.932079315185547,-124.11396789550781,HUMBOLDT,UNINCORPORATED,-124.11402893066406,40.93206787109375
9227049,2021,2021-03-23,1203,2021-02-17,1204,4099,P39,3,5,4,1203,0,0,0,,0,002,"ALBEE ST","W HAWTHORNE ST",0.00,,Y,A,-,N,,,,,,,,,,Y,2,0,2,2,A,-,01,23153,F,F,D,C,A,A,H,-,A,A,0,,,,,Y,,A,01,1,1,0,0,0,0,0,0,0,"- ","- ",40.789020538330078,-124.17610168457031,HUMBOLDT,EUREKA,-124.17611694335938,40.789024353027344
92289362,2024,2024-01-17,9125,2024-01-10,1335,023137,T107,3,1,9,1200,0,3,5,,2,005,"PINE CREEK RD","LOOP RD.",1584.00,N,N,C,-,N,,,,,,,,,,N,2,0,1,1,A,-,08,22107,,N,E,8,A,B,H,-,A,D,0,,,,,Y,,D,22,1,0,0,0,0,0,0,0,0,"- ","- ",41.05657958984375,-123.68582153320312,HUMBOLDT,UNINCORPORATED,-123.6810302734375,41.056060791015625
92311780,2024,2024-02-12,9125,2024-02-03,1216,019725,,6,1,9,1200,0,2,4,,1,023,"WALNUT ST","CYPRESS AVE",100.00,S,N,A,-,N,,,,,,,,,,Y,2,0,1,2,A,-,08,22107,,N,B,E,A,A,H,-,A,D,0,,,,,Y,,A,07,1,0,0,0,0,0,0,0,0,"- ","- ",40.765750885009766,-124.14338684082031,HUMBOLDT,UNINCORPORATED,-124.14329528808594,40.765716552734375
92328899,2024,2024-03-04,9125,2024-02-25,1940,023352,,7,2,9,1200,0,3,5,,2,002,"HATCHERY ROAD","TAYLOR WAY",910.00,S,N,A,-,N,,,,,,,,,,N,2,0,1,2,A,-,03,22350,,N,C,G,A,A,H,-,D,D,0,,Y,,,Y,,A,01,1,0,0,0,0,0,1,0,0,"- ","- ",40.875919342041016,-123.99253845214844,HUMBOLDT,UNINCORPORATED,-123.99234771728516,40.876140594482422
92401284,2024,2024-05-29,9125,2024-05-17,1945,021313,,5,2,9,1200,0,1,2,,2,019,"US-101 NORTHBOUND","AIRPORT RD",350.00,S,N,A,-,Y,HUM,,101," ",R,93.793,H,,R,Y,2,0,1,1,A,-,01,23152,F,F,F,I,A,A,H,-,A,D,0,,,,,Y,,A,01,1,0,0,0,0,0,0,0,0,"- ","- ",40.967838287353516,-124.11578369140625,HUMBOLDT,UNINCORPORATED,-124.1158447265625,40.967838287353516
9240477,2021,2021-04-20,1203,2021-02-16,0623,4048,P19,2,5,4,1203,0,0,0,,0,001,"5TH ST","S ST",7.00,E,N,A,-,Y,HUM,1,101,-,-,79.232,I,5,N,Y,2,0,1,2,A,-,10,21950,A,N,G,B,B,A,H,-,C,A,0,Y,,,,Y,Y,A,01,1,0,0,0,1,0,0,0,0,"- ","- ",40.803890228271484,-124.15258026123047,HUMBOLDT,EUREKA,-124.15250396728516,40.803867340087891
9241289,2021,2021-04-05,1203,2021-02-22,0131,4107,P56,1,5,4,1203,0,0,0,,0,003,"F ST",HARRIS,0.00,,Y,A,-,N,,,,,,,,,,Y,2,0,1,1,A,-,01,23152,F,M,E,I,A,A,H,-,C,A,0,,,,,Y,,A,01,1,0,0,0,0,0,0,0,0,"- ","- ",40.780429840087891,-124.16355895996094,HUMBOLDT,EUREKA,-124.16358947753906,40.780429840087891
92416316,2024,2024-06-17,9125,2024-06-06,"641 ",022276,,4,1,9,1200,0,1,3,,1,048,SR-36,"OAK VIEW RD",4752.00,W,N,A,-,Y,HUM,,36," ",R,39.335,H,,R,N,2,0,2,2,A,-,05,21460,,F,A,C,A,A,H,-,A,D,0,,,,,Y,,A,01,1,1,0,0,0,0,0,0,0,"- ","- ",40.485740661621094,-123.63831329345703,HUMBOLDT,UNINCORPORATED,-123.63825225830078,40.485874176025391
92417245,2024,2024-06-18,9126,2024-05-26,2320,022731,,7,3,9,1200,0,1,2,,2,044,"US-101 S/B","MPM 101 HUM 20.00",50.00,N,N,A,-,Y,HUM,,101," ",R,20.025,H,,L,Y,2,0,1,1,A,-,08,22107,,N,E,I,A,A,H,-,D,D,0,,,,,Y,,A,01,1,0,0,0,0,0,0,0,0,"- ","- ",40.204750061035156,-123.78917694091797,HUMBOLDT,UNINCORPORATED,-123.78912353515625,40.204795837402344
92420568,2024,2024-06-21,9125,2024-06-13,1520,019243,,4,2,9,1200,0,3,5,,2,001,"PATRICKS POINT DR","ANDERSON LN",2112.00,N,N,A,-,N,,,,,,,,,,N,2,0,1,1,C,-,18,,,N,F,A,A,A,H,-,A,D,0,,Y,,,Y,,-,"- ",1,0,0,0,0,0,1,0,0,"- ","- ",41.074489593505859,-124.14528656005859,HUMBOLDT,UNINCORPORATED,-124.145263671875,41.074783325195312
92420652,2024,2024-06-21,9125,2024-06-14,1143,023179,,5,1,9,1200,0,2,4,,1,021,WALFORD,"HARRIS ST",0.00,,Y,A,-,N,,,,,,,,,,N,2,0,1,2,A,-,10,21950,A,N,G,B,B,A,H,-,A,A,0,Y,,,,Y,,A,01,1,0,0,0,1,0,0,0,0,"- ","- ",40.780471801757812,-124.13770294189453,HUMBOLDT,UNINCORPORATED,-124.13784027099609,40.780513763427734
92439664,2024,2024-07-15,9125,2024-04-05,1830,022383,,5,2,9,1200,0,3,5,,2,002,"NEW NAVY BASE ROAD","BAY STREET",2640.00,N,N,A,-,N,,,,,,,,,,Y,1,1,3,3,A,-,06,21750,A,N,D,C,A,A,H,-,A,D,0,,,Y,,Y,,C,02,0,2,1,0,0,0,0,1,0,"- ","- ",40.805370330810547,-124.19978332519531,HUMBOLDT,UNINCORPORATED,-124.19974517822266,40.805393218994141
92440831,2024,2024-07-16,9126,2024-07-03,1335,020706,,3,1,9,1200,0,1,2,,2,044,"US-101 S/B","SALMON CREEK ROAD OVERCROSSING",1426.00,S,N,A,-,Y,HUM,,101," "," ",24.723,H,,L,Y,2,0,4,2,A,-,08,22107,,N,D,C,A,A,H,-,A,D,0,,,,,Y,,A,01,3,1,0,0,0,0,0,0,0,"- ","- ",40.246818542480469,-123.83155822753906,HUMBOLDT,UNINCORPORATED,-123.83164978027344,40.246818542480469
9245505,2021,2021-03-29,1203,2021-03-02,2216,4043,P18,2,5,4,1203,0,0,0,,0,001,"RT 101","P ST",63.00,E,N,A,-,Y,HUM,1,101,-,-,79.100,H,-,N,Y,2,0,1,2,A,-,11,21950,B,N,G,B,D,A,H,-,C,D,0,Y,,,,Y,,N,60,1,0,0,0,1,0,0,0,0,"- ","- ",40.804450988769531,-124.15278625488281,HUMBOLDT,EUREKA,-124.15493011474609,40.803440093994141
9294938,2021,2021-08-06,1205,2021-03-13,1356,0153,12050,6,5,3,1205,0,0,0,,0,,"ROHNERVILLE RD","SENESTRARO WY",0.00,,Y,A,-,N,,,,,,,,,,N,2,0,1,1,B,-,22,,,N,E,I,A,A,H,-,A,D,0,,,Y,,Y,,C,02,1,0,0,0,0,0,0,0,1,"- ","- ",40.592819213867188,-124.13974761962891,HUMBOLDT,FORTUNA,-124.13581085205078,40.590469360351562
9318534,2021,2021-09-13,1201,2021-05-29,1742,646,404,6,5,3,1201,0,0,0,,0,00S,"UNION ST","7TH ST",0.00,,Y,A,-,N,,,,,,,,,,N,2,0,1,1,A,-,03,22350,,N,H,G,A,A,H,-,A,D,0,,Y,,,Y,Y,L,04,1,0,0,0,0,0,1,0,0,"- ","- ",40.866020202636719,-124.07794189453125,HUMBOLDT,ARCATA,-124.07790374755859,40.866012573242188
9320505,2022,2022-03-17,1203,2022-01-09,1719,4084,P11,7,5,4,1203,0,0,0,,0,001,"N RT 101","MPM 80.09",151.00,E,N,A,-,Y,HUM,,101,,,80.260,H,,R,Y,1,1,0,1,A,-,08,22107,,N,E,I,A,A,H,-,A,A,0,,,Y,,Y,,C,02,0,0,0,0,0,0,0,1,0,"- ","- ",40.805198669433594,-124.13339233398438,HUMBOLDT,EUREKA,-124.13339233398438,40.805179595947266
9344423,2021,2021-10-18,1203,2021-08-29,1322,4101,P16,7,5,4,1203,0,0,0,,0,001,"7TH ST","F ST",0.00,,Y,A,-,N,,,,,,,,,,N,2,0,1,2,A,-,09,21802,A,N,D,C,A,A,H,-,A,A,0,,,Y,,Y,,D,22,1,0,0,0,0,0,0,0,1,"- ","- ",40.800289154052734,-124.16558837890625,HUMBOLDT,EUREKA,-124.16561889648438,40.80029296875
9406132,2021,2022-02-17,1203,2021-12-20,1559,4105,P32,1,5,4,1203,0,0,0,,0,002,"W WABASH AV","CALIFORNIA ST",0.00,,Y,A,-,N,,,,,,,,,,Y,2,0,1,2,A,-,12,22450,A,F,D,C,A,A,H,-,A,A,0,,,,,Y,,A,01,1,0,0,0,0,0,0,0,0,"- ","- ",40.791481018066406,-124.17186737060547,HUMBOLDT,EUREKA,-124.17192840576172,40.791492462158203
94375095,2024,2024-08-29,9126,2024-08-08,1100,022602,,4,1,9,1200,0,2,4,,1,002,"OLD BRICELAND RD","1705 OLD BRICELAND RD",30.00,E,N,A,-,N,,,,,,,,,,N,2,0,1,2,A,-,09,21804,A,N,C,C,A,A,H,-,A,D,0,,,Y,,Y,,D,22,1,0,0,0,0,0,0,0,1,"- ","- ",40.081928253173828,-123.83299255371094,HUMBOLDT,UNINCORPORATED,-123.81472778320312,40.087013244628906
94378192,2024,2024-09-02,9125,2024-08-24,1145,023875,,6,1,9,1200,0,1,2,,2,016,"US-101 SOUTHBOUND","NEWTON B DRURY SCENIC PKY",2798.00,S,N,A,-,Y,HUM,,101," ",R,136.767,H,,L,Y,2,0,1,2,A,-,01,23152,A,N,F,0,A,A,H,-,A,D,0,,,Y,,Y,Y,C,02,1,0,0,0,0,0,0,0,1,"- ","- ",41.460121154785156,-124.03368377685547,HUMBOLDT,UNINCORPORATED,-124.03363037109375,41.460155487060547
94421026,2024,2024-10-07,9125,2024-09-26,2500,023774,,4,4,9,1200,0,1,3,,1,014,SR-299,"SNOW CAMP RD",0.00,,Y,A,-,Y,HUM,,299," ",R,17.181,H,,R,Y,2,0,1,1,A,-,08,22107,,N,E,8,A,A,H,-,A,D,0,,,,,Y,,A,01,1,0,0,0,0,0,0,0,0,"- ","- ",40.930110931396484,-123.86100006103516,HUMBOLDT,UNINCORPORATED,-123.86088562011719,40.930324554443359
94435706,2024,2024-10-18,9125,2024-10-10,1855,023137,,4,2,9,1200,0,1,3,,1,061,SR-299,"CHINA CREEK RD",1056.00,W,N,A,-,Y,HUM,,299," ",R,39.893,H,,R,N,2,0,1,2,A,-,08,22107,,F,C,G,A,A,H,-,D,D,0,,Y,,,Y,,A,01,1,0,0,0,0,0,1,0,0,"- ","- ",40.926570892333984,-123.62457275390625,HUMBOLDT,UNINCORPORATED,-123.62456512451172,40.926570892333984
94442871,2024,2024-10-23,9125,2024-09-21,1700,018013,,6,2,9,1200,0,3,5,,2,006,"THE TERRACE LANE","WALNUT WAY",0.00,,Y,A,-,N,,,,,,,,,,N,2,0,1,2,A,-,08,22107,,N,D,G,A,A,H,-,A,D,0,,Y,,,Y,,L,04,1,0,0,0,0,0,1,0,0,"- ","- ",40.940219879150391,-123.62703704833984,HUMBOLDT,UNINCORPORATED,-123.62696075439453,40.940216064453125
94446592,2024,2024-10-28,9125,2024-10-26,2130,021313,,6,2,3,1201,0,2,S,,2,901,"SAMOA BLVD","UNION STREET",815.00,W,N,B,-,N,,,,,,,,,,N,2,0,2,1,A,-,01,23152,F,N,E,I,A,A,H,-,C,D,0,,,,,Y,,A,08,1,1,0,0,0,0,0,0,0,"- ","- ",40.862159729003906,-124.08078765869141,HUMBOLDT,ARCATA,-124.07731628417969,40.861656188964844
94473137,2024,2024-11-18,9125,2024-11-06,"315 ",023916,,3,3,9,1200,0,1,2,,2,045,"US-101 S/B","JORDAN RD",2640.00,N,N,A,-,Y,HUM,,101," ",R,46.452,H,,L,N,2,0,1,2,A,-,00,21953,A,F,G,B,D,A,H,-,D,D,0,Y,,,,Y,,N,60,1,0,0,0,1,0,0,0,0,"- ","- ",40.443561553955078,-124.03971862792969,HUMBOLDT,UNINCORPORATED,-124.03965759277344,40.443561553955078
94480806,2024,2024-11-22,9125,2024-11-11,2340,023364,,1,3,9,1200,0,1,3,,1,061,"FRIDAY RIDGE RD",SR-299,330.00,S,N,B,-,Y,HUM,,299," "," ",42.797,H,,R,Y,2,0,1,1,A,-,03,22350,,N,E,8,A,B,H,-,D,D,0,,,,,Y,,D,22,1,0,0,0,0,0,0,0,0,"- ","- ",40.888580322265625,-123.60545349121094,HUMBOLDT,UNINCORPORATED,-123.60523223876953,40.888683319091797