CASE_ID,ACCIDENT_YEAR,PROC_DATE,JURIS,COLLISION_DATE,COLLISION_TIME,OFFICER_ID,REPORTING_DISTRICT,DAY_OF_WEEK,CHP_SHIFT,POPULATION,CNTY_CITY_LOC,SPECIAL_COND,BEAT_TYPE,CHP_BEAT_TYPE,CITY_DIVISION_LAPD,CHP_BEAT_CLASS,BEAT_NUMBER,PRIMARY_RD,SECONDARY_RD,DISTANCE,DIRECTION,INTERSECTION,WEATHER_1,WEATHER_2,STATE_HWY_IND,CALTRANS_COUNTY,CALTRANS_DISTRICT,STATE_ROUTE,ROUTE_SUFFIX,POSTMILE_PREFIX,POSTMILE,LOCATION_TYPE,RAMP_INTERSECTION,SIDE_OF_HWY,TOW_AWAY,COLLISION_SEVERITY,NUMBER_KILLED,NUMBER_INJURED,PARTY_COUNT,PRIMARY_COLL_FACTOR,PCF_CODE_OF_VIOL,PCF_VIOL_CATEGORY,PCF_VIOLATION,PCF_VIOL_SUBSECTION,HIT_AND_RUN,TYPE_OF_COLLISION,MVIW,PED_ACTION,ROAD_SURFACE,ROAD_COND_1,ROAD_COND_2,LIGHTING,CONTROL_DEVICE,CHP_ROAD_TYPE,PEDESTRIAN_ACCIDENT,BICYCLE_ACCIDENT,MOTORCYCLE_ACCIDENT,TRUCK_ACCIDENT,NOT_PRIVATE_PROPERTY,ALCOHOL_INVOLVED,STWD_VEHTYPE_AT_FAULT,CHP_VEHTYPE_AT_FAULT,COUNT_SEVERE_INJ,COUNT_VISIBLE_INJ,COUNT_COMPLAINT_PAIN,COUNT_PED_KILLED,COUNT_PED_INJURED,COUNT_BICYCLIST_KILLED,COUNT_BICYCLIST_INJURED,COUNT_MC_KILLED,COUNT_MC_INJURED,PRIMARY_RAMP,SECONDARY_RAMP,LATITUDE,LONGITUDE,COUNTY,CITY,POINT_X,POINT_Y
94518623,2024,2024-12-27,9125,2024-09-21,"730 ",019243,,6,1,9,1200,0,1,3,,2,013,"SR-299 W/B","ESSEX LN",1584.00,E,N,A,-,Y,HUM,,299," ",R,3.247,H,,L,Y,1,1,1,2,A,-,08,22107,,N,A,C,A,A,H,-,A,D,0,,,,,Y,,A,07,1,0,0,0,0,0,0,0,0,"- ","- ",40.906360626220703,-124.03147888183594,HUMBOLDT,UNINCORPORATED,-124.03146362304688,40.906387329101562
94544429,2025,2025-01-21,9125,2025-01-13,1045,020946,,1,1,9,1200,0,1,2,,2,016,"US-101 N/B","NEWTON B DRURY SCENIC PKY (NORTH)",26400.00,S,N,A,-,Y,HUM,,101," ",R,131.942,H,,R,Y,2,0,1,1,A,-,07,21658,A,N,E,I,A,A,H,-,A,D,0,,,,,Y,,-,"- ",1,0,0,0,0,0,0,0,0,"- ","- ",41.407680511474609,-124.0023193359375,HUMBOLDT,UNINCORPORATED,-124.00237274169922,41.40765380859375
94598771,2024,2025-03-12,9125,2024-12-07,2137,024104,,6,2,9,1200,0,2,4,,2,040,"EEL RIVER DRIVE","SUMMER ST",0.25,S,N,A,-,N,,,,,,,,,,N,1,1,0,2,A,-,11,21954,A,N,G,B,E,A,H,-,D,D,0,Y,,,,Y,Y,N,60,0,0,0,1,0,0,0,0,0,"- ","- ",40.634029388427734,-124.22280883789062,HUMBOLDT,UNINCORPORATED,-124.22412872314453,40.637187957763672
94648126,2025,2025-04-14,9125,2025-04-03,1330,023141,,4,1,9,1200,0,1,2,,2,044,"US-101 (NB) TO SINGLEY ROAD (OFF-RAMP)","SINGLEY HILL ROAD",190.00,W,N,A,-,Y,HUM,,101," "," ",64.418,H,,R,Y,2,0,1,1,A,-,08,22107,,N,F,A,A,A,H,-,A,D,0,,,Y,,Y,,C,02,1,0,0,0,0,0,0,0,1,"- ","- ",40.622100830078125,-124.21206665039062,HUMBOLDT,UNINCORPORATED,-124.21219635009766,40.621971130371094
94667202,2025,2025-04-28,9126,2025-04-06,1400,023798,,7,2,9,1200,0,2,4,,1,006,"ALDERPOINT ROAD","QUARRY RD",1056.00,E,N,A,-,N,,,,,,,,,,Y,2,0,2,1,A,-,03,22350,,N,E,I,A,A,H,-,A,D,0,,,,,Y,,D,22,2,0,0,0,0,0,0,0,0,"- ","- ",40.114151000976562,-123.77348327636719,HUMBOLDT,UNINCORPORATED,-123.77381134033203,40.113700866699219
94725864,2025,2025-06-16,9125,2025-06-12,1830,023916,,4,2,9,1200,0,1,3,,2,013,SR-299,"LONG PRAIRIE ROAD",1584.00,W,N,A,-,Y,HUM,,299," ",R,12.181,H,,R,Y,2,0,1,1,A,-,01,23152,A,N,E,I,A,A,H,-,A,D,0,,,,,Y,Y,D,22,1,0,0,0,0,0,0,0,0,"- ","- ",40.928108215332031,-123.91208648681641,HUMBOLDT,UNINCORPORATED,-123.91194152832031,40.928146362304688
9482071,2022,2022-08-17,1203,2022-07-12,0635,4137,P51,2,5,4,1203,0,0,0,,0,002,"BROADWAY ST","TRUESDALE ST",0.00,,Y,A,-,Y,HUM,1,101,-,-,76.030,I,5,S,Y,2,0,2,2,A,-,08,22107,,N,A,C,A,A,H,-,A,A,0,,,,Y,Y,,A,01,1,1,0,0,0,0,0,0,0,"- ","- ",40.775409698486328,-124.19075012207031,HUMBOLDT,EUREKA,-124.19036865234375,40.775901794433594
9504123,2022,2022-10-25,1201,2022-01-22,1246,646,105,6,5,3,1201,0,0,0,,0,00N,"SAINT LOUIS RD","JANES CREEK DR",48.00,S,N,A,-,N,,,,,,,,,,Y,1,1,1,3,A,-,10,21950,A,N,G,B,C,A,H,-,A,A,0,Y,,,,Y,,A,07,0,1,0,1,1,0,0,0,0,"- ","- ",40.888088226318359,-124.08132934570312,HUMBOLDT,ARCATA,-124.08137512207031,40.887962341308594
9520090,2022,2023-02-09,1205,2022-06-20,2124,0132,,1,5,3,1205,0,0,0,,0,,"S FORTUNA BL","NEWBURG DR",372.00,N,N,A,-,N,,,,,,,,,,N,1,1,0,2,A,-,11,21954,A,N,G,B,E,A,H,-,C,D,0,Y,,,,Y,,A,01,0,0,0,1,0,0,0,0,0,"- ","- ",40.589458465576172,-124.14685821533203,HUMBOLDT,FORTUNA,-124.14668273925781,40.589599609375
9528173,2022,2022-11-07,1201,2022-08-06,1100,647,303,6,5,3,1201,0,0,0,,0,00S,"12TH ST","J ST",0.00,,Y,A,-,N,,,,,,,,,,N,2,0,1,1,A,-,08,22107,,N,D,E,A,A,H,-,A,D,0,,Y,,,Y,,L,04,1,0,0,0,0,0,1,0,0,"- ","- ",40.871891021728516,-124.08799743652344,HUMBOLDT,ARCATA,-124.08799743652344,40.871906280517578
9610060,2023,2023-08-22,1201,2023-05-26,1534,655,304,5,5,3,1201,0,0,0,,0,0DT,"12TH ST","G ST",0.00,,Y,A,-,N,,,,,,,,,,N,2,0,1,2,A,-,10,21950,A,N,G,B,B,A,H,-,A,D,0,Y,,,,Y,,A,01,1,0,0,0,1,0,0,0,0,"- ","- ",40.871700286865234,-124.08525085449219,HUMBOLDT,ARCATA,-124.08486175537109,40.8712158203125
9659525,2023,2024-02-22,1201,2023-10-28,2330,694,108,6,5,3,1201,0,0,0,,0,00N,"SUNSET AV","H ST",0.00,,Y,A,-,N,,,,,,,,,,Y,2,0,3,2,A,-,01,23153,A,N,D,C,A,A,H,-,C,A,0,,,,,Y,Y,D,22,1,2,0,0,0,0,0,0,0,"- ","- ",40.878940582275391,-124.08220672607422,HUMBOLDT,ARCATA,-124.0836181640625,40.878799438476562
9735431,2024,2024-10-25,1201,2024-08-02,1118,702,407,5,5,3,1201,0,0,0,,0,00S,"OLD ARCATA RD","HYLAND ST",270.00,S,N,A,-,N,,,,,,,,,,N,2,0,1,1,A,-,17,21200,A,N,H,A,A,A,D,E,A,D,0,,Y,,,Y,,L,04,1,0,0,0,0,0,1,0,0,"- ","- ",40.846588134765625,-124.06833648681641,HUMBOLDT,ARCATA,-124.06673431396484,40.846714019775391
9786111,2024,2025-04-16,1203,2024-05-22,1343,4101,P25,3,5,4,1203,0,0,0,,0,003,"I ST","9TH AV",0.00,,Y,A,-,N,,,,,,,,,,Y,1,1,2,6,A,-,01,23152,F,N,G,B,D,A,H,-,A,A,0,Y,,,,Y,Y,A,01,2,0,0,1,0,0,0,0,0,"- ","- ",40.799129486083984,-124.16191864013672,HUMBOLDT,EUREKA,-124.16191864013672,40.799125671386719
6291493,2014,2014-10-28,9126,2014-08-23,1820,20512,,6,2,9,1200,0,3,5,,2,222,"MATTOLE RD","N FORT SMITH-ETTER RD",5280.00,W,N,A,-,N,,,,,,,,,,Y,1,1,0,1,A,-,01,23152,A,N,F,A,A,A,H,-,A,D,0,,,Y,,Y,Y,C,02,0,0,0,0,0,0,0,1,0,"- ","- ",40.229709999999997,-124.14368,HUMBOLDT,UNINCORPORATED,-124.14368,40.229709999999997
6291499,2014,2014-10-31,9125,2014-08-30,1747,19832,,6,2,9,1200,0,1,3,,1,062,"RT 96","PATRICIA LN",1000.00,S,N,A,-,Y,HUM,1,96,-,-,2.270,H,-,W,Y,1,1,1,2,A,-,01,23152,A,N,A,C,A,A,H,-,A,D,0,,,Y,,Y,Y,C,02,0,0,1,0,0,0,0,1,0,"- ","- ",40.96922,-123.64035,HUMBOLDT,UNINCORPORATED,-123.63984803,40.97093598
6291617,2014,2014-11-18,9125,2014-09-15,1225,14428,,1,1,9,1200,0,1,2,,2,018,"RT 101","TRINIDAD REST AREA",2112.00,S,N,A,-,Y,HUM,1,101,-,R,102.480,H,-,S,Y,1,1,0,1,C,-,18,,,N,H,H,A,A,H,-,A,D,1,,,Y,,Y,,-,"- ",0,0,0,0,0,0,0,1,0,"- ","- ",41.086069999999999,-124.1474,HUMBOLDT,UNINCORPORATED,-124.14745084,41.086290910000002
6291702,2014,2014-12-16,9125,2014-09-22,1418,11998,,1,2,9,1200,0,1,2,,2,022,"RT 101","SAINT LOUIS RD",368.00,S,N,B,-,Y,HUM,1,101,-,-,87.420,H,-,S,Y,1,1,2,1,A,-,01,23152,E,N,F,A,A,A,D,-,A,D,1,,,,,Y,,A,07,1,0,1,0,0,0,0,0,0,"- ","- ",40.885469999999998,-124.08011,HUMBOLDT,UNINCORPORATED,-124.08020276000001,40.885450349999999
6291914,2014,2015-02-11,9126,2014-11-12,1730,020158,,3,2,9,1200,0,1,2,,2,044,"RT 101","ALDERPOINT RD",6864.00,N,N,B,-,Y,HUM,1,101,-,R,13.150,H,-,S,Y,1,1,2,2,A,-,01,23152,E,N,A,C,A,A,H,-,B,D,1,,,,,Y,,D,22,2,0,0,0,0,0,0,0,0,"- ","- ",40.12773,-123.79876,HUMBOLDT,UNINCORPORATED,-123.79873695000001,40.127134720000001
6292107,2014,2016-01-12,9126,2014-10-06,2500,20607,,1,4,9,1200,0,3,5,,2,444,"BUCK MOUNTAIN RD","ALDERPOINT RD",3168.00,S,N,A,-,N,,,,,,,,,,N,2,0,1,2,-,-,"- ",,,N,A,C,A,A,H,-,A,D,0,,,Y,,Y,,-,"- ",1,0,0,0,0,0,0,0,1,"- ","- ",,,HUMBOLDT,UNINCORPORATED,-123.75052214,40.108306630000001
6292903,2017,2017-10-06,1203,2017-03-09,1114,4048,,4,5,4,1203,0,0,0,,0,,"4TH ST","S ST",6.00,W,N,B,-,Y,HUM,1,101,-,-,79.231,I,5,S,Y,1,1,0,2,C,-,18,,,F,G,B,B,A,H,-,A,A,0,Y,,,,Y,,-,"- ",0,0,0,1,0,0,0,0,0,"- ","- ",40.8048,-124.15260000000001,HUMBOLDT,EUREKA,-124.15252155,40.804693899999997
6292914,2017,2017-10-05,1203,2017-06-26,1820,4043,,1,5,4,1203,0,0,0,,0,,"BROADWAY ST","SUNSET RD",352.00,N,N,A,-,Y,HUM,1,101,-,-,75.490,H,-,S,Y,1,1,2,3,A,-,09,21804,A,N,D,C,A,A,H,-,A,A,0,,,Y,,Y,,A,08,0,1,1,0,0,0,0,1,0,"- ","- ",40.768059999999998,-124.19172,HUMBOLDT,EUREKA,-124.19169513999999,40.768580010000001
6292965,2017,2019-04-05,1203,2017-07-18,1027,464,SUPER,2,5,4,1203,0,0,0,,0,002,"RT 101",BAYSHORE,722.00,S,N,B,-,Y,HUM,1,101,-,-,76.420,H,-,N,N,1,1,0,2,A,-,10,21952,,N,G,B,F,A,H,-,A,D,0,Y,,,,Y,,D,22,0,0,0,1,0,0,0,0,0,"- ","- ",,,HUMBOLDT,EUREKA,-124.18578189999999,40.78011472
6367306,2014,2014-06-05,1203,2014-01-10,2146,635,,5,5,4,1203,0,0,0,,0,003,14TH,"R ST",90.00,E,N,B,-,N,,,,,,,,,,N,2,0,1,2,A,-,11,21954,A,N,G,B,E,A,H,-,C,D,0,Y,,,,Y,,N,60,1,0,0,0,1,0,0,0,0,"- ","- ",,,HUMBOLDT,EUREKA,-124.15100997,40.796463639999999
6377523,2014,2015-11-14,9125,2014-02-18,1652,19971,,2,2,9,1200,0,1,2,,2,022,"RT 101","SUNSET AV",3168.00,N,N,B,C,Y,HUM,1,101,-,-,87.770,H,-,N,Y,2,0,2,1,A,-,08,22107,,N,E,I,A,B,H,-,A,D,1,,,,,Y,,A,07,1,1,0,0,0,0,0,0,0,"- ","- ",,,HUMBOLDT,UNINCORPORATED,-124.07987550999999,40.890528109999998
6382835,2014,2015-11-14,9126,2014-02-09,0430,019194,,7,3,9,1200,0,1,2,,2,022,"RT 101","ENGLEWOOD PARK U/C",528.00,N,N,C,-,Y,HUM,1,101,-,R,39.290,H,-,S,Y,2,0,1,1,A,-,01,23152,A,N,E,I,A,B,H,-,D,D,1,,,,,Y,Y,D,22,1,0,0,0,0,0,0,0,0,"- ","- ",40.395679999999999,-123.94007000000001,HUMBOLDT,UNINCORPORATED,-123.94106671,40.396050529999997
6392662,2014,2014-07-15,1203,2014-02-21,1837,4027,,5,5,4,1203,0,0,0,,0,002,GLEN,ALLARD,0.00,,Y,B,-,N,,,,,,,,,,Y,2,0,1,2,A,-,05,21460,A,N,D,G,A,A,H,-,C,D,0,,Y,,,Y,,L,04,1,0,0,0,0,0,1,0,0,"- ","- ",,,HUMBOLDT,EUREKA,-124.18317996,40.773309900000001
6392667,2014,2015-11-14,9125,2014-02-28,1105,19093,,5,1,9,1200,0,1,3,,1,048,"RT 36","GOLDEN GATE DR",528.00,E,N,B,C,Y,HUM,1,36,-,-,21.390,H,-,E,Y,2,0,3,2,A,-,01,23152,E,N,A,C,A,B,H,-,A,D,0,,,,,Y,,D,22,2,1,0,0,0,0,0,0,0,"- ","- ",40.463650000000001,-123.8417,HUMBOLDT,UNINCORPORATED,-123.84108336,40.463950820000001
6393564,2014,2014-06-19,9126,2014-02-22,1510,20503,,6,2,9,1200,0,3,5,,2,222,"MATTOLE RD","MISS KATIE CUMMINGS MEMORIAL BR",3168.00,W,N,A,-,Y,,,,,,,,,,N,2,0,1,1,A,-,08,22107,,N,E,I,A,A,H,-,A,D,0,,,Y,,Y,,C,02,1,0,0,0,0,0,0,0,1,"- ","- ",40.292459999999998,-124.2512,HUMBOLDT,UNINCORPORATED,,
6401525,2014,2015-02-02,9126,2014-01-25,1650,020706,,6,2,9,1200,0,2,4,,1,002,"BRICELAND RD","SEELY CREEK RD",415.00,W,N,A,-,N,,,,,,,,,,Y,2,0,2,2,A,-,05,21650,,N,A,C,A,A,H,-,A,D,0,,,,,Y,,A,01,1,1,0,0,0,0,0,0,0,"- ","- ",,,HUMBOLDT,UNINCORPORATED,-123.85815011,40.129959999999997
6401529,2014,2015-11-14,9126,2014-01-18,1245,020706,,6,1,9,1200,0,1,3,,1,020,"RT 254","DYERVILLE RD",1584.00,N,N,A,-,Y,HUM,1,254,-,-,20.850,H,-,N,N,2,0,2,2,A,-,03,22350,,N,H,A,A,A,H,-,A,D,0,,Y,,,Y,,L,04,1,1,0,0,0,0,2,0,0,"- ","- ",40.950150000000001,-123.92919000000001,HUMBOLDT,UNINCORPORATED,-123.92326918000001,40.356370259999998
6425088,2014,2014-06-25,1201,2014-02-27,1403,546,A309,4,5,3,1201,0,0,0,,0,00S,"SAMOA BL","G ST",0.00,,Y,A,-,N,,,,,,,,,,Y,2,0,2,2,A,-,08,22107,,N,A,C,A,A,H,-,A,A,0,,,,,Y,,A,01,2,0,0,0,0,0,0,0,0,"- ","- ",,,HUMBOLDT,ARCATA,-124.08722993000001,40.864849890000002
6432397,2014,2015-11-14,1203,2014-03-14,2159,635,,5,5,4,1203,0,0,0,,0,002,"RT 101",HILFIKER,872.00,S,N,A,-,Y,HUM,1,101,-,-,75.570,H,-,N,Y,2,0,1,1,A,-,01,23152,E,N,E,I,A,A,H,-,C,D,0,,,,,Y,,A,01,1,0,0,0,0,0,0,0,0,"- ","- ",,,HUMBOLDT,EUREKA,-124.19136688,40.770039590000003
6455113,2014,2014-07-11,9126,2014-04-12,0805,020503,,6,1,9,1200,0,2,4,,1,002,"BRICELAND DR","EEL RIVER LN",3696.00,W,N,A,-,N,,,,,,,,,,Y,2,0,2,1,C,-,18,,,N,E,I,A,A,H,-,A,D,0,,,,,Y,,-,"- ",1,1,0,0,0,0,0,0,0,"- ","- ",,,HUMBOLDT,UNINCORPORATED,-123.84547166,40.124841689999997
6455723,2014,2014-07-09,1201,2014-03-12,1535,546,,3,5,3,1201,0,0,0,,0,,"SAMOA BL","BUTTERMILK LN",218.00,N,N,A,-,N,,,,,,,,,,Y,2,0,1,3,A,-,03,22350,,N,C,C,A,A,H,-,A,D,0,,,,,Y,,A,01,1,0,0,0,0,0,0,0,0,"- ","- ",,,HUMBOLDT,ARCATA,-124.07307208,40.857804960000003
6458658,2014,2015-11-20,9125,2014-04-27,0630,013699,,7,1,9,1200,0,1,3,,1,061,"RT 299","FORK CAMPGROUND",1056.00,W,N,B,-,Y,HUM,1,299,-,-,33.060,H,-,E,Y,2,0,1,1,A,-,03,22350,,N,F,A,A,B,H,-,B,A,0,,,,,Y,,D,22,1,0,0,0,0,0,0,0,0,"- ","- ",40.907859999999999,-123.71014,HUMBOLDT,UNINCORPORATED,-123.71076958,40.907570200000002
6458719,2014,2015-11-20,9125,2014-04-29,1820,019247,,2,2,9,1200,0,1,3,,1,047,"RT 36","REDWOOD HOUSE RD",2640.00,E,N,A,-,Y,HUM,1,36,-,-,12.110,H,-,E,Y,2,0,1,2,A,-,03,22350,,N,A,C,A,A,H,-,A,D,0,,,Y,,Y,,C,02,1,0,0,0,0,0,0,0,1,"- ","- ",40.492170000000002,-123.96992,HUMBOLDT,UNINCORPORATED,-123.96921708000001,40.491684239999998
6508886,2014,2014-07-31,9125,2014-05-20,1800,15939,,2,2,9,1200,0,3,5,,2,001,"QUARRY RD","MILL CREEK LN",100.00,E,N,A,-,N,,,,,,,,,,N,2,0,1,2,A,-,21,22106,,N,B,G,A,A,H,-,A,D,0,,Y,,,Y,,D,22,1,0,0,0,0,0,1,0,0,"- ","- ",41.664439999999999,-124.13341,HUMBOLDT,UNINCORPORATED,-124.13350539,41.064406409999997
6513507,2014,2015-11-20,9126,2014-06-07,0647,20503,,6,1,9,1200,0,1,2,,1,066,"RT 101","SOUTH BENBOW DR",4224.00,S,N,A,-,Y,HUM,1,101,-,-,2.100,H,-,S,Y,2,0,2,1,A,-,01,23152,A,N,E,I,A,A,H,-,B,D,0,,,,,Y,Y,A,01,2,0,0,0,0,0,0,0,0,"- ","- ",,,HUMBOLDT,UNINCORPORATED,-123.79395885,40.028666270000002
6520294,2014,2015-11-20,9125,2014-06-07,0155,20376,,6,3,9,1200,0,1,2,,2,045,"RT 101","PALMER BL",3168.00,S,N,A,-,Y,HUM,1,101,-,-,61.710,H,-,S,Y,2,0,1,1,A,-,08,22107,,N,E,I,A,A,H,-,C,D,1,,,,,Y,,A,07,1,0,0,0,0,0,0,0,0,"- ","- ",40.600189999999998,-124.16871999999999,HUMBOLDT,UNINCORPORATED,-124.16994763,40.600985369999997
6528563,2014,2015-11-20,9125,2014-06-20,0445,017418,,5,3,9,1200,0,1,3,,1,060,"RT 299","CHEZEM RD",6336.00,E,N,A,-,Y,HUM,1,299,-,R,21.930,H,-,E,Y,2,0,1,1,A,-,01,23152,A,N,E,I,A,A,H,-,D,D,0,,,,,Y,Y,A,01,1,0,0,0,0,0,0,0,0,"- ","- ",40.904980000000002,-123.81792,HUMBOLDT,UNINCORPORATED,-123.81654488,40.905028459999997
6529838,2014,2015-09-23,9125,2014-06-15,0055,017418,,7,3,9,1200,0,3,5,,2,005,"ISHI-PISHI RD","RT 96",3696.00,N,N,A,-,N,,,,,,,,,,Y,2,0,2,1,A,-,01,23152,A,N,E,I,A,A,H,-,D,D,0,,,,,Y,Y,A,01,1,1,0,0,0,0,0,0,0,"- ","- ",41.312350000000002,-123.56367,HUMBOLDT,UNINCORPORATED,-123.53116780000001,41.310166780000003
6537530,2014,2016-05-09,9125,2014-06-15,1250,016241,,7,1,9,1200,0,1,2,,2,045,"RT 101","NELLO BARSANTI MEMORIAL BRIDGE",70.00,N,N,A,-,Y,HUM,1,101,-,M,54.370,H,-,S,Y,2,0,1,1,A,-,03,22350,,N,E,I,A,A,H,-,A,D,1,,,Y,,Y,,C,02,1,0,0,0,0,0,0,0,1,"- ","- ",40.511800000000001,-124.12478,HUMBOLDT,UNINCORPORATED,-124.12546204,40.512292899999998
6559424,2014,2014-08-23,9125,2014-07-08,0155,018771,,2,3,9,1200,0,2,4,,1,020,"MYRTLE AV","MITCHELL RD",550.00,N,N,B,-,N,,,,,,,,,,Y,2,0,1,1,A,-,01,23152,A,N,E,H,A,A,H,-,D,D,0,,,Y,,Y,Y,C,03,1,0,0,0,0,0,0,0,1,"- ","- ",40.785939999999997,-124.11629000000001,HUMBOLDT,UNINCORPORATED,-124.11667414,40.785708620000001
6572821,2014,2016-02-10,9125,2014-07-24,1710,018064,,4,2,9,1200,0,1,3,,1,025,"RT 255","JACKSON RANCH RD",3168.00,S,N,A,G,Y,HUM,1,255,-,R,5.260,H,-,N,Y,2,0,1,1,A,-,03,22350,,N,F,A,A,A,H,-,A,D,0,,Y,,,Y,,L,04,1,0,0,0,0,0,1,0,0,"- ","- ",40.865560000000002,-124.14824,HUMBOLDT,UNINCORPORATED,-124.14825688000001,40.865566039999997
6588991,2014,2014-08-18,9126,2014-07-26,2145,20512,,6,2,9,1200,0,3,5,,2,222,"MATTOLE RD","MINOR LN",1320.00,E,N,A,-,N,,,,,,,,,,Y,2,0,3,1,A,-,01,23152,A,N,F,A,A,A,H,-,D,D,0,,,,,Y,Y,A,01,1,2,0,0,0,0,0,0,0,"- ","- ",40.270429999999998,-124.22685,HUMBOLDT,UNINCORPORATED,-124.23159286000001,40.274696849999998
6595556,2014,2016-04-27,9125,2014-07-31,1155,018064,,4,1,9,1200,0,1,2,,2,022,"RT 101","JACOBY CREEK",697.00,N,N,A,-,Y,HUM,1,101,-,-,84.640,H,-,N,Y,2,0,2,2,A,-,05,21651,B,N,B,D,A,A,H,-,A,D,1,,,,,Y,,A,01,1,0,1,0,0,0,0,0,0,"- ","- ",40.84554,-124.08181999999999,HUMBOLDT,UNINCORPORATED,-124.08169404,40.845499519999997
6595810,2014,2016-04-27,9126,2014-08-05,1820,20502,,2,2,9,1200,0,1,2,,2,044,"RT 101","FORK EEL RIVER BRIDGE",8342.00,S,N,B,-,Y,HUM,1,101,-,R,16.350,H,-,N,Y,2,0,1,1,A,-,08,22107,,N,F,A,A,A,H,-,A,D,1,,,Y,,Y,,C,02,1,0,0,0,0,0,0,0,1,"- ","- ",,,HUMBOLDT,UNINCORPORATED,-123.78682461,40.163069589999999
6605116,2014,2016-04-27,9126,2014-08-14,1530,020592,,4,2,9,1200,0,1,2,,1,066,"RT 101","SPROWEL CREEK RD",250.00,S,N,A,-,Y,HUM,1,101,-,R,11.050,H,-,S,Y,2,0,2,2,A,-,05,21651,B,N,A,C,A,A,H,-,A,D,1,,,Y,,Y,,C,02,1,0,1,0,0,0,0,0,1,"- ","- ",,,HUMBOLDT,UNINCORPORATED,-123.79644872999999,40.097522060000003
6605129,2014,2016-04-27,9126,2014-08-20,1235,020603,,3,1,9,1200,0,1,2,,1,066,"RT 101","RT 271",6336.00,N,N,A,-,Y,HUM,1,101,-,-,1.360,H,-,S,Y,2,0,1,1,A,-,08,22107,,N,E,I,A,A,H,-,A,D,0,,,,,Y,,A,01,1,0,0,0,0,0,0,0,0,"- ","- ",40.018340000000002,-123.79118,HUMBOLDT,UNINCORPORATED,-123.79136602,40.017976300000001
6606190,2014,2014-10-02,9126,2014-06-28,2035,20502,,6,2,9,1200,0,1,2,,2,022,"RT 101","BARKDULL RD",4224.00,N,N,A,-,Y,HUM,1,101,-,R,44.190,H,-,N,Y,1,1,2,1,A,-,01,23152,F,N,F,A,A,A,H,-,B,D,1,,,,,Y,Y,D,22,1,0,1,0,0,0,0,0,0,"- ","- ",40.440469999999998,-124.00196,HUMBOLDT,UNINCORPORATED,-124.00198319,40.440377990000002
6644035,2014,2015-01-16,9126,2014-11-11,1830,20502,,2,2,9,1200,0,3,5,,2,444,"4TH AV","HIGHLAND AV",114.00,S,N,A,-,N,,,,,,,,,,N,2,0,1,2,A,-,03,22350,,F,G,B,E,A,H,-,C,D,0,Y,,Y,,Y,,C,02,1,0,0,0,1,0,0,0,0,"- ","- ",40.176209999999998,-123.61278,HUMBOLDT,UNINCORPORATED,-123.61284000000001,40.176360000000003
6648358,2014,2014-10-14,9126,2014-09-29,0320,020502,,1,3,9,1200,0,3,5,,2,222,"MATTOLE RD","ELWIN C LINDLEY BRIDGE 4C-71",3168.00,E,N,A,-,N,,,,,,,,,,Y,2,0,1,1,A,-,01,23152,A,N,E,I,A,A,H,-,D,D,0,,,,,Y,Y,A,07,1,0,0,0,0,0,0,0,0,"- ","- ",,,HUMBOLDT,UNINCORPORATED,,
6657371,2014,2016-02-10,9125,2014-09-23,1205,018771,,2,1,9,1200,0,1,3,,1,047,"RT 36","LITTLE LARABEE CRK BRIDGE",7392.00,E,N,A,-,Y,HUM,1,36,-,-,25.730,H,-,W,Y,2,0,2,1,A,-,03,22350,,N,F,A,A,A,H,-,A,D,0,,,,,Y,,A,08,2,0,0,0,0,0,0,0,0,"- ","- ",,,HUMBOLDT,UNINCORPORATED,-123.77288715,40.478679820000004
6671534,2014,2014-12-16,9125,2014-10-01,2210,019194,,3,3,9,1200,0,3,5,,2,004,"EEL RIVER DR","TABLE BLUFF RD",1056.00,N,N,A,-,N,,,,,,,,,,Y,2,0,1,1,C,-,18,,,N,H,H,A,A,H,-,D,D,0,,,Y,,Y,,-,"- ",1,0,0,0,0,0,0,0,1,"- ","- ",,,HUMBOLDT,UNINCORPORATED,-124.211057,40.656722340000002
6674875,2014,2014-12-26,9126,2014-10-19,2110,019194,,7,2,9,1200,0,2,4,,1,002,"BRICELAND RD","OLD BRICELAND RD",1584.00,W,N,B,-,N,,,,,,,,,,Y,2,0,1,1,A,-,01,23152,A,N,E,I,A,B,H,-,D,D,0,,,,,Y,Y,D,22,1,0,0,0,0,0,0,0,0,"- ","- ",40.111449999999998,-123.89067,HUMBOLDT,UNINCORPORATED,-123.90119,40.108110000000003
6675451,2014,2016-04-27,1203,2014-09-09,2019,466,,2,5,4,1203,0,0,0,,0,002,BROADWAY,"S BAYSHORE MALL ENT",10.00,S,N,B,-,Y,HUM,1,101,-,-,76.077,I,5,N,N,2,0,2,3,A,-,10,21950,A,N,G,B,B,A,H,-,C,A,0,Y,,,,Y,,A,01,1,1,0,0,2,0,0,0,0,"- ","- ",,,HUMBOLDT,EUREKA,-124.19011331999999,40.776380510000003
6689141,2014,2016-06-15,9125,2014-10-17,1550,019243,,5,2,9,1200,0,1,3,,1,061,"RT 299","BOISE CREEK",15840.00,W,N,C,-,Y,HUM,1,299,-,-,35.950,H,-,E,Y,2,0,2,1,A,-,08,22107,,N,E,I,A,B,H,-,A,D,0,,,,,Y,,A,01,1,1,0,0,0,0,0,0,0,"- ","- ",40.933660000000003,-123.67485000000001,HUMBOLDT,UNINCORPORATED,-123.67471513,40.933661659999999
6716192,2014,2015-01-13,1203,2014-11-06,1750,4027,,4,5,4,1203,0,0,0,,0,002,WABASH,PINE,0.00,,Y,B,-,N,,,,,,,,,,Y,2,0,1,2,A,-,09,21801,A,N,D,C,A,B,H,-,D,D,0,,,Y,,Y,,D,22,1,0,0,0,0,0,0,0,1,"- ","- ",,,HUMBOLDT,EUREKA,-124.17301993,40.79149992