CASE_ID,ACCIDENT_YEAR,PROC_DATE,JURIS,COLLISION_DATE,COLLISION_TIME,OFFICER_ID,REPORTING_DISTRICT,DAY_OF_WEEK,CHP_SHIFT,POPULATION,CNTY_CITY_LOC,SPECIAL_COND,BEAT_TYPE,CHP_BEAT_TYPE,CITY_DIVISION_LAPD,CHP_BEAT_CLASS,BEAT_NUMBER,PRIMARY_RD,SECONDARY_RD,DISTANCE,DIRECTION,INTERSECTION,WEATHER_1,WEATHER_2,STATE_HWY_IND,CALTRANS_COUNTY,CALTRANS_DISTRICT,STATE_ROUTE,ROUTE_SUFFIX,POSTMILE_PREFIX,POSTMILE,LOCATION_TYPE,RAMP_INTERSECTION,SIDE_OF_HWY,TOW_AWAY,COLLISION_SEVERITY,NUMBER_KILLED,NUMBER_INJURED,PARTY_COUNT,PRIMARY_COLL_FACTOR,PCF_CODE_OF_VIOL,PCF_VIOL_CATEGORY,PCF_VIOLATION,PCF_VIOL_SUBSECTION,HIT_AND_RUN,TYPE_OF_COLLISION,MVIW,PED_ACTION,ROAD_SURFACE,ROAD_COND_1,ROAD_COND_2,LIGHTING,CONTROL_DEVICE,CHP_ROAD_TYPE,PEDESTRIAN_ACCIDENT,BICYCLE_ACCIDENT,MOTORCYCLE_ACCIDENT,TRUCK_ACCIDENT,NOT_PRIVATE_PROPERTY,ALCOHOL_INVOLVED,STWD_VEHTYPE_AT_FAULT,CHP_VEHTYPE_AT_FAULT,COUNT_SEVERE_INJ,COUNT_VISIBLE_INJ,COUNT_COMPLAINT_PAIN,COUNT_PED_KILLED,COUNT_PED_INJURED,COUNT_BICYCLIST_KILLED,COUNT_BICYCLIST_INJURED,COUNT_MC_KILLED,COUNT_MC_INJURED,PRIMARY_RAMP,SECONDARY_RAMP,LATITUDE,LONGITUDE,COUNTY,CITY,POINT_X,POINT_Y
6718103,2014,2016-01-13,9126,2014-12-22,1016,20503,,1,1,9,1200,0,1,2,,1,066,"RT 101","LAKE BENBOW DR",1584.00,N,N,B,-,Y,HUM,1,101,-,R,8.960,H,-,S,Y,1,1,1,2,A,-,05,21651,A,N,A,C,A,A,H,-,A,D,1,,,,Y,Y,Y,A,07,0,1,0,0,0,0,0,0,0,"- ","- ",40.069380000000002,-123.78949,HUMBOLDT,UNINCORPORATED,-123.78938603,40.068776710000002
6718180,2014,2015-12-17,9126,2014-11-10,1645,20919,,1,2,9,1200,0,3,5,,2,222,"MATTOLE RD","N FORK SMITH ETTER RD",250.00,W,N,A,-,N,,,,,,,,,,Y,1,1,1,2,A,-,01,23152,A,N,A,C,A,A,H,-,D,D,0,,,,,Y,Y,A,07,0,0,1,0,0,0,0,0,0,"- ","- ",40.237819999999999,-124.13337,HUMBOLDT,UNINCORPORATED,-124.13322714,40.237979129999999
6718206,2014,2015-03-11,9125,2014-12-23,2500,14428,,2,4,9,1200,0,3,5,,2,005,"METTAH CREEK RD","JOHNSONS RD",1.80,E,N,B,-,N,,,,,,,,,,Y,1,2,0,1,D,-,00,,,N,F,A,A,D,H,-,A,D,0,,,,,Y,,-,"- ",0,0,0,0,0,0,0,0,0,"- ","- ",41.30979,-123.87383,HUMBOLDT,UNINCORPORATED,-123.87382507,41.309772189999997
6718210,2014,2015-03-17,9125,2014-12-28,2322,19832,,7,3,9,1200,0,1,3,,1,050,"RT 96","SHOEMAKER RD",1584.00,N,N,B,-,Y,HUM,1,96,-,R,10.650,H,-,W,Y,1,1,0,1,A,-,01,23152,A,N,E,I,A,B,H,-,D,D,0,,,,,Y,Y,D,22,0,0,0,0,0,0,0,0,0,"- ","- ",41.039870000000001,-123.67097,HUMBOLDT,UNINCORPORATED,-123.67125753000001,41.040224219999999
6718660,2017,2018-03-01,1203,2017-09-05,2045,4033,,2,5,4,1203,0,0,0,,0,002,RAILROAD,14TH,146.00,S,N,C,-,N,,,,,,,,,,Y,1,1,0,1,A,-,01,23152,A,N,A,E,A,B,G,-,C,D,0,,,,,Y,Y,D,22,0,0,0,0,0,0,0,0,0,"- ","- ",,,HUMBOLDT,EUREKA,-124.18395371,40.79380433
6721321,2014,2016-06-15,9125,2014-11-13,1525,20361,,4,2,9,1200,0,1,3,,1,061,"RT 299","TITLOW HILL RD",12144.00,E,N,B,C,Y,HUM,1,299,-,-,31.540,H,-,E,Y,2,0,2,2,A,-,03,22350,,N,A,C,A,B,H,-,A,A,0,,,,,Y,,A,01,1,1,0,0,0,0,0,0,0,"- ","- ",40.542099999999998,-123.449,HUMBOLDT,UNINCORPORATED,-123.73571819,40.906230030000003
6732439,2014,2016-06-15,9126,2014-11-30,0629,20592,,7,1,9,1200,0,1,3,,2,040,"RT 271","RT 101",76.00,W,N,C,-,Y,HUM,1,271,-,T,0.160,H,-,S,Y,2,0,1,1,A,-,08,22107,,N,E,I,A,B,H,-,D,D,0,,,,,Y,,A,01,1,0,0,0,0,0,0,0,0,"- ","- ",40.003050000000002,-123.78344,HUMBOLDT,UNINCORPORATED,-123.78457736999999,40.002603700000002
6743936,2014,2016-02-18,9125,2014-11-17,2235,13551,,1,3,9,1200,0,3,5,,2,002,"AZALEA AV","RT 200",317.00,,N,A,-,N,,,,,,,,,,Y,2,0,1,1,A,-,01,23152,E,N,F,A,A,A,H,-,D,D,0,,,Y,,Y,,C,02,1,0,0,0,0,0,0,0,1,"- ","- ",40.916849999999997,-124.07901,HUMBOLDT,UNINCORPORATED,,
6759035,2014,2015-02-03,9125,2014-12-02,1530,17539,,2,2,9,1200,0,2,4,,1,021,"HARRISON AV","ERIE ST",80.00,S,N,B,C,N,,,,,,,,,,N,2,0,1,2,A,-,11,21954,A,N,G,B,D,B,H,-,A,A,0,Y,,,,Y,,N,60,1,0,0,0,1,0,0,0,0,"- ","- ",40.708399999999997,-124.13966000000001,HUMBOLDT,UNINCORPORATED,-124.13965902,40.78402036
6765130,2014,2016-06-16,9125,2014-12-13,2112,20491,,6,2,9,1200,0,1,2,,2,045,"RT 101","SHIVELY RD",1584.00,S,N,A,-,Y,HUM,1,101,-,R,48.920,H,-,S,Y,2,0,2,1,A,-,01,23152,A,N,E,I,A,A,H,-,D,D,1,,,,,Y,Y,A,01,1,0,1,0,0,0,0,0,0,"- ","- ",40.457850000000001,-124.06843000000001,HUMBOLDT,UNINCORPORATED,-124.06851902,40.457947400000002
6765284,2014,2015-02-03,9125,2014-12-09,2323,019190,,2,3,9,1200,0,3,5,,2,002,"FICKLE HILL RD","INGA RD",48048.00,E,N,A,-,N,,,,,,,,,,Y,2,0,1,1,A,-,08,22107,,N,E,I,A,A,H,-,D,D,0,,,,,Y,,A,07,1,0,0,0,0,0,0,0,0,"- ","- ",40.777659999999997,-123.96494,HUMBOLDT,UNINCORPORATED,-123.96574819,40.776560289999999
6765776,2014,2015-02-04,1203,2014-12-10,2124,4008,,3,5,4,1203,0,0,0,,0,003,BUHNE,"S ST",675.00,E,N,C,-,N,,,,,,,,,,N,2,0,1,2,A,-,01,21200,5,N,H,G,A,B,H,-,D,D,0,,Y,,,Y,Y,L,04,1,0,0,0,0,0,1,0,0,"- ","- ",,,HUMBOLDT,EUREKA,-124.14665436,40.78600582
6777519,2015,2016-09-23,9126,2015-01-09,2230,020886,,5,3,9,1200,0,1,3,,1,020,"RT 254","MAPLE HILLS RD",2112.00,N,N,E,-,Y,HUM,1,254,-,-,5.220,H,-,S,Y,2,0,2,1,A,-,03,22350,,N,F,A,A,A,H,-,D,D,0,,,,,Y,,A,01,1,1,0,0,0,0,0,0,0,"- ","- ",40.220849999999999,-123.81815,HUMBOLDT,UNINCORPORATED,-123.81805411000001,40.220752169999997
6804833,2015,2016-09-27,9126,2015-01-26,1355,02503,,1,1,9,1200,0,1,2,,2,044,"RT 101","S FORK EEL RIVER BR",1056.00,S,N,B,-,Y,HUM,1,101,-,R,17.130,H,-,S,Y,2,0,1,1,A,-,08,22107,,N,E,I,A,A,H,-,A,D,1,,,Y,,Y,Y,C,02,1,0,0,0,0,0,0,0,1,"- ","- ",,,HUMBOLDT,UNINCORPORATED,-123.78144755,40.171712489999997
6807604,2015,2015-03-03,9126,2015-01-29,1325,20592,,4,1,9,1200,0,3,5,,2,222,"TOTH RD","PARSONS RD",20.00,N,N,A,-,N,,,,,,,,,,N,2,0,1,2,A,-,08,22100,B,N,D,C,A,A,H,-,A,D,0,,,Y,,Y,,A,01,1,0,0,0,0,0,0,0,1,"- ","- ",40.020859999999999,-124.03442,HUMBOLDT,UNINCORPORATED,-124.05745127,40.03479385
6817318,2015,2015-03-02,1203,2015-01-28,1004,4027,,3,5,4,1203,0,0,0,,0,002,WABASH,CALIFORNIA,0.00,,Y,B,-,N,,,,,,,,,,Y,2,0,1,2,D,-,00,,,N,D,C,A,A,H,-,A,A,0,,,Y,,Y,,-,"- ",1,0,0,0,0,0,0,0,1,"- ","- ",,,HUMBOLDT,EUREKA,-124.17192995000001,40.791489949999999
6817538,2014,2016-06-16,1203,2014-12-07,0155,4038,,7,5,4,1203,0,0,0,,0,001,MYRTLE,"RT 101 N",153.00,S,N,A,-,Y,HUM,1,101,-,-,79.168,I,6,N,Y,2,0,1,2,A,-,00,23103,A,F,E,I,A,A,H,-,C,A,0,,,Y,,Y,,A,07,1,0,0,0,0,0,0,0,1,"- ","- ",,,HUMBOLDT,EUREKA,-124.15361452,40.803879569999999
6829087,2015,2015-03-12,9125,2015-01-23,1515,018172,,5,2,9,1200,0,3,5,,2,004,"MATTOLE RD","OLD MATTOLE RD",4224.00,W,N,A,-,N,,,,,,,,,,Y,2,0,1,1,A,-,03,22350,,N,E,I,A,B,H,-,A,D,0,,,,,Y,,D,23,1,0,0,0,0,0,0,0,0,"- ","- ",40.346510000000002,-124.34536,HUMBOLDT,UNINCORPORATED,-124.36553974,40.379606600000002
6854149,2015,2015-04-03,9125,2015-01-16,0400,19948,,5,3,9,1200,0,1,2,,2,019,"RT 101","AIRPORT RD",371.00,N,N,B,C,Y,HUM,1,101,-,R,93.950,H,-,S,Y,1,1,0,1,A,-,01,23152,A,N,E,I,A,B,H,-,C,A,1,,,,,Y,Y,A,01,0,0,0,0,0,0,0,0,0,"- ","- ",40.968870000000003,-124.1157,HUMBOLDT,UNINCORPORATED,-124.11610935,40.970114959999997
6854621,2015,2017-04-25,9125,2015-03-05,0138,20376,,4,3,9,1200,0,1,2,,2,030,"RT 101","KING SALMON AV",970.00,N,N,A,-,Y,HUM,1,101,-,-,73.043,R,1,N,N,1,1,0,2,A,-,11,21954,A,N,G,B,E,A,H,-,D,D,1,Y,,,,Y,Y,N,60,0,0,0,1,0,0,0,0,0,FR,"- ",40.738219999999998,-124.20841,HUMBOLDT,UNINCORPORATED,-124.20851912000001,40.737893800000002
6876826,2015,2015-04-28,9125,2015-03-14,1800,018172,,6,2,9,1200,0,3,5,,2,001,"6TH AV","KAHLSTROM AV",50.00,E,N,B,-,N,,,,,,,,,,N,2,0,1,2,A,-,08,22107,,F,B,G,A,A,H,-,B,D,0,,Y,,,Y,,-,99,1,0,0,0,0,0,1,0,0,"- ","- ",41.035829999999997,-124.11144,HUMBOLDT,UNINCORPORATED,-124.11155872,41.035819119999999
6876842,2015,2016-09-27,9125,2015-03-28,1820,020603,,6,2,9,1200,0,1,2,,2,030,"RT 101","LOLETA DR",528.00,N,N,A,-,Y,HUM,1,101,-,-,66.200,H,-,S,Y,2,0,1,1,A,-,08,22107,,N,F,A,A,A,H,-,A,D,1,,,,,Y,,A,01,1,0,0,0,0,0,0,0,0,"- ","- ",40.645339999999997,-124.20856999999999,HUMBOLDT,UNINCORPORATED,-124.2085264,40.645476049999999
6891113,2015,2016-09-23,9125,2015-03-31,1800,016478,,2,2,9,1200,0,1,3,,2,013,"RT 299","EXXEX GULCH RD",300.00,W,N,A,-,Y,HUM,1,299,-,R,2.440,H,-,E,Y,2,0,4,1,A,-,08,22107,,N,E,I,A,A,H,-,A,D,1,,,,,Y,,A,07,1,2,1,0,0,0,0,0,0,"- ","- ",40.908200000000001,-124.04593,HUMBOLDT,UNINCORPORATED,-124.04638586999999,40.908394049999998
6906866,2015,2015-05-13,9125,2015-04-08,1425,020946,,3,2,9,1200,0,3,5,,2,003,"CANNIBAL ISLAND RD","COCKROBIN ISLAND RD",528.00,E,N,A,-,N,,,,,,,,,,N,2,0,1,2,A,-,21,22106,,N,G,B,E,A,H,-,A,D,0,Y,,,,Y,,A,01,1,0,0,0,1,0,0,0,0,"- ","- ",40.643090000000001,-124.2865,HUMBOLDT,UNINCORPORATED,-124.28064696,40.64303306
6939462,2015,2015-06-02,1203,2015-04-25,1100,4045,,6,5,4,1203,0,0,0,,0,003,WABASH,"B ST",13.00,W,N,A,-,N,,,,,,,,,,N,2,0,1,1,A,-,04,21703,,N,H,J,A,A,H,-,A,D,0,,,Y,,Y,,C,02,1,0,0,0,0,0,0,0,1,"- ","- ",,,HUMBOLDT,EUREKA,-124.16977695999999,40.79148043
6946938,2015,2016-11-05,9125,2015-05-12,1905,013699,,2,2,9,1200,0,1,3,,1,061,"RT 299","CEDAR CREEK RD",2112.00,E,N,C,-,Y,HUM,1,299,-,-,30.900,H,-,E,Y,2,0,1,1,A,-,08,22107,,N,E,I,A,B,H,-,A,D,0,,,,,Y,,D,22,1,0,0,0,0,0,0,0,0,"- ","- ",40.90549,-123.74624,HUMBOLDT,UNINCORPORATED,-123.74663504999999,40.905679480000003
6959185,2015,2016-11-03,9126,2015-06-12,1700,20706,,5,2,9,1200,0,1,2,,1,066,"RT 101","LAKE BENBOW DR",3168.00,N,N,A,-,Y,HUM,1,101,-,R,9.240,H,-,S,Y,2,0,1,1,A,-,08,22107,,N,F,A,A,A,H,-,A,D,1,,,Y,,Y,,C,02,1,0,0,0,0,0,0,0,1,"- ","- ",,,HUMBOLDT,UNINCORPORATED,-123.79090339,40.072256520000003
6960354,2015,2016-11-05,9125,2015-05-23,0200,20603,,6,3,9,1200,0,1,3,,1,012,"RT 200","HUNTS RD",1613.00,E,N,B,-,Y,HUM,1,200,-,-,2.050,H,-,W,Y,2,0,2,1,A,-,00,23153,F,N,E,I,A,A,H,-,C,D,0,,,,,Y,Y,A,01,1,1,0,0,0,0,0,0,0,"- ","- ",40.544899999999998,-124.41,HUMBOLDT,UNINCORPORATED,-124.06639459,40.91477278
6978446,2015,2016-11-03,9126,2015-06-22,1945,020592,,1,2,9,1200,0,1,2,,2,022,"RT 101","NEWTON RD",5280.00,N,N,A,-,Y,HUM,1,101,-,-,34.230,H,-,N,Y,2,0,4,1,A,-,08,22107,,N,E,I,A,A,H,-,A,D,1,,,,,Y,,A,08,1,3,0,0,0,0,0,0,0,"- ","- ",40.334490000000002,-123.92977,HUMBOLDT,UNINCORPORATED,-123.92937298,40.334025320000002
6979676,2015,2016-11-05,9126,2015-06-12,1815,19194,,5,2,9,1200,0,1,3,,1,020,"RT 254","BOY SCOUT CAMP RD",5808.00,N,N,B,-,Y,HUM,1,254,-,-,13.640,H,-,N,Y,2,0,2,2,A,-,01,23152,A,N,E,I,A,A,H,-,A,D,0,,,Y,,Y,Y,C,02,1,1,0,0,0,0,0,0,2,"- ","- ",40.278689999999997,-123.88782,HUMBOLDT,UNINCORPORATED,-123.88681870000001,40.277586980000002
6989577,2015,2015-07-17,1203,2015-06-21,1330,4027,,7,5,4,1203,0,0,0,,0,002,KOSTER,15TH,50.00,N,N,A,-,N,,,,,,,,,,N,2,0,1,2,D,-,00,,,N,B,G,A,A,H,-,A,D,0,,Y,,,Y,,-,"- ",1,0,0,0,0,0,1,0,0,"- ","- ",,,HUMBOLDT,EUREKA,-124.17912671000001,40.793037249999998
6995623,2015,2015-08-03,1201,2015-06-26,1111,596,108,5,5,3,1201,0,0,0,,0,00N,"G ST","16TH ST",0.00,,Y,A,-,N,,,,,,,,,,N,2,0,1,2,A,-,10,21950,A,N,G,B,B,A,H,-,A,A,0,Y,,,,Y,,A,08,1,0,0,0,1,0,0,0,0,"- ","- ",,,HUMBOLDT,ARCATA,-124.08369991000001,40.874349940000002
6996752,2015,2015-07-31,1201,2015-05-21,0654,603,401,4,5,3,1201,0,0,0,,0,00S,"PARK AV",BAYVIEW,0.00,,Y,A,-,N,,,,,,,,,,N,2,0,1,1,A,-,15,21201,A,N,E,I,A,A,H,-,A,D,0,,Y,,,Y,,L,04,1,0,0,0,0,0,1,0,0,"- ","- ",40.87397,-124.07383,HUMBOLDT,ARCATA,-124.07578992000001,40.867759900000003
6997621,2015,2015-08-05,9125,2015-06-16,2125,19093,,2,2,9,1200,0,2,4,,1,020,"MYRTLE AV","RUSSELL LN",27.00,E,N,B,-,N,,,,,,,,,,Y,2,0,1,2,A,-,01,23152,A,N,C,E,A,A,H,-,C,A,0,,,,,Y,Y,A,01,1,0,0,0,0,0,0,0,0,"- ","- ",40.78237,-124.12765,HUMBOLDT,UNINCORPORATED,-124.12820852,40.782619259999997
7006649,2015,2015-10-07,9125,2015-02-21,2245,020603,,6,3,9,1200,0,1,3,,1,047,"RT 36","KELLER RD",895.00,W,N,A,-,Y,HUM,1,36,-,-,12.820,H,-,E,Y,1,2,2,1,A,-,01,23152,F,N,E,I,A,A,H,-,D,D,0,,,,,Y,Y,D,22,2,0,0,0,0,0,0,0,0,"- ","- ",40.482199999999999,-123.96254999999999,HUMBOLDT,UNINCORPORATED,-123.96232240000001,40.481990519999997
7082513,2015,2017-01-12,9125,2015-08-17,1720,11799,,1,2,9,1200,0,1,2,,2,017,"RT 101","DAVISON RD",1056.00,N,N,A,-,Y,HUM,1,101,-,-,124.010,H,-,N,Y,2,0,2,2,A,-,09,21804,A,N,D,C,A,A,H,-,A,D,1,,,,Y,Y,,A,07,2,0,0,0,0,0,0,0,0,"- ","- ",41.323889999999999,-124.0367,HUMBOLDT,UNINCORPORATED,-124.03749084,41.323368960000003
7082517,2015,2017-01-14,9125,2015-07-30,0750,20946,,4,1,9,1200,0,1,3,,1,047,"RT 36","REDWOOD HOUSE RD",211.00,W,N,A,-,Y,HUM,1,36,-,-,11.470,H,-,E,Y,2,0,1,2,A,-,05,21460,A,N,B,C,A,A,H,-,A,D,0,,,Y,,Y,,C,02,1,0,0,0,0,0,0,0,1,"- ","- ",40.499809999999997,-123.97486000000001,HUMBOLDT,UNINCORPORATED,-123.97461679,40.499841590000003
7082521,2015,2017-01-14,9125,2015-08-27,1300,20946,,4,1,9,1200,0,1,3,,1,048,"RT 36","BURR VALLEY RD",5544.00,W,N,A,-,Y,HUM,1,36,-,-,25.730,H,-,W,Y,2,0,2,1,A,-,03,22350,,N,F,A,A,A,H,-,A,D,0,,,,,Y,,J,43,1,1,0,0,0,0,0,0,0,"- ","- ",40.456220000000002,-123.65166000000001,HUMBOLDT,UNINCORPORATED,-123.77288715,40.478679820000004
7089113,2015,2017-02-01,1203,2015-10-02,1931,4043,,5,5,4,1203,0,0,0,,0,001,"RT 101","P ST",0.00,,Y,A,-,Y,HUM,1,101,-,-,79.088,I,5,N,N,2,0,1,2,A,-,11,21950,B,N,G,B,D,A,H,-,C,D,0,Y,,,,Y,,N,60,1,0,0,0,1,0,0,0,0,"- ","- ",,,HUMBOLDT,EUREKA,-124.15516427999999,40.803399550000002
7169474,2015,2016-01-27,1201,2015-12-19,2300,561,307,6,5,3,1201,0,0,0,,0,0DT,"H ST","18TH ST",0.00,,Y,C,-,N,,,,,,,,,,N,2,0,1,2,A,-,"- ",,,F,G,B,B,B,H,-,C,A,0,Y,,,,Y,Y,-,,1,0,0,0,1,0,0,0,0,"- ","- ",40.868029999999997,-124.08607000000001,HUMBOLDT,ARCATA,-124.08410995,40.876159889999997
7190399,2016,2018-09-27,1203,2016-01-28,1717,475,,4,5,4,1203,0,0,0,,0,003,TRINITY,F,0.00,,Y,B,-,N,,,,,,,,,,N,1,1,0,2,A,-,09,21802,A,N,H,G,A,A,H,-,B,A,0,,Y,,,Y,,L,04,0,0,0,0,0,1,0,0,0,"- ","- ",,,HUMBOLDT,EUREKA,-124.16349990000001,40.787790000000001
7200209,2017,2019-04-08,1203,2017-01-23,0955,464,SUPER,1,5,4,1203,0,0,0,,0,003,F,HARRIS,3.00,N,N,B,C,N,,,,,,,,,,N,1,1,0,2,A,-,10,21950,A,N,G,B,B,B,H,-,A,A,0,Y,,,,Y,,D,22,0,0,0,1,0,0,0,0,0,"- ","- ",,,HUMBOLDT,EUREKA,-124.16358979,40.780438240000002
8061837,2016,2017-02-13,1203,2016-06-09,1609,496,,4,5,4,1203,0,0,0,,0,001,"N ST",4TH,132.00,N,N,B,-,Y,HUM,1,101,-,-,78.963,I,6,S,Y,2,0,1,2,A,-,01,23152,F,F,C,E,A,A,H,-,A,D,0,,,,,Y,Y,A,01,1,0,0,0,0,0,0,0,0,"- ","- ",,,HUMBOLDT,EUREKA,-124.1575181,40.803961129999998
8080915,2016,2016-08-03,1201,2016-06-22,0940,510,404,3,5,3,1201,0,0,0,,0,00S,"UNION ST","BAYSIDE RD",0.00,,Y,A,-,N,,,,,,,,,,N,2,0,1,1,A,-,17,21200,,N,H,G,A,A,H,-,A,D,0,,Y,,,Y,,L,04,1,0,0,0,0,0,1,0,0,"- ","- ",40.866019999999999,-124.07794,HUMBOLDT,ARCATA,-124.07789991,40.866009890000001
8147705,2016,2017-02-24,1203,2016-08-21,2244,4063,,7,5,4,1203,0,0,0,,0,001,"RT 101","V ST",0.00,,Y,A,-,Y,HUM,1,101,-,-,79.403,I,5,N,Y,2,0,1,2,A,-,12,21453,A,N,D,C,A,A,H,-,C,A,0,,,,,Y,,D,22,1,0,0,0,0,0,0,0,0,"- ","- ",,,HUMBOLDT,EUREKA,-124.14927921,40.803851760000001
8166718,2016,2017-02-23,1203,2016-10-20,1456,4033,,4,5,4,1203,0,0,0,,0,003,P,HODGSON,0.00,,Y,A,-,N,,,,,,,,,,Y,1,1,0,1,C,-,18,,,N,E,I,A,A,H,-,A,A,0,,,,,Y,,-,"- ",0,0,0,0,0,0,0,0,0,"- ","- ",,,HUMBOLDT,EUREKA,-124.15244985,40.778819980000002
8182931,2016,2017-02-28,1203,2016-10-31,1933,4044,,1,5,4,1203,0,0,0,,0,001,"RT 101","O ST",138.00,W,N,C,-,Y,HUM,1,101,-,-,79.000,H,-,N,Y,2,0,1,3,A,-,08,22107,,N,C,E,A,B,H,-,C,D,0,,,,,Y,,D,22,1,0,0,0,0,0,0,0,0,"- ","- ",,,HUMBOLDT,EUREKA,-124.15679462999999,40.803186230000001
8183315,2016,2016-12-12,1203,2016-08-10,0128,4009,,3,5,4,1203,0,0,0,,0,00Z,CLEVELAND,GIBSON,98.00,N,N,B,-,N,,,,,,,,,,Y,2,0,1,1,A,-,08,22107,,N,E,I,A,A,H,-,C,D,0,,,,,Y,,A,01,1,0,0,0,0,0,0,0,0,"- ","- ",,,HUMBOLDT,EUREKA,-124.18288659,40.777109039999999
8187288,2016,2016-12-22,1203,2016-11-21,2107,4044,,1,5,4,1203,0,0,0,,0,001,"A ST","6TH ST",4.00,,N,A,-,N,,,,,,,,,,N,2,0,1,2,A,-,10,21950,A,F,G,B,B,B,H,-,C,A,0,Y,,,,Y,,A,01,1,0,0,0,1,0,0,0,0,"- ","- ",,,HUMBOLDT,EUREKA,-124.17111987,40.800349990000001
81873690,2022,2022-09-26,1203,2022-08-17,1311,4105,P16,3,5,4,1203,0,0,0,,0,001,"C ST","7TH ST",0.00,,Y,A,-,N,,,,,,,,,,N,2,0,1,2,A,-,10,21950,,N,G,B,B,A,H,-,A,A,0,Y,,,,Y,,A,01,1,0,0,0,1,0,0,0,0,"- ","- ",40.799839019775391,-124.16877746582031,HUMBOLDT,EUREKA,-124.16880798339844,40.799854278564453
81874864,2022,2022-09-27,1203,2022-09-02,1641,4107,P37,5,5,4,1203,0,0,0,,0,002,"BROADWAY ST","VIGO ST",322.00,N,-,A,-,Y,HUM,,101,,,76.836,H,,L,Y,2,0,1,2,A,-,03,22350,,N,D,C,A,A,H,-,A,D,0,,,,,Y,,M,96,1,0,0,0,0,0,0,0,0,"- ","- ",40.785308837890625,-124.18212127685547,HUMBOLDT,EUREKA,-124.18206787109375,40.785289764404297
81880711,2022,2022-10-03,1203,2022-09-03,1422,4137,P37,6,5,4,1203,0,0,0,,0,002,"BROADWAY ST","W HAWTHORNE ST",700.00,S,-,A,-,N,,,,,,,,,,N,2,0,2,3,A,-,03,22350,,N,C,C,A,A,H,-,A,D,0,,,,,Y,,A,01,2,0,0,0,0,0,0,0,0,"- ","- ",40.786628723144531,-124.18064880371094,HUMBOLDT,EUREKA,-124.18082427978516,40.787288665771484
81917467,2022,2022-11-14,1203,2022-10-12,1310,4068,P15,3,5,4,1203,0,0,0,,0,001,"FOURTH ST","COMMERCIAL ST",382.00,W,-,A,-,Y,HUM,,101,,,77.978,H,,L,N,2,0,1,2,A,-,03,22350,,N,D,C,A,A,H,-,A,A,0,,,Y,,Y,,C,02,1,0,0,0,0,0,0,0,1,"- ","- ",40.800861358642578,-124.17527770996094,HUMBOLDT,EUREKA,-124.17513275146484,40.800861358642578
81928034,2022,2022-11-28,1203,2022-11-03,1245,4130,P50,4,5,4,1203,0,0,0,,0,003,"HARRIS ST","DOLBEER ST",0.00,,Y,A,-,N,,,,,,,,,,Y,2,0,2,3,A,-,12,22450,A,N,D,C,A,A,H,-,A,A,0,,,,Y,Y,,A,08,1,1,0,0,0,0,0,0,0,"- ","- ",40.780479431152344,-124.14205169677734,HUMBOLDT,EUREKA,-124.14202880859375,40.780467987060547
81928656,2022,2022-11-29,1203,2022-11-03,1255,4101,P37,4,5,4,1203,0,0,0,,0,002,"US HWY 101 (BROADWAY ST)","W HENDERSON ST",430.00,S,-,A,-,Y,,,,,,,,,,Y,1,1,0,2,A,-,05,21651,B,N,A,C,A,A,H,-,A,D,0,,,,,Y,,A,01,0,0,0,0,0,0,0,0,0,"- ","- ",40.782291412353516,-124.18462371826172,HUMBOLDT,EUREKA,-124.18434906005859,40.782093048095703
81935050,2022,2023-01-10,1203,2022-11-28,1554,4044,P57,1,5,4,1203,0,0,0,,0,003,"I ST","RUSS ST",0.00,,Y,A,-,N,,,,,,,,,,Y,2,0,2,3,A,-,09,21802,A,N,D,C,A,A,H,-,A,A,0,,Y,,,Y,,A,07,1,1,0,0,0,0,1,0,0,"- ","- ",40.782028198242188,-124.16017913818359,HUMBOLDT,EUREKA,-124.16017150878906,40.782024383544922
81947939,2022,2023-02-09,1203,2022-11-14,1855,4076,P19,1,5,4,1203,0,0,0,,0,001,"FOURTH ST","R ST",178.00,E,-,A,-,Y,HUM,,101,,,79.210,H,,L,N,2,0,1,2,A,-,00,21954,,N,G,B,D,A,H,-,C,D,0,Y,,,,Y,,N,60,1,0,0,0,1,0,0,0,0,"- ","- ",40.804698944091797,-124.15293884277344,HUMBOLDT,EUREKA,-124.15293884277344,40.804718017578125
81947948,2022,2022-12-21,1203,2022-12-13,1302,4044,P56,2,5,4,1203,0,0,0,,0,003,"HARRIS ST","F ST",47.00,W,-,A,-,N,,,,,,,,,,N,2,0,1,3,A,-,17,22517,,N,B,E,A,A,H,-,A,D,0,,,Y,,Y,,A,01,1,0,0,0,0,0,0,0,1,"- ","- ",40.780429840087891,-124.16355895996094,HUMBOLDT,EUREKA,-124.16375732421875,40.780429840087891
81959942,2022,2023-01-04,1203,2022-12-27,2030,4124,P16,2,5,4,1203,0,0,0,,0,001,"FIFTH ST","E ST",0.00,,Y,B,-,Y,HUM,,101,,,78.455,H,,R,N,2,0,1,2,A,-,10,21950,A,N,G,B,B,A,H,-,C,A,0,Y,,,,Y,,A,07,1,0,0,0,1,0,0,0,0,"- ","- ",40.801780700683594,-124.16705322265625,HUMBOLDT,EUREKA,-124.16705322265625,40.801784515380859
81969632,2023,2023-01-17,1203,2023-01-10,2155,4038,P16,2,5,4,1203,0,0,0,,0,001,"SIXTH ST","E ST",0.00,,Y,A,-,N,,,,,,,,,,Y,2,0,2,2,A,-,12,21453,A,N,D,C,A,A,H,-,C,A,0,,,,,Y,,A,07,1,0,1,0,0,0,0,0,0,"- ","- ",40.800941467285156,-124.16684722900391,HUMBOLDT,EUREKA,-124.16686248779297,40.800941467285156