CASE_ID,ACCIDENT_YEAR,PROC_DATE,JURIS,COLLISION_DATE,COLLISION_TIME,OFFICER_ID,REPORTING_DISTRICT,DAY_OF_WEEK,CHP_SHIFT,POPULATION,CNTY_CITY_LOC,SPECIAL_COND,BEAT_TYPE,CHP_BEAT_TYPE,CITY_DIVISION_LAPD,CHP_BEAT_CLASS,BEAT_NUMBER,PRIMARY_RD,SECONDARY_RD,DISTANCE,DIRECTION,INTERSECTION,WEATHER_1,WEATHER_2,STATE_HWY_IND,CALTRANS_COUNTY,CALTRANS_DISTRICT,STATE_ROUTE,ROUTE_SUFFIX,POSTMILE_PREFIX,POSTMILE,LOCATION_TYPE,RAMP_INTERSECTION,SIDE_OF_HWY,TOW_AWAY,COLLISION_SEVERITY,NUMBER_KILLED,NUMBER_INJURED,PARTY_COUNT,PRIMARY_COLL_FACTOR,PCF_CODE_OF_VIOL,PCF_VIOL_CATEGORY,PCF_VIOLATION,PCF_VIOL_SUBSECTION,HIT_AND_RUN,TYPE_OF_COLLISION,MVIW,PED_ACTION,ROAD_SURFACE,ROAD_COND_1,ROAD_COND_2,LIGHTING,CONTROL_DEVICE,CHP_ROAD_TYPE,PEDESTRIAN_ACCIDENT,BICYCLE_ACCIDENT,MOTORCYCLE_ACCIDENT,TRUCK_ACCIDENT,NOT_PRIVATE_PROPERTY,ALCOHOL_INVOLVED,STWD_VEHTYPE_AT_FAULT,CHP_VEHTYPE_AT_FAULT,COUNT_SEVERE_INJ,COUNT_VISIBLE_INJ,COUNT_COMPLAINT_PAIN,COUNT_PED_KILLED,COUNT_PED_INJURED,COUNT_BICYCLIST_KILLED,COUNT_BICYCLIST_INJURED,COUNT_MC_KILLED,COUNT_MC_INJURED,PRIMARY_RAMP,SECONDARY_RAMP,LATITUDE,LONGITUDE,COUNTY,CITY,POINT_X,POINT_Y
8197685,2016,2017-01-12,1201,2016-11-06,1820,606,201,7,5,3,1201,0,0,0,,0,0VW,"VALLEY WEST BL","GIUNTOLI BL",150.00,S,N,A,-,N,,,,,,,,,,Y,2,0,2,2,A,-,01,23153,A,N,A,C,A,A,H,-,C,D,0,,,,,Y,Y,A,01,1,1,0,0,0,0,0,0,0,"- ","- ",40.904989999999998,-124.08302,HUMBOLDT,ARCATA,-124.08297435999999,40.904628199999998
81988544,2023,2023-02-07,1203,2023-01-28,1628,4147,P18,6,5,4,1203,0,0,0,,0,001,"SIXTH ST","M ST",0.00,,Y,A,-,N,,,,,,,,,,Y,2,0,1,2,A,-,09,21802,,N,D,C,A,A,H,-,A,A,0,,,,,Y,,A,01,1,0,0,0,0,0,0,0,0,"- ","- ",40.802150726318359,-124.15815734863281,HUMBOLDT,EUREKA,-124.15815734863281,40.802158355712891
82002187,2023,2023-02-24,1203,2023-02-05,1622,4021,P62,7,5,4,1203,0,0,0,,0,003,"F S","MANZANITA ST",455.00,N,-,C,-,N,,,,,,,,,,Y,2,0,1,2,A,-,08,22107,,N,C,E,A,B,H,-,A,D,0,,,,,Y,,A,01,1,0,0,0,0,0,0,0,0,"- ","- ",40.777248382568359,-124.16327667236328,HUMBOLDT,EUREKA,-124.16361236572266,40.777347564697266
82018652,2023,2023-03-15,1203,2023-03-01,"808 ",4146,P68,3,5,4,1203,0,0,0,,0,003,"CAMPTON RD","FERN DR",23.00,E,-,B,-,N,,,,,,,,,,Y,2,0,1,2,A,-,03,22350,,N,A,C,A,C,G,-,A,D,0,,,,,Y,,A,01,1,0,0,0,0,0,0,0,0,"- ","- ",40.767921447753906,-124.15773773193359,HUMBOLDT,EUREKA,-124.15767669677734,40.767898559570312
82024082,2023,2023-03-21,1203,2023-03-11,1922,4124,P69,6,5,4,1203,0,0,0,,0,002,"BROADWAY ST","SUNSET DR",330.00,N,-,C,-,Y,HUM,,101," "," ",75.494,H,,L,Y,2,0,2,2,A,-,09,21804,A,N,D,C,A,B,H,-,C,D,0,,,,,Y,,A,01,1,0,1,0,0,0,0,0,0,"- ","- ",40.768169403076172,-124.19199371337891,HUMBOLDT,EUREKA,-124.19171905517578,40.768165588378906
82038927,2023,2023-04-06,1203,2023-03-29,1344,0496,P56,3,5,4,1203,0,0,0,,0,003,"HARRIS ST","F ST",20.00,W,-,A,-,N,,,,,,,,,,N,2,0,1,2,A,-,03,22350,,N,C,C,A,A,H,-,A,A,0,,,,,Y,,A,07,1,0,0,0,0,0,0,0,0,"- ","- ",40.780429840087891,-124.16355895996094,HUMBOLDT,EUREKA,-124.16366577148438,40.780429840087891
82041299,2023,2023-04-10,1203,2023-03-04,"654 ",4101,P17,6,5,4,1203,0,0,0,,0,001,"FIFTH ST","K ST",0.00,,Y,C,-,Y,HUM,,101," "," ",78.751,H,,R,Y,1,1,0,2,A,-,10,21950,C,F,G,B,B,B,H,-,B,D,0,Y,,,,Y,,A,07,0,0,0,1,0,0,0,0,0,"- ","- ",40.802650451660156,-124.16150665283203,HUMBOLDT,EUREKA,-124.16148376464844,40.802558898925781
82070108,2023,2023-05-16,1203,2023-05-06,"416 ",4068,P53,6,5,4,1203,0,0,0,,0,002,"OCEAN AVE","WEST HENDERSON ST",18.00,S,-,A,-,N,,,,,,,,,,Y,2,0,1,2,A,-,22,23123,,N,H,G,A,A,H,-,C,D,0,,Y,,,Y,Y,D,22,1,0,0,0,0,0,1,0,0,"- ","- ",40.781848907470703,-124.18142700195312,HUMBOLDT,EUREKA,-124.18151092529297,40.781806945800781
82071863,2023,2023-05-18,1203,2023-05-05,1651,4107,P15,5,5,4,1203,0,0,0,,0,001,"FIFTH ST","B ST",8.00,E,-,A,-,Y,HUM,,101," "," ",78.285,H,,R,N,2,0,1,2,A,-,17,21200,A,N,H,G,A,A,H,-,A,A,0,,Y,,,Y,,L,04,1,0,0,0,0,0,1,0,0,"- ","- ",40.801338195800781,-124.17024230957031,HUMBOLDT,EUREKA,-124.17024230957031,40.801342010498047
82071911,2023,2023-05-18,1203,2023-05-12,1510,4124,P19,5,5,4,1203,0,0,0,,0,001,"FOURTH ST","R ST",0.00,,Y,A,-,N,,,,,,,,,,Y,2,0,3,2,A,-,09,21801,A,N,D,C,A,A,H,-,A,A,0,,,,,Y,,A,01,1,1,1,0,0,0,0,0,0,"- ","- ",40.804710388183594,-124.15358734130859,HUMBOLDT,EUREKA,-124.15365600585938,40.804714202880859
82095072,2023,2023-06-15,1203,2023-06-03,1558,4107,P19,6,5,4,1203,0,0,0,,0,001,"FOURTH ST","R ST",0.00,,Y,A,-,Y,HUM,,255," "," ",0.058,H,,R,N,2,0,1,1,A,-,03,22350,,N,E,I,A,A,H,-,A,D,0,,,Y,,Y,,C,02,1,0,0,0,0,0,0,0,1,"- ","- ",40.804710388183594,-124.15358734130859,HUMBOLDT,EUREKA,-124.15358734130859,40.804710388183594
82099229,2023,2023-06-21,1203,2023-05-22,"918 ",4146,P17,1,5,4,1203,0,0,0,,0,001,"FOURTH ST","I ST",0.00,,Y,A,-,Y,HUM,,101," "," ",78.682,H,,L,N,2,0,1,2,A,-,11,21456,A,N,G,B,B,A,H,-,A,A,0,Y,,,,Y,,N,60,1,0,0,0,1,0,0,0,0,"- ","- ",40.803230285644531,-124.16288757324219,HUMBOLDT,EUREKA,-124.16289520263672,40.803241729736328
82144041,2023,2023-08-15,1203,2023-07-28,"346 ",4084,P37,5,5,4,1203,0,0,0,,0,002,"BROADWAY ST","W DEL NORTE ST",63.00,S,-,A,-,Y,HUM,,101," "," ",77.240,H,,R,N,2,0,1,2,A,-,08,22107,,F,G,B,F,A,H,-,C,A,0,Y,,,,Y,,A,07,1,0,0,0,1,0,0,0,0,"- ","- ",40.790679931640625,-124.17884826660156,HUMBOLDT,EUREKA,-124.17882537841797,40.790672302246094
82175359,2023,2023-09-20,1203,2023-09-14,1137,4147,P46,4,5,4,1203,0,0,0,,0,003,"DOLLISON ST","C ST",0.00,,Y,A,-,N,,,,,,,,,,Y,2,0,1,2,A,-,09,21802,,M,D,C,A,A,H,-,A,A,0,,,Y,,Y,,A,01,1,0,0,0,0,0,0,0,1,"- ","- ",40.784061431884766,-124.16851806640625,HUMBOLDT,EUREKA,-124.168701171875,40.784149169921875
82177386,2023,2023-09-22,1203,2023-09-21,"146 ",4086,P15,4,5,4,1203,0,0,0,,0,001,"FIFTH ST","A ST",0.00,,Y,A,-,N,,,,,,,,,,Y,2,0,2,3,A,-,01,23152,A,N,D,C,A,A,H,-,C,A,0,,,,,Y,Y,A,01,2,0,0,0,0,0,0,0,0,"- ","- ",40.801368713378906,-124.17098236083984,HUMBOLDT,EUREKA,-124.17134094238281,40.801204681396484
82239356,2023,2023-11-17,1203,2023-11-13,1430,4147,P50,1,5,4,1203,0,0,0,,0,003,"HARRISON AVE","BUHNE ST",0.00,,Y,A,-,N,,,,,,,,,,N,2,0,1,2,A,-,09,21801,,N,D,C,A,A,H,-,A,A,0,,,Y,,Y,,A,01,1,0,0,0,0,0,0,0,1,"- ","- ",40.786281585693359,-124.13993072509766,HUMBOLDT,EUREKA,-124.13962554931641,40.785930633544922
82246763,2023,2023-11-28,1203,2023-10-30,2105,4139,P37,1,5,4,1203,0,0,0,,0,002,"BROADWAY ST","VIGO ST",145.00,N,-,A,-,Y,HUM,,101," "," ",76.810,H,,R,N,2,0,1,2,A,-,03,22350,,N,C,C,A,A,H,-,C,A,0,,,Y,,Y,,D,22,1,0,0,0,0,0,0,0,0,"- ","- ",40.784931182861328,-124.18215942382812,HUMBOLDT,EUREKA,-124.18215942382812,40.784931182861328
82249924,2023,2023-12-01,1203,2023-11-07,1404,4039,P54,2,5,4,1203,0,0,0,,0,002,"UNION ST","HENDERSON ST",0.00,,Y,A,-,N,,,,,,,,,,Y,2,0,3,2,A,-,09,21802,A,M,D,C,A,A,H,-,A,A,0,,,,,Y,,A,07,3,0,0,0,0,0,0,0,0,"- ","- ",40.783008575439453,-124.175048828125,HUMBOLDT,EUREKA,-124.17510223388672,40.783012390136719
82268245,2023,2023-12-21,1203,2023-11-27,1619,4044,P50,1,5,4,1203,0,0,0,,0,003,"2650 HARRISON AV",HARRISON,70.00,W,-,A,-,N,,,,,,,,,,N,2,0,1,2,B,-,22,,,M,H,E,A,A,H,-,A,D,0,,,,,Y,,A,07,1,0,0,0,0,0,0,0,0,"- ","- ",40.783451080322266,-124.14000701904297,HUMBOLDT,EUREKA,,
82283144,2024,2024-01-09,1203,2024-01-04,1725,4105,P16,4,5,4,1203,0,0,0,,0,001,"FIFTH ST","F ST",133.00,W,-,A,-,Y,HUM,,101," "," ",78.493,H,,R,Y,2,0,1,2,A,-,00,21945,A,N,G,B,D,A,H,-,C,D,0,Y,,,,Y,,N,60,1,0,0,0,1,0,0,0,0,"- ","- ",40.801849365234375,-124.16632843017578,HUMBOLDT,EUREKA,-124.16633605957031,40.801883697509766
82300719,2024,2024-01-30,1203,2024-01-22,1856,4045,,1,5,4,1203,0,0,0,,0,001,"FIFTH ST","C ST",0.00,,Y,C,-,Y,,,,,,,,,,Y,2,0,3,2,A,-,12,22450,A,N,D,C,A,B,H,-,C,A,0,,,,,Y,,A,01,1,2,0,0,0,0,0,0,0,"- ","- ",40.801059722900391,-124.17012023925781,HUMBOLDT,EUREKA,-124.16921997070312,40.801490783691406
82319240,2024,2024-02-21,1203,2024-02-07,1356,4139,P17,3,5,4,1203,0,0,0,,0,001,"I ST","FOURTH ST",0.00,,Y,A,-,Y,HUM,,101," "," ",78.682,H,,L,Y,2,0,3,3,A,-,12,21453,,N,D,C,A,A,H,-,A,A,0,,,,,Y,,A,07,1,1,1,0,0,0,0,0,0,"- ","- ",40.803230285644531,-124.16288757324219,HUMBOLDT,EUREKA,-124.16289520263672,40.803241729736328
82327917,2024,2024-03-08,1203,2024-02-04,1343,4107,,7,5,4,1203,0,0,0,,0,003,"I ST","BUHNE ST",0.00,,Y,A,-,N,,,,,,,,,,Y,2,0,4,2,A,-,12,21453,,N,D,C,A,B,H,-,A,A,0,,,,,Y,,D,22,1,0,3,0,0,0,0,0,0,"- ","- ",40.786140441894531,-124.16013336181641,HUMBOLDT,EUREKA,-124.16014099121094,40.786144256591797
82337410,2024,2024-03-13,1203,2024-03-07,1757,4139,HCSO,4,5,4,1203,0,0,0,,0,HCSO,"S HIGHWAY 101",HERRICK,1232.00,N,-,A,-,Y,,,,,,,,,,N,2,0,2,2,A,-,08,22107,,N,D,C,A,A,H,-,A,D,0,,,,,Y,,D,22,1,0,1,0,0,0,0,0,0,"- ","- ",40.758289337158203,-124.19074249267578,HUMBOLDT,EUREKA,,
82342039,2024,2024-03-19,1203,2024-03-02,2120,4124,,6,5,4,1203,0,0,0,,0,001,"N HIGHWAY 101","AIRPORT RD",1093.00,W,-,C,-,Y,HUM,,101," "," ",80.840,H,,R,Y,1,1,0,1,A,-,03,22350,,N,E,I,A,B,H,-,D,D,0,,,,,Y,,A,07,0,0,0,0,0,0,0,0,0,"- ","- ",40.805519104003906,-124.12246704101562,HUMBOLDT,EUREKA,-124.12248229980469,40.805545806884766
82348810,2024,2024-03-27,1203,2024-03-04,1208,4101,,1,5,4,1203,0,0,0,,0,001,"H ST","FOURTH ST",0.00,,Y,C,-,Y,HUM,,101," "," ",78.616,H,,L,N,2,0,1,2,A,-,03,22350,,N,G,B,B,B,H,-,A,A,0,Y,,,,Y,,D,72,1,0,0,0,1,0,0,0,0,"- ","- ",40.803070068359375,-124.16401672363281,HUMBOLDT,EUREKA,-124.16402435302734,40.803081512451172
82356078,2024,2024-04-04,1203,2024-03-31,2110,4124,,7,5,4,1203,0,0,0,,0,001,"FIFTH ST","R ST",0.00,,Y,A,-,Y,HUM,,101," "," ",79.167,H,,R,N,2,0,2,3,A,-,00,23453,A,F,G,B,B,A,H,-,C,A,0,Y,,,,Y,,A,07,1,1,0,0,2,0,0,0,0,"- ","- ",40.803859710693359,-124.15367889404297,HUMBOLDT,EUREKA,-124.15367126464844,40.803848266601562
82401065,2024,2024-05-29,1203,2024-05-17,"715 ",4105,,5,5,4,1203,0,0,0,,0,001,"FOURTH ST","O ST",71.00,N,-,A,-,Y,HUM,,101," "," ",78.994,H,,L,Y,2,0,1,1,A,-,03,22350,A,N,E,I,A,A,H,-,A,D,0,,,Y,,Y,,C,02,1,0,0,0,0,0,0,0,1,"- ","- ",40.803981781005859,-124.15696716308594,HUMBOLDT,EUREKA,-124.156982421875,40.804054260253906
82401610,2024,2024-05-30,1203,2024-05-02,"626 ",4101,,4,5,4,1203,0,0,0,,0,002,"W WABASH AV","BROADWAY ST",0.00,,Y,C,-,Y,HUM,,101," "," ",77.299,H,,R,N,2,0,1,2,A,-,02,22400,A,N,D,C,A,B,H,-,B,A,0,,,Y,,Y,,C,03,1,0,0,0,0,0,0,0,1,"- ","- ",40.791511535644531,-124.17835235595703,HUMBOLDT,EUREKA,-124.17830657958984,40.791496276855469
82898230,2024,2024-07-30,1203,2024-07-23,1732,4068,,2,5,4,1203,0,0,0,,0,003,"I ST","10TH ST",121.00,S,-,A,-,N,,,,,,,,,,Y,2,0,1,2,A,-,08,22107,,N,B,C,A,A,H,-,A,D,0,,,,,Y,,A,01,1,0,0,0,0,0,0,0,0,"- ","- ",40.798309326171875,-124.16172790527344,HUMBOLDT,EUREKA,-124.16165161132812,40.797962188720703
8294589,2017,2017-02-03,1203,2017-01-04,1546,464,,3,5,4,1203,0,0,0,,0,003,GROTTO,"D ST",0.00,,Y,A,-,N,,,,,,,,,,Y,2,0,1,2,A,-,09,21801,A,N,A,C,A,A,H,-,A,D,0,,,Y,,Y,,A,01,1,0,0,0,0,0,0,0,0,"- ","- ",,,HUMBOLDT,EUREKA,-124.16575988,40.781660000000002
8308369,2016,2017-02-21,1203,2016-12-09,1709,4063,1203,5,5,4,1203,0,0,0,,0,002,ALBEE,WABASH,22.00,N,N,C,-,N,,,,,,,,,,N,2,0,1,2,A,-,08,22107,,N,D,C,A,B,H,-,C,D,0,,,Y,,Y,,D,22,1,0,0,0,0,0,0,0,1,"- ","- ",,,HUMBOLDT,EUREKA,-124.17607861,40.79158039
8391095,2017,2017-06-28,1203,2017-05-30,1820,4033,,2,5,4,1203,0,0,0,,0,001,"E ST","HILLSDALE ST",12.00,S,N,A,-,N,,,,,,,,,,Y,2,0,1,2,A,-,08,22100,B,N,D,C,A,A,H,-,A,D,0,,,Y,,Y,,A,01,1,0,0,0,0,0,0,0,1,"- ","- ",,,HUMBOLDT,EUREKA,-124.16552349,40.79543743
8391146,2017,2018-04-11,1203,2017-05-26,1615,4051,,5,5,4,1203,0,0,0,,0,001,"RT 101","B ST",0.00,,Y,A,-,Y,HUM,1,101,-,-,78.272,I,5,S,Y,2,0,1,2,A,-,03,22350,,N,D,C,A,A,H,-,A,A,0,,,Y,,Y,,C,02,1,0,0,0,0,0,0,0,1,"- ","- ",,,HUMBOLDT,EUREKA,-124.17045332000001,40.802159500000002
8425762,2017,2018-05-21,1203,2017-07-14,1828,4049,,5,5,4,1203,0,0,0,,0,001,"RT 101","K ST",43.00,W,N,B,-,Y,HUM,1,101,-,-,78.730,H,-,S,N,2,0,1,2,A,-,11,21954,A,N,G,B,D,A,H,-,A,D,0,Y,,,,Y,,N,60,1,0,0,0,1,0,0,0,0,"- ","- ",,,HUMBOLDT,EUREKA,-124.16188552,40.80335788
84397263,2024,2024-09-17,1203,2024-09-06,1527,4044,,5,5,4,1203,0,0,0,,0,002,"SHORT ST","W WABASH AVE",0.00,,Y,A,-,N,,,,,,,,,,Y,2,0,3,2,A,-,09,21802,A,N,D,C,A,A,H,-,A,A,0,,,,Y,Y,,A,07,1,1,1,0,0,0,0,0,0,"- ","- ",40.791648864746094,-124.18218994140625,HUMBOLDT,EUREKA,-124.18063354492188,40.791538238525391
8449279,2017,2017-09-22,1203,2017-08-09,1045,4044,,3,5,4,1203,0,0,0,,0,001,"7TH ST","H ST",0.00,,Y,B,-,N,,,,,,,,,,Y,2,0,4,4,A,-,12,21453,A,N,D,C,A,A,H,-,A,A,0,,,,,Y,,A,01,1,1,2,0,0,0,0,0,0,"- ","- ",,,HUMBOLDT,EUREKA,-124.16340993999999,40.800589950000003
84496475,2024,2024-12-12,1203,2024-11-27,2500,4124,,3,5,4,1203,0,0,0,,0,001,"G ST","TWELTH ST",78.00,S,-,A,-,N,,,,,,,,,,N,2,0,1,2,A,-,03,22350,,F,G,B,E,A,H,-,A,D,0,Y,,,,Y,Y,-,99,1,0,0,0,1,0,0,0,0,"- ","- ",40.796409606933594,-124.16354370117188,HUMBOLDT,EUREKA,,
8454887,2017,2017-10-06,1205,2017-08-15,1752,0112,,2,5,3,1205,0,0,0,,0,,"REDWOOD WY",ALLEY,0.00,,Y,A,-,N,,,,,,,,,,Y,2,0,1,2,A,-,09,21801,A,N,D,C,A,A,H,-,A,D,0,,,Y,,Y,,A,01,1,0,0,0,0,0,0,0,1,"- ","- ",40.561500000000002,-124.13289,HUMBOLDT,FORTUNA,,
84555666,2025,2025-01-30,1203,2025-01-22,2214,4045,,3,5,4,1203,0,0,0,,0,HCSO,"H ST","OAK ST",94.00,N,-,A,-,N,,,,,,,,,,Y,2,0,4,3,A,-,01,23153,,N,B,E,A,A,H,-,C,D,0,,,,,Y,Y,A,01,1,3,0,0,0,0,0,0,0,"- ","- ",40.771499633789062,-124.16172027587891,HUMBOLDT,EUREKA,-124.16140747070312,40.771415710449219
84588993,2025,2025-02-25,1203,2025-02-02,1903,4044,,7,5,4,1203,0,0,0,,0,001,"FIFTH ST","E ST",0.00,,Y,C,-,N,,,,,,,,,,Y,2,0,5,2,A,-,12,21453,A,N,D,C,A,B,H,-,C,A,0,,,,,Y,,-,"- ",1,4,0,0,0,0,0,0,0,"- ","- ",40.801780700683594,-124.16705322265625,HUMBOLDT,EUREKA,-124.16706848144531,40.801788330078125
8462137,2017,2018-05-21,1203,2017-09-19,1916,4044,,2,5,4,1203,0,0,0,,0,002,"RT 101",HILFIKER,1317.00,S,N,B,-,Y,HUM,1,101,-,-,75.490,H,-,N,Y,2,0,1,1,A,-,01,23152,A,N,E,I,A,A,H,-,B,D,0,,,,,Y,Y,A,07,1,0,0,0,0,0,0,0,0,"- ","- ",,,HUMBOLDT,EUREKA,-124.19157456000001,40.76856678
84650526,2025,2025-04-15,1203,2025-01-23,2151,4101,,4,5,4,1203,0,0,0,,0,002,"TOMLINSON ST","BROADWAY ST",0.00,,Y,-,-,Y,HUM,,101," "," ",75.968,H,,R,Y,1,1,0,2,A,-,00,21954,,N,G,B,D,A,H,-,C,D,0,Y,,,,Y,,N,60,0,0,0,1,0,0,0,0,0,"- ","- ",40.775028228759766,-124.1904296875,HUMBOLDT,EUREKA,-124.19036865234375,40.7750244140625
8465713,2018,2019-04-08,1203,2018-05-02,1435,86,,3,5,4,1203,0,0,0,,0,,"BROADWAY ST","HIGHLAND AV",0.00,,Y,A,-,Y,HUM,1,101,-,-,75.980,H,-,N,Y,1,1,0,2,A,-,09,21802,A,N,F,A,A,A,H,-,A,A,0,,,Y,,Y,,A,01,0,0,0,0,0,0,0,1,0,"- ","- ",40.775341033935547,-124.19036865234375,HUMBOLDT,EUREKA,-124.19036102294922,40.775203704833984
84686064,2025,2025-05-13,1203,2025-05-05,1603,4045,,1,5,4,1203,0,0,0,,0,003,"HARRIS ST","J ST",0.00,,Y,A,-,N,,,,,,,,,,N,2,0,2,2,A,-,08,22107,,N,A,C,A,A,H,-,A,D,0,,,,,Y,,A,07,1,0,1,0,0,0,0,0,0,"- ","- ",40.780368804931641,-124.15901947021484,HUMBOLDT,EUREKA,-124.1590576171875,40.780357360839844
84688789,2025,2025-05-15,1203,2025-04-12,1008,4101,,6,5,4,1203,0,0,0,,0,001,"THIRD ST","V ST",0.00,,Y,A,-,N,,,,,,,,,,Y,2,0,2,3,A,-,12,22450,,N,A,C,F,A,H,-,A,A,0,Y,,Y,,Y,,C,02,1,1,0,0,1,0,0,0,1,"- ","- ",40.805530548095703,-124.14932250976562,HUMBOLDT,EUREKA,-124.14933013916016,40.805496215820312
84693738,2025,2025-05-20,1203,2025-05-15,1048,4067,,4,5,4,1203,0,0,0,,0,003,"H ST","FOURTEENTH ST",0.00,,Y,A,-,N,,,,,,,,,,N,2,0,2,2,A,-,12,21453,A,N,D,C,A,A,H,-,A,A,0,,,,,Y,,A,07,1,1,0,0,0,0,0,0,0,"- ","- ",40.794940948486328,-124.16207122802734,HUMBOLDT,EUREKA,-124.16207885742188,40.794921875
84700509,2025,2025-05-26,1203,2025-05-22,1810,4124,,4,5,4,1203,0,0,0,,0,002,"BROADWAY ST","BAYSHORE WAY",198.00,N,-,A,-,Y,HUM,,101," "," ",76.638,H,,L,Y,2,0,1,2,A,-,09,21804,A,N,D,C,A,A,H,-,A,D,0,,,Y,,Y,,A,01,1,0,0,0,0,0,0,0,1,"- ","- ",40.783050537109375,-124.18405914306641,HUMBOLDT,EUREKA,-124.18375396728516,40.782928466796875
84730166,2025,2025-06-18,1203,2025-06-17,"542 ",4124,,2,5,4,1203,0,0,0,,0,001,"FOURTH ST","F ST",80.00,E,-,A,-,Y,HUM,,101," "," ",78.794,H,,L,Y,2,0,1,1,A,-,03,22350,,N,E,J,A,A,H,-,A,D,0,,,,,Y,,A,01,1,0,0,0,0,0,0,0,0,"- ","- ",40.803539276123047,-124.16071319580078,HUMBOLDT,EUREKA,-124.16071319580078,40.803546905517578
8481580,2017,2017-11-17,1203,2017-10-11,1940,4033,,3,5,4,1203,0,0,0,,0,002,BUHNE,A,0.00,,Y,A,-,N,,,,,,,,,,Y,2,0,1,3,A,-,01,23152,A,N,D,C,A,A,H,-,C,A,0,,,,,Y,Y,A,01,1,0,0,0,0,0,0,0,0,"- ","- ",,,HUMBOLDT,EUREKA,-124.17086,40.786199920000001
8500728,2017,2018-01-08,1201,2017-10-01,0036,628,306,7,5,3,1201,0,0,0,,0,0DT,"13TH ST","12TH ST",5.00,N,N,A,-,N,,,,,,,,,,N,2,0,1,2,A,-,05,21650,,F,G,B,E,A,H,-,D,D,0,Y,,,,Y,,-,,1,0,0,0,1,0,0,0,0,"- ","- ",40.871699999999997,-124.08525,HUMBOLDT,ARCATA,,
8501202,2017,2017-12-08,1201,2017-09-05,1854,628,304,2,5,3,1201,0,0,0,,0,0DT,"11TH ST","H ST",0.00,,Y,A,-,N,,,,,,,,,,N,2,0,1,2,A,-,11,21954,A,N,G,B,E,A,H,-,A,A,0,Y,,,,Y,,N,60,1,0,0,0,1,0,0,0,0,"- ","- ",40.870629999999998,-124.08622,HUMBOLDT,ARCATA,-124.08619994999999,40.870629950000001
8504028,2017,2018-06-18,1203,2017-11-24,2001,4067,P52,5,5,4,1203,0,0,0,,0,002,"RT 101","BAYSHORE WY",298.00,S,N,A,-,Y,HUM,1,101,-,-,76.500,H,-,S,N,2,0,1,2,A,-,08,22107,,F,H,G,A,A,H,-,C,D,0,,Y,,,Y,,L,04,1,0,0,0,0,0,1,0,0,"- ","- ",40.780900000000003,-124.18544,HUMBOLDT,EUREKA,-124.18502488,40.781148610000002
8504727,2017,2018-06-18,1203,2017-11-01,2117,4044,P19,3,5,4,1203,0,0,0,,0,001,"RT 101","S ST",75.00,W,N,A,-,Y,HUM,1,101,-,-,79.220,H,-,S,N,2,0,1,2,A,-,10,21952,,F,G,B,F,A,H,-,C,D,0,Y,,,,Y,,A,07,1,0,0,0,1,0,0,0,0,"- ","- ",40.804490000000001,-124.15279,HUMBOLDT,EUREKA,-124.15271695,40.804693219999997
8536404,2017,2018-06-18,1203,2017-12-29,1405,4033,P19,5,5,4,1203,0,0,0,,0,001,5TH,"V ST",100.00,W,N,A,-,Y,HUM,1,101,-,-,79.380,H,-,N,N,2,0,1,2,A,-,11,21956,,N,G,B,D,A,H,-,A,D,0,Y,,,,Y,,N,60,1,0,0,0,1,0,0,0,0,"- ","- ",40.804110000000001,-124.14976,HUMBOLDT,EUREKA,-124.14972471,40.803852419999998
8537392,2017,2018-01-31,1201,2017-12-09,1228,569,201,6,5,3,1201,0,0,0,,0,0VW,"GIUNTOLI LN","VALLEY WEST BL",0.00,,Y,A,-,N,,,,,,,,,,N,2,0,1,2,A,-,10,21950,A,N,G,B,B,A,-,-,A,A,0,Y,,,,Y,,D,72,1,0,0,0,1,0,0,0,0,"- ","- ",40.904580000000003,-124.0825,HUMBOLDT,ARCATA,-124.08297997,40.90503992
8538840,2017,2018-01-31,1203,2017-12-23,1200,4063,P22,6,5,4,1203,0,0,0,,0,001,"SUMMER ST","W CEDAR",56.00,N,N,A,-,N,,,,,,,,,,N,2,0,1,2,A,-,09,21804,A,N,H,G,A,A,H,-,A,D,0,,Y,,,Y,,L,04,1,0,0,0,0,0,1,0,0,"- ","- ",40.79495,-124.17400000000001,HUMBOLDT,EUREKA,-124.1740319,40.795103740000002
8542149,2017,2018-01-30,1201,2017-12-10,1757,631,309,7,5,3,1201,0,0,0,,0,00S,"I ST","SAMOA BL",45.00,N,N,A,-,N,,,,,,,,,,N,2,0,1,2,A,-,11,21954,A,N,G,B,D,A,H,-,C,D,0,Y,,,,Y,Y,N,60,1,0,0,0,1,0,0,0,0,"- ","- ",40.865290000000002,-124.08929999999999,HUMBOLDT,ARCATA,-124.08927694,40.865416660000001
8545760,2018,2018-08-03,1203,2018-01-22,1120,4067,P22,1,5,4,1203,0,0,0,,0,001,BROADWAY,"W WASHINGTON",0.00,,Y,A,-,Y,MEN,1,101,-,-,77.800,I,5,S,N,2,0,1,2,A,-,12,21453,A,N,H,G,A,A,H,-,A,A,0,,Y,,,Y,,L,04,1,0,0,0,0,0,1,0,0,"- ","- ",40.798229217529297,-124.17510223388672,HUMBOLDT,EUREKA,-123.54384613037109,39.788711547851562
8573753,2018,2018-03-29,1201,2018-02-13,1316,639,108,2,5,3,1201,0,0,0,,0,00N,"SUNSET AV","H ST",0.00,,Y,A,-,N,,,,,,,,,,N,2,0,1,2,A,-,10,21950,A,N,G,B,B,A,H,-,A,D,0,Y,,,,Y,,D,73,1,0,0,0,1,0,0,0,0,"- ","- ",40.879711151123047,-124.08479309082031,HUMBOLDT,ARCATA,-124.0836181640625,40.878799438476562