CASE_ID,ACCIDENT_YEAR,PROC_DATE,JURIS,COLLISION_DATE,COLLISION_TIME,OFFICER_ID,REPORTING_DISTRICT,DAY_OF_WEEK,CHP_SHIFT,POPULATION,CNTY_CITY_LOC,SPECIAL_COND,BEAT_TYPE,CHP_BEAT_TYPE,CITY_DIVISION_LAPD,CHP_BEAT_CLASS,BEAT_NUMBER,PRIMARY_RD,SECONDARY_RD,DISTANCE,DIRECTION,INTERSECTION,WEATHER_1,WEATHER_2,STATE_HWY_IND,CALTRANS_COUNTY,CALTRANS_DISTRICT,STATE_ROUTE,ROUTE_SUFFIX,POSTMILE_PREFIX,POSTMILE,LOCATION_TYPE,RAMP_INTERSECTION,SIDE_OF_HWY,TOW_AWAY,COLLISION_SEVERITY,NUMBER_KILLED,NUMBER_INJURED,PARTY_COUNT,PRIMARY_COLL_FACTOR,PCF_CODE_OF_VIOL,PCF_VIOL_CATEGORY,PCF_VIOLATION,PCF_VIOL_SUBSECTION,HIT_AND_RUN,TYPE_OF_COLLISION,MVIW,PED_ACTION,ROAD_SURFACE,ROAD_COND_1,ROAD_COND_2,LIGHTING,CONTROL_DEVICE,CHP_ROAD_TYPE,PEDESTRIAN_ACCIDENT,BICYCLE_ACCIDENT,MOTORCYCLE_ACCIDENT,TRUCK_ACCIDENT,NOT_PRIVATE_PROPERTY,ALCOHOL_INVOLVED,STWD_VEHTYPE_AT_FAULT,CHP_VEHTYPE_AT_FAULT,COUNT_SEVERE_INJ,COUNT_VISIBLE_INJ,COUNT_COMPLAINT_PAIN,COUNT_PED_KILLED,COUNT_PED_INJURED,COUNT_BICYCLIST_KILLED,COUNT_BICYCLIST_INJURED,COUNT_MC_KILLED,COUNT_MC_INJURED,PRIMARY_RAMP,SECONDARY_RAMP,LATITUDE,LONGITUDE,COUNTY,CITY,POINT_X,POINT_Y
8596063,2018,2018-05-08,1203,2018-03-17,1528,4082,P10,6,5,4,1203,0,0,0,,0,001,"V ST","3RD ST",0.00,,Y,A,-,N,,,,,,,,,,N,2,0,1,2,A,-,10,21950,A,N,G,B,B,A,H,-,A,D,0,Y,,,,Y,,A,01,1,0,0,0,1,0,0,0,0,"- ","- ",40.805530548095703,-124.14923858642578,HUMBOLDT,EUREKA,-124.14933013916016,40.805500030517578
8615434,2018,2018-05-07,1203,2018-04-11,1558,4078,P33,3,5,4,1203,0,0,0,,0,003,WABASH,"B ST",0.00,,Y,C,-,N,,,,,,,,,,N,2,0,1,2,A,-,09,21801,A,F,D,C,A,B,H,-,A,D,0,,,Y,,Y,,A,01,1,0,0,0,0,0,0,0,1,"- ","- ",,,HUMBOLDT,EUREKA,-124.16973114013672,40.791481018066406
8632027,2018,2018-08-16,1203,2018-05-19,2012,4033,P19,6,5,4,1203,0,0,0,,0,001,"RT 101","R ST",0.00,,Y,B,C,Y,HUM,1,101,-,-,79.168,I,5,N,Y,2,0,2,2,A,-,12,21453,A,N,D,C,A,B,H,-,C,A,0,,,Y,,Y,,C,02,1,1,0,0,0,0,0,0,2,"- ","- ",40.803859710693359,-124.15367889404297,HUMBOLDT,EUREKA,-124.15361785888672,40.803878784179688
8639107,2018,2018-08-16,1203,2018-05-18,1722,4045,P15,5,5,4,1203,0,0,0,,0,001,"4TH ST","B ST",0.00,,Y,B,-,Y,HUM,1,101,-,-,78.272,H,-,S,N,2,0,1,2,A,-,12,22450,A,N,D,G,A,A,H,-,A,A,0,,Y,,,Y,,L,04,1,0,0,0,0,0,1,0,0,"- ","- ",40.802181243896484,-124.17044830322266,HUMBOLDT,EUREKA,-124.17045593261719,40.802158355712891
8639115,2018,2018-08-16,1203,2018-05-25,1252,4082,P19,5,5,4,1203,0,0,0,,0,001,"4TH ST","R ST",0.00,,Y,A,-,Y,HUM,1,101,-,-,79.168,I,5,S,N,2,0,1,2,A,-,10,21950,A,N,H,B,B,A,H,-,A,A,0,Y,,,,Y,,A,01,1,0,0,0,1,0,0,0,0,"- ","- ",40.804828643798828,-124.15380859375,HUMBOLDT,EUREKA,-124.15364074707031,40.804698944091797
8646945,2018,2018-07-11,1203,2018-06-15,1715,4045,P55,5,5,4,1203,0,0,0,,0,003,"B ST","HARRIS ST",3.00,N,N,A,-,N,,,,,,,,,,N,2,0,2,3,A,-,05,21650,1,N,H,G,A,A,H,-,A,A,0,,Y,,,Y,,L,04,1,1,0,0,0,0,2,0,0,"- ","- ",40.780521392822266,-124.16989135742188,HUMBOLDT,EUREKA,-124.16982269287109,40.780479431152344
8648496,2018,2020-05-26,1203,2018-12-13,2500,4033,P10,4,5,4,1203,0,0,0,,0,001,"RT 101",V,345.00,E,N,A,-,Y,HUM,1,101,-,-,79.470,H,-,N,N,1,1,0,2,A,-,08,22107,,F,G,B,F,A,H,-,C,D,0,Y,,,,Y,Y,-,99,0,0,0,1,0,0,0,0,0,"- ","- ",40.803871154785156,-124.14929962158203,HUMBOLDT,EUREKA,-124.14796447753906,40.803848266601562
8658074,2018,2018-09-26,1203,2018-07-27,1608,4075,P33,5,5,4,1203,0,0,0,,0,003,"E ST","14TH ST",0.00,,Y,A,-,N,,,,,,,,,,Y,2,0,2,2,A,-,12,21453,A,N,D,C,A,A,H,-,A,A,0,,,Y,,Y,,C,02,1,1,0,0,0,0,0,0,1,"- ","- ",40.794391632080078,-124.16523742675781,HUMBOLDT,EUREKA,-124.16529846191406,40.794380187988281
8659684,2018,2018-07-18,1201,2018-05-15,1139,592,302,2,5,3,1201,0,0,0,,0,00S,"ALLIANCE RD","M ST",332.00,S,N,B,-,N,,,,,,,,,,Y,2,0,1,2,A,-,02,22400,,N,C,C,A,A,H,-,A,D,0,,,Y,,Y,,A,01,1,0,0,0,0,0,0,0,1,"- ","- ",40.873970031738281,-124.07386016845703,HUMBOLDT,ARCATA,-124.08964538574219,40.874038696289062
8686437,2018,2018-08-30,1203,2018-07-15,1730,4032,P37,7,5,4,1203,0,0,0,,0,002,BROADWAY,"VIGO ST",617.00,N,N,A,-,N,,,101,,,,,,,Y,2,0,1,2,A,-,09,21804,A,N,D,C,A,A,H,-,A,D,0,,,Y,,Y,,D,72,1,0,0,0,0,0,0,0,1,"- ","- ",40.785610198974609,-124.18241119384766,HUMBOLDT,EUREKA,-124.18201446533203,40.785366058349609
8689701,2018,2018-09-14,1203,2018-08-28,1548,4039,P32,2,5,4,1203,0,0,0,,0,002,"W WABASH ST","CALIFORNIA ST",9.00,E,N,A,-,N,,,,,,,,,,Y,2,0,1,2,A,-,09,21802,A,N,D,C,A,A,H,-,A,A,0,,,,,Y,,A,01,1,0,0,0,0,0,0,0,0,"- ","- ",40.791481018066406,-124.17186737060547,HUMBOLDT,EUREKA,-124.17189788818359,40.791488647460938
8700676,2018,2018-12-17,1203,2018-09-14,1100,4033,P20,5,5,4,1203,0,0,0,,0,003,"O ST","RT 101",43.00,S,N,A,-,Y,HUM,1,101,-,L,79.020,I,5,N,Y,2,0,1,4,A,-,03,22350,,M,C,E,A,A,H,-,A,D,0,,,,,Y,,A,01,1,0,0,0,0,0,0,0,0,"- ","- ",40.798450469970703,-124.14537048339844,HUMBOLDT,EUREKA,-124.15637969970703,40.804012298583984
8733147,2018,2019-01-15,1203,2018-10-01,1949,4044,P37,1,5,4,1203,0,0,0,,0,002,BROADWAY,"W DEL NORTE",301.00,N,N,B,-,Y,HUM,1,101,-,-,77.190,H,-,N,N,2,0,1,2,A,-,11,21954,A,N,G,B,D,B,H,-,C,D,0,Y,,,,Y,,N,60,1,0,0,0,1,0,0,0,0,"- ","- ",40.790149688720703,-124.1800537109375,HUMBOLDT,EUREKA,-124.17926788330078,40.789825439453125
8737348,2018,2018-11-20,1203,2018-09-09,2009,4045,P55,7,5,4,1203,0,0,0,,0,003,"HARRIS ST","B ST",0.00,,Y,B,-,N,,,,,,,,,,Y,2,0,1,2,A,-,08,22100,B,N,B,C,A,A,H,-,C,D,0,,,Y,,Y,,D,82,1,0,0,0,0,0,0,0,1,"- ","- ",40.780471801757812,-124.16979217529297,HUMBOLDT,EUREKA,-124.16982269287109,40.780471801757812
8745315,2018,2018-12-18,1201,2018-09-17,1236,644,205,1,5,3,1201,0,0,0,,0,00N,"WEST END RD","POWER POLE 2G2",53.00,N,N,A,-,N,,,,,,,,,,Y,2,0,3,2,A,-,01,23153,,N,D,C,A,A,H,-,A,A,0,,,,,Y,Y,A,01,1,2,0,0,0,0,0,0,0,"- ","- ",40.894168853759766,-124.07869720458984,HUMBOLDT,ARCATA,,
8749610,2018,2019-01-25,1203,2018-10-14,1120,4068,P16,7,5,4,1203,0,0,0,,0,001,"4TH ST","D ST",18.00,E,N,A,-,Y,HUM,1,101,-,-,78.400,H,-,N,Y,2,0,1,2,A,-,08,22107,,N,B,C,A,A,H,-,A,A,0,,,Y,,Y,,A,07,1,0,0,0,0,0,0,0,1,"- ","- ",40.802478790283203,-124.16831207275391,HUMBOLDT,EUREKA,-124.16806793212891,40.801616668701172
8791085,2019,2019-02-06,1203,2019-01-21,1340,4077,P45,1,5,4,1203,0,0,0,,0,002,BUHNE,UNION,0.00,,Y,A,-,N,,,,,,,,,,N,2,0,1,2,A,-,09,21802,A,N,D,C,A,A,H,-,A,A,0,,,,,Y,,D,22,1,0,0,0,0,0,0,0,0,"- ","- ",40.786128997802734,-124.17491912841797,HUMBOLDT,EUREKA,-124.17507171630859,40.786201477050781
8816565,2018,2019-03-08,1205,2018-09-16,1100,0116,"1 01",7,5,3,1205,0,0,0,,0,,"ROHNERVILLE RD","SENESTRARO WY",0.00,,Y,A,-,N,,,,,,,,,,Y,2,0,1,2,A,-,09,21801,A,N,D,C,A,A,H,-,A,A,0,,,Y,,Y,,A,01,1,0,0,0,0,0,0,0,1,"- ","- ",40.590499877929688,-124.13584899902344,HUMBOLDT,FORTUNA,-124.13581085205078,40.590469360351562
8826248,2019,2019-08-28,1203,2019-03-16,0924,4061,P17,6,5,4,1203,0,0,0,,0,001,"5TH ST","H ST",0.00,,Y,A,-,Y,HUM,1,101,-,-,78.626,I,5,N,Y,2,0,1,2,A,-,12,21453,A,N,D,C,A,-,H,-,-,A,0,,,Y,,Y,,C,02,1,0,0,0,0,0,0,0,1,"- ","- ",40.802230834960938,-124.163818359375,HUMBOLDT,EUREKA,-124.16379547119141,40.802200317382812
8826952,2019,2019-04-24,1201,2019-02-12,1935,652,304,2,5,3,1201,0,0,0,,0,0DT,"H ST","11TH ST",0.00,,Y,C,-,N,,,,,,,,,,N,2,0,1,2,A,-,10,21950,A,N,G,B,B,B,H,-,C,D,0,Y,,,,Y,,D,73,1,0,0,0,1,0,0,0,0,"- ","- ",40.870811462402344,-124.08638763427734,HUMBOLDT,ARCATA,-124.08619689941406,40.870628356933594
8843582,2018,2019-05-11,1205,2018-03-11,1328,0143,1,7,5,3,1205,0,0,0,,0,,"ROHNERVILLE RD","3663 ROHNERVILLE RD",0.00,,-,A,-,N,,,,,,,,,,Y,2,0,1,1,A,-,00,22152,,N,E,I,A,A,H,-,A,A,0,,,,,Y,,A,01,1,0,0,0,0,0,0,0,0,"- ","- ",40.582859039306641,-124.13065338134766,HUMBOLDT,FORTUNA,-124.130951,40.582779000000002
8855671,2019,2019-05-21,1203,2019-03-12,1602,4030,P17,2,5,4,1203,0,0,0,,0,001,"7TH ST","J ST",0.00,,Y,A,-,N,,,,,,,,,,Y,2,0,1,4,A,-,09,21802,A,N,D,C,A,A,H,-,A,A,0,,,,,Y,,I,12,1,0,0,0,0,0,0,0,0,"- ","- ",40.800998687744141,-124.16100311279297,HUMBOLDT,EUREKA,-124.16120910644531,40.800899505615234
8868086,2019,2019-05-29,1201,2019-03-29,2129,652,303,5,5,3,1201,0,0,0,,0,00S,"11TH ST","K ST",0.00,,Y,A,-,N,,,,,,,,,,N,2,0,1,2,A,-,10,21950,,N,G,B,B,A,H,-,C,D,0,Y,,,,Y,,A,01,1,0,0,0,1,0,0,0,0,"- ","- ",40.871299743652344,-124.08934020996094,HUMBOLDT,ARCATA,-124.08934020996094,40.871318817138672
8886468,2019,2019-07-17,1203,2019-06-20,2224,4036,P48,4,5,4,1203,0,0,0,,0,003,J,"DEL NORTE",29.00,S,N,A,-,N,,,,,,,,,,Y,2,0,1,2,A,-,01,23152,F,N,B,C,A,A,H,-,C,D,0,,,,,Y,,A,07,1,0,0,0,0,0,0,0,0,"- ","- ",40.786788940429688,-124.15902709960938,HUMBOLDT,EUREKA,-124.15894317626953,40.790390014648438
8911420,2020,2020-08-12,1203,2020-06-18,1958,0490,P39,4,5,4,1203,0,0,0,,0,002,"UNION ST","W HAWTHORNE ST",0.00,,Y,B,-,N,,,,,,,,,,Y,1,1,1,2,A,-,03,22350,,N,D,C,A,A,H,-,A,A,0,,,Y,,Y,,C,03,0,1,0,0,0,0,0,1,0,"- ","- ",40.789020538330078,-124.17498779296875,HUMBOLDT,EUREKA,-124.17503356933594,40.789020538330078
8911829,2020,2020-12-02,1203,2020-10-01,2304,4043,P37,4,5,4,1203,0,0,0,,0,002,"RT 101","W HAWTHORNE ST",1005.00,S,N,A,-,Y,HUM,1,101,-,-,76.950,H,-,S,Y,1,1,0,2,A,-,08,22107,,N,H,G,A,A,H,-,C,D,0,,Y,,,Y,,L,04,0,0,0,0,0,1,0,0,0,"- ","- ",40.786190032958984,-124.18192291259766,HUMBOLDT,EUREKA,-124.18122863769531,40.786708831787109
8939615,2020,2020-02-19,1203,2020-01-08,1042,4107,P56,3,5,4,1203,0,0,0,,0,003,HENDERSON,"F ST",7.00,W,N,C,-,N,,,,,,,,,,N,1,1,1,2,A,-,10,21950,A,N,G,B,B,B,H,-,A,A,0,Y,,,,Y,,D,82,1,0,0,1,0,0,0,0,0,"- ","- ",40.782859802246094,-124.16351318359375,HUMBOLDT,EUREKA,-124.16357421875,40.782871246337891
8957263,2019,2019-10-24,1203,2019-09-17,0731,4042,P16,2,5,4,1203,0,0,0,,0,001,"6TH ST","G ST",10.00,W,N,A,-,N,,,,,,,,,,Y,2,0,2,2,C,-,18,,,N,G,B,F,A,H,-,A,D,0,Y,,,,Y,,-,"- ",2,0,0,0,1,0,0,0,0,"- ","- ",40.801239013671875,-124.16471099853516,HUMBOLDT,EUREKA,-124.16473388671875,40.801235198974609
8963448,2019,2019-11-01,1201,2019-09-06,1250,646,107,5,5,3,1201,0,0,0,,0,00N,"SUNSET AV","BALDWIN ST",0.00,,Y,A,-,N,,,,,,,,,,N,2,0,1,1,A,-,03,22350,,N,E,I,A,A,H,-,A,D,0,,Y,,,Y,,L,04,1,0,0,0,0,0,1,0,0,"- ","- ",40.880199432373047,-124.08638763427734,HUMBOLDT,ARCATA,-124.08637237548828,40.880191802978516
8983522,2019,2019-12-10,1201,2019-10-31,1820,510,407,4,5,3,1201,0,0,0,,0,00S,"GOLF COURSE RD","OLD ARCATA RD",0.00,,Y,A,-,N,,,,,,,,,,N,2,0,1,2,A,-,09,21802,A,N,H,G,A,A,H,-,B,D,0,,Y,,,Y,,A,01,1,0,0,0,0,0,1,0,0,"- ","- ",40.845619201660156,-124.06591796875,HUMBOLDT,ARCATA,-124.06591796875,40.845630645751953
90011188,2015,2015-10-19,9126,2015-08-11,0015,020607,,2,3,9,1200,0,2,4,,1,002,"BRICELAND ROAD","ALAPOK LANE",173.00,E,N,A,-,N,,,,,,,,,,Y,2,0,1,1,A,-,01,23152,F,N,E,I,A,A,H,-,D,D,0,,,,,Y,Y,D,22,1,0,0,0,0,0,0,0,0,"- ","- ",,,HUMBOLDT,UNINCORPORATED,-123.84877405,40.12598208
90018486,2015,2015-10-19,9125,2015-09-02,1320,014643,,3,1,9,1200,0,2,4,,2,040,"EEL RIVER DR","CANNIBAL ISLAND RD",29.00,S,N,A,-,N,,,,,,,,,,Y,2,0,3,2,A,-,08,22107,,F,A,C,A,A,H,-,A,D,0,,,,,Y,,D,22,2,1,0,0,0,0,0,0,0,"- ","- ",40.642769999999999,-124.22620000000001,HUMBOLDT,UNINCORPORATED,-124.22635932999999,40.642860380000002
90019256,2015,2015-10-19,9125,2015-09-04,0300,021025,,5,3,9,1200,0,1,3,,1,060,SR-299,"SABER TOOTH RD",3168.00,W,N,A,-,Y,,,299,,,,,,,Y,2,0,1,1,A,-,01,23152,A,N,E,I,A,A,H,-,D,D,0,,,,,Y,Y,A,01,1,0,0,0,0,0,0,0,0,"- ","- ",40.905119999999997,-123.81662,HUMBOLDT,UNINCORPORATED,-123.81660746999999,40.905021130000002
90019359,2015,2015-10-19,9125,2015-08-30,1125,020707,,7,1,9,1200,0,1,3,,1,061,SR-299,"EAST FORK BRIDGE",9504.00,E,N,C,-,Y,,,299,,,,,,,Y,1,1,1,2,A,-,03,22350,,N,A,C,A,B,H,-,A,A,0,,,,,Y,,A,01,0,0,1,0,0,0,0,0,0,"- ","- ",40.91574,-123.70199,HUMBOLDT,UNINCORPORATED,-123.70195916999999,40.915648179999998
90033376,2015,2015-10-19,9125,2015-09-01,2010,015771,,2,2,9,1200,0,1,2,,2,045,"US-101 S/B",SR-36,2640.00,N,N,A,-,Y,,,101,,,,,,S,N,1,1,0,2,A,-,08,22107,,F,G,B,E,A,H,-,B,D,0,Y,,,,Y,Y,A,07,0,0,0,1,0,0,0,0,0,"- ","- ",40.555079999999997,-124.14667,HUMBOLDT,UNINCORPORATED,-124.14660431,40.555094080000003
90035569,2015,2015-10-21,9126,2015-10-17,1950,020988,,6,2,9,1200,0,2,4,,1,002,"BRICELAND ROAD","CHINA CREEK ROAD",208.00,W,N,B,-,N,,,,,,,,,,Y,2,0,2,1,A,-,03,22350,,N,E,I,A,B,H,-,D,D,0,,,,,Y,Y,A,08,1,1,0,0,0,0,0,0,0,"- ","- ",40.10389,-123.91797,HUMBOLDT,UNINCORPORATED,-123.9246878,40.105161719999998
9006157,2019,2020-02-18,1203,2019-12-18,1752,4044,P30,3,5,4,1203,0,0,0,,0,003,18TH,HARRISON,10.00,W,N,A,-,N,,,,,,,,,,N,2,0,1,2,A,-,09,21802,A,N,H,G,A,A,H,-,C,D,0,,Y,,,Y,,D,22,1,0,0,0,0,0,1,0,0,"- ","- ",40.791988372802734,-124.13980102539062,HUMBOLDT,EUREKA,-124.1396484375,40.791980743408203
90072790,2015,2015-12-14,9126,2015-11-24,0230,019456,,2,3,9,1200,0,1,3,,1,020,SR-254,"HIDDEN SPRINGS CAMPGROUND",1056.00,S,N,B,C,Y,,,254,,,,,,,Y,2,0,1,1,A,-,01,23152,F,N,E,I,A,B,H,-,D,D,0,,,,,Y,Y,A,01,1,0,0,0,0,0,0,0,0,"- ","- ",40.278550000000003,-123.86287,HUMBOLDT,UNINCORPORATED,-123.86296797999999,40.27858561
90079700,2015,2015-12-22,9126,2015-11-14,2500,021109,,6,4,9,1200,0,1,2,,1,066,"US HIGHWAY 101","MILKYWAY LOOP",3168.00,N,N,B,-,Y,,,101,,,,,,,Y,1,1,1,1,A,-,01,23152,A,N,E,I,A,B,H,-,D,D,0,,,,,Y,Y,A,01,1,0,0,0,0,0,0,0,0,"- ","- ",40.019370000000002,-123.79165,HUMBOLDT,UNINCORPORATED,-123.79180402999999,40.019281319999997
90081368,2015,2015-12-23,9125,2015-12-15,1811,018064,,2,2,9,1200,0,1,3,,1,047,SR-36,"A"" STREET""",1056.00,W,N,B,-,Y,,,36,,,,,,,N,2,0,1,2,A,-,11,21954,A,N,G,B,E,A,H,-,D,D,0,Y,,,,Y,Y,N,60,1,0,0,0,1,0,0,0,0,"- ","- ",40.542639999999999,-124.10432,HUMBOLDT,UNINCORPORATED,-124.10431422000001,40.542734330000002
90081826,2015,2015-12-24,9125,2015-11-22,2058,018172,,7,2,9,1200,0,1,2,,2,019,"US-101 N/B","GIUNTOLI LN",2112.00,N,N,E,-,Y,,,101,,,,,,N,Y,1,1,1,2,A,-,11,21954,A,N,G,B,E,B,H,-,C,A,0,Y,,,,Y,,N,60,0,0,1,1,0,0,0,0,0,"- ","- ",40.909559999999999,-124.08934000000001,HUMBOLDT,UNINCORPORATED,-124.08935074,40.909554479999997
90086386,2015,2015-12-31,9125,2015-12-18,1530,020696,,5,2,9,1200,0,1,2,,2,022,"US-101 N/B","ST. LOUIS RD.",528.00,N,N,B,-,Y,,,,,,,,,,Y,2,0,1,1,A,-,01,23152,E,N,E,I,A,B,H,-,A,D,0,,,,,Y,,A,01,1,0,0,0,0,0,0,0,0,"- ","- ",40.887650000000001,-124.0788,HUMBOLDT,UNINCORPORATED,,
90098023,2015,2016-02-11,9125,2015-11-09,2035,018064,,1,2,9,1200,0,1,2,,2,045,"US-101 S/B (REDWOOD HIGHWAY)",SR-36,1584.00,S,N,A,-,Y,,,101,,,,,,S,Y,1,1,0,1,A,-,05,21651,B,N,E,I,A,A,H,-,D,A,0,,,,,Y,,A,01,0,0,0,0,0,0,0,0,0,"- ","- ",40.543770000000002,-124.14458999999999,HUMBOLDT,UNINCORPORATED,-124.14464633,40.543764199999998
90112268,2016,2016-02-23,9126,2016-01-27,1840,019456,,3,2,9,1200,0,1,3,,1,020,"STATE ROUTE 254","BARKDULL ROAD",4752.00,N,N,A,-,Y,,,254,,,,,,,Y,2,0,1,2,A,-,08,22107,,F,C,E,A,A,H,-,D,D,0,,,,,Y,,D,22,1,0,0,0,0,0,0,0,0,"- ","- ",40.446150000000003,-123.99315,HUMBOLDT,UNINCORPORATED,-123.99315043,40.44608041
90118568,2016,2016-02-18,9125,2016-02-09,1528,020895,,2,2,9,1200,0,1,2,,2,045,"US-101 N/B","VAN DUZEN RIVER",1056.00,S,N,A,-,Y,,,101,,,,,,N,Y,2,0,1,1,A,-,08,22107,,N,E,I,A,A,H,-,A,D,0,,,,,Y,,A,01,1,0,0,0,0,0,0,0,0,"- ","- ",40.534790000000001,-124.1491,HUMBOLDT,UNINCORPORATED,-124.14913635000001,40.53481524
90137177,2016,2016-04-11,9125,2016-03-09,1005,020696,,3,1,9,1200,0,2,4,,1,023,"WALNUT DR.","MCCLASKEY LN",117.00,S,N,B,-,N,,,,,,,,,,Y,2,0,1,2,C,-,18,,,N,A,E,A,B,H,-,A,D,0,,,,,Y,,-,"- ",1,0,0,0,0,0,0,0,0,"- ","- ",40.762300000000003,-124.14543,HUMBOLDT,UNINCORPORATED,-124.14553625000001,40.762708840000002
90138201,2016,2016-03-16,9125,2016-03-05,1610,019426,,6,2,9,1200,0,1,3,,1,047,SR-36,"CORBERT RANCH RD",1056.00,W,N,C,-,Y,,,36,,,,,,,Y,2,0,3,2,A,-,03,22350,,N,A,C,A,B,H,-,A,D,0,,,,,Y,,A,01,1,1,1,0,0,0,0,0,0,"- ","- ",40.511119999999998,-124.00669000000001,HUMBOLDT,UNINCORPORATED,-124.00666450999999,40.511155100000003
90141408,2016,2016-04-28,9125,2016-03-13,0025,018172,,7,3,9,1200,0,1,3,,1,047,SR-36,"CUMMINGS CREEK RD",3696.00,E,N,B,C,Y,,,36,,,,,,,Y,2,0,3,1,A,-,01,23152,E,N,E,I,A,B,H,-,D,D,0,,,,,Y,,A,01,1,2,0,0,0,0,0,0,0,"- ","- ",40.50911,-124.00493,HUMBOLDT,UNINCORPORATED,-124.00457851,40.509597450000001
9015151,2019,2020-01-03,1203,2019-11-25,0955,4065,P47,1,5,4,1203,0,0,0,,0,003,"BUHNE ST","H ST",0.00,,Y,A,-,N,,,,,,,,,,Y,2,0,4,4,A,-,12,21453,A,N,D,C,A,A,H,-,A,A,0,,,,,Y,,D,22,1,1,2,0,0,0,0,0,0,"- ","- ",40.786159515380859,-124.16129302978516,HUMBOLDT,EUREKA,-124.16129302978516,40.786151885986328
90152059,2016,2016-04-06,9125,2016-03-30,2220,018064,,3,3,9,1200,0,2,4,,1,011,"FIELDBROOK ROAD","STOLPE LANE",136.00,N,N,A,-,N,,,,,,,,,,Y,2,0,1,1,A,-,01,23152,A,N,E,I,A,A,H,-,D,D,0,,,,,Y,Y,A,01,1,0,0,0,0,0,0,0,0,"- ","- ",40.925629999999998,-124.02034999999999,HUMBOLDT,UNINCORPORATED,-124.02014361000001,40.925768750000003
90159523,2016,2016-04-18,9125,2016-04-01,0100,020707,,5,3,9,1200,0,1,3,,1,052,SR-169,"CAPPELL RD",1000.00,W,N,A,-,Y,,,169,,,,,,,N,2,0,1,1,A,-,01,23152,A,N,H,A,A,A,H,-,D,D,0,,,Y,,Y,Y,C,06,1,0,0,0,0,0,0,0,1,"- ","- ",41.275759999999998,-123.81142,HUMBOLDT,UNINCORPORATED,-123.81141984,41.275821260000001
90167917,2016,2016-04-28,9126,2016-04-19,1730,020512,,2,2,9,1200,0,1,3,,1,020,SR-254,"OHMAN CREEK",3590.00,N,N,A,-,Y,,,254,,,,,,,Y,2,0,1,2,A,-,06,21750,,N,D,C,A,A,H,-,A,D,0,,,Y,,Y,,C,02,1,0,0,0,0,0,0,0,1,"- ","- ",40.200209999999998,-123.77575,HUMBOLDT,UNINCORPORATED,-123.77577657,40.200189389999998
90170116,2016,2016-05-02,9125,2016-04-09,0430,020786,,6,3,9,1200,0,1,3,,1,061,"SR-299 WB","CHINA CREEK RD",0.00,,Y,B,-,Y,,,299,,,,,,W,Y,2,0,4,1,A,-,01,23152,A,N,E,I,A,B,H,-,D,A,0,,,,,Y,Y,D,22,1,1,2,0,0,0,0,0,0,"- ","- ",40.943939999999998,-123.6476,HUMBOLDT,UNINCORPORATED,-123.64760621000001,40.943930620000003
90190980,2016,2016-05-31,9125,2016-05-16,2000,020895,,1,2,9,1200,0,1,3,,1,047,SR-36,"GRIZZLY CREEK",3960.00,W,N,A,-,Y,,,36,,,,,,,Y,2,0,1,1,A,-,08,22107,,N,E,I,A,A,H,-,B,D,0,,,,,Y,,D,22,1,0,0,0,0,0,0,0,0,"- ","- ",40.480640000000001,-123.91461,HUMBOLDT,UNINCORPORATED,-123.91457579,40.480745839999997
90200928,2016,2016-06-14,9125,2016-06-07,1745,019426,,2,2,9,1200,0,3,5,,2,004,"PARK ST","SCENIC DR",142.00,E,N,A,-,N,,,,,,,,,,N,2,0,1,2,A,-,09,21804,A,N,D,C,A,A,H,-,A,D,0,,,Y,,Y,,C,06,1,0,0,0,0,0,0,0,1,"- ","- ",40.643470000000001,-124.2231,HUMBOLDT,UNINCORPORATED,-124.22313848,40.643437820000003
9020670,2019,2020-06-04,1203,2019-12-01,0145,4076,P37,7,5,4,1203,0,0,0,,0,002,"BROADWAY ST","HENDERSON ST",0.00,,Y,B,-,Y,HUM,1,101,-,-,76.650,I,5,S,N,2,0,1,2,A,-,11,21453,D,F,G,B,B,B,H,-,C,A,0,Y,,,,Y,,N,60,1,0,0,0,1,0,0,0,0,"- ","- ",40.783008575439453,-124.18406677246094,HUMBOLDT,EUREKA,-124.18361663818359,40.783126831054688
90208011,2016,2016-06-23,9125,2016-06-12,2150,020748,,7,2,9,1200,0,2,4,,1,010,"CENTRAL AVE.","SUTTER RD",300.00,N,N,A,-,N,,,,,,,,,,N,2,0,1,2,A,-,08,22107,,F,G,B,E,A,H,-,C,D,0,Y,,,,Y,,-,99,1,0,0,0,1,0,0,0,0,"- ","- ",40.937010000000001,-124.10082,HUMBOLDT,UNINCORPORATED,-124.10092698,40.936923620000002
90211402,2016,2016-06-28,9126,2016-06-20,1800,021081,,1,2,9,1200,0,2,4,,1,006,"ALDERPOINT ROAD","BELL SPRINGS ROAD",1056.00,E,N,A,-,N,,,,,,,,,,N,2,0,1,1,A,-,01,23152,A,N,E,I,A,A,H,-,A,D,0,,,,,Y,Y,D,22,1,0,0,0,0,0,0,0,0,"- ","- ",40.100430000000003,-123.68443000000001,HUMBOLDT,UNINCORPORATED,-123.68405165999999,40.100981679999997