CASE_ID,ACCIDENT_YEAR,PROC_DATE,JURIS,COLLISION_DATE,COLLISION_TIME,OFFICER_ID,REPORTING_DISTRICT,DAY_OF_WEEK,CHP_SHIFT,POPULATION,CNTY_CITY_LOC,SPECIAL_COND,BEAT_TYPE,CHP_BEAT_TYPE,CITY_DIVISION_LAPD,CHP_BEAT_CLASS,BEAT_NUMBER,PRIMARY_RD,SECONDARY_RD,DISTANCE,DIRECTION,INTERSECTION,WEATHER_1,WEATHER_2,STATE_HWY_IND,CALTRANS_COUNTY,CALTRANS_DISTRICT,STATE_ROUTE,ROUTE_SUFFIX,POSTMILE_PREFIX,POSTMILE,LOCATION_TYPE,RAMP_INTERSECTION,SIDE_OF_HWY,TOW_AWAY,COLLISION_SEVERITY,NUMBER_KILLED,NUMBER_INJURED,PARTY_COUNT,PRIMARY_COLL_FACTOR,PCF_CODE_OF_VIOL,PCF_VIOL_CATEGORY,PCF_VIOLATION,PCF_VIOL_SUBSECTION,HIT_AND_RUN,TYPE_OF_COLLISION,MVIW,PED_ACTION,ROAD_SURFACE,ROAD_COND_1,ROAD_COND_2,LIGHTING,CONTROL_DEVICE,CHP_ROAD_TYPE,PEDESTRIAN_ACCIDENT,BICYCLE_ACCIDENT,MOTORCYCLE_ACCIDENT,TRUCK_ACCIDENT,NOT_PRIVATE_PROPERTY,ALCOHOL_INVOLVED,STWD_VEHTYPE_AT_FAULT,CHP_VEHTYPE_AT_FAULT,COUNT_SEVERE_INJ,COUNT_VISIBLE_INJ,COUNT_COMPLAINT_PAIN,COUNT_PED_KILLED,COUNT_PED_INJURED,COUNT_BICYCLIST_KILLED,COUNT_BICYCLIST_INJURED,COUNT_MC_KILLED,COUNT_MC_INJURED,PRIMARY_RAMP,SECONDARY_RAMP,LATITUDE,LONGITUDE,COUNTY,CITY,POINT_X,POINT_Y
90216345,2016,2016-07-05,9126,2016-06-11,1638,021223,,6,2,9,1200,0,1,2,,1,066,US-101,"BENBOW DRIVE",1056.00,N,N,A,-,Y,,,,,,,,,,Y,2,0,2,1,A,-,08,22107,,N,E,I,A,A,H,-,A,D,0,,,Y,,Y,,C,02,2,0,0,0,0,0,0,0,2,"- ","- ",,,HUMBOLDT,UNINCORPORATED,-123.78708259,40.058336230000002
90220392,2016,2016-07-11,9125,2016-05-31,0820,015572,,2,1,9,1200,0,3,5,,2,003,"TABLE BLUFF RD","HILLCREST DR",184.00,N,N,A,-,N,,,,,,,,,,N,1,1,0,1,D,-,00,,,N,F,A,A,A,H,-,A,D,0,,Y,,,Y,,-,"- ",0,0,0,0,0,1,0,0,0,"- ","- ",40.657649999999997,-124.21679,HUMBOLDT,UNINCORPORATED,-124.21674854,40.65784687
90224211,2016,2016-07-18,9125,2016-07-03,2116,020748,,7,2,9,1200,0,1,2,,1,024,"US-101 NB","INDIANOLA CUTOFF",0.00,,Y,A,-,Y,,,101,,,,,,N,N,2,0,1,2,C,-,18,,,F,G,B,E,A,H,-,C,D,0,Y,,,,Y,,-,"- ",1,0,0,0,1,0,0,0,0,"- ","- ",40.82038,-124.09317,HUMBOLDT,UNINCORPORATED,-124.09313992,40.820318780000001
90224277,2016,2016-07-18,9125,2016-06-25,1945,019948,,6,2,9,1200,0,3,5,,2,004,"NORTH ROAD","STAFFORD RD",2640.00,S,N,A,-,N,,,,,,,,,,N,2,0,1,2,A,-,01,23152,A,N,C,C,A,A,H,-,A,D,0,,,Y,,Y,Y,C,02,1,0,0,0,0,0,0,0,1,"- ","- ",40.454349999999998,-124.05528,HUMBOLDT,UNINCORPORATED,-124.05049876,40.454309850000001
90225980,2016,2016-07-19,9125,2016-06-16,1800,021025,,4,2,9,1200,0,1,3,,1,061,SR-299,"EAST FORK WILLOW CREEK BRIDGE",439.00,E,N,B,-,Y,,,299,,,,,,,Y,1,1,2,1,A,-,08,22107,,N,E,I,A,B,H,-,A,A,0,,,,,Y,,D,22,1,1,0,0,0,0,0,0,0,"- ","- ",40.909350000000003,-123.70672999999999,HUMBOLDT,UNINCORPORATED,-123.70679487,40.909362680000001
90239690,2016,2016-08-08,9125,2016-07-27,1655,020786,,3,2,9,1200,0,1,3,,1,062,SR-96,"KNIGHTS PARK",3696.00,N,N,A,-,Y,,,96,,,,,,,Y,2,0,2,1,A,-,08,22107,,N,E,I,A,A,H,-,A,D,0,,,,,Y,,A,07,1,1,0,0,0,0,0,0,0,"- ","- ",40.994199999999999,-123.63330000000001,HUMBOLDT,UNINCORPORATED,-123.63334437,40.994315999999998
90239799,2016,2016-08-08,9125,2016-07-10,1153,015771,,7,1,9,1200,0,1,3,,1,047,SR-36,"BAR W ROAD",528.00,E,N,A,-,Y,,,36,,,,,,,Y,2,0,1,1,A,-,08,22107,,N,E,I,A,A,H,-,A,D,0,,,,,Y,,A,07,1,0,0,0,0,0,0,0,0,"- ","- ",40.463560000000001,-123.84739999999999,HUMBOLDT,UNINCORPORATED,-123.84746093,40.46418809
90246122,2016,2016-08-16,9125,2016-08-07,1410,019243,,7,2,9,1200,0,2,4,,1,010,"CENTRAL AVE","PICKETT RD",150.00,S,N,A,-,N,,,,,,,,,,Y,2,0,1,1,A,-,01,23152,,N,E,I,A,A,H,-,A,D,0,,,,,Y,Y,A,07,1,0,0,0,0,0,0,0,0,"- ","- ",40.944270000000003,-124.10099,HUMBOLDT,UNINCORPORATED,-124.10099307999999,40.94393822
90247776,2016,2016-08-18,9125,2016-08-07,2222,019426,,7,3,9,1200,0,1,3,,1,060,"SR-299 W/B","KORBEL DR",6864.00,E,N,A,-,Y,,,299,,,,,,W,Y,2,0,2,1,A,-,01,23152,E,N,A,I,A,A,H,-,D,D,0,,,,,Y,,A,01,2,0,0,0,0,0,0,0,0,"- ","- ",40.931280000000001,-123.90952,HUMBOLDT,UNINCORPORATED,-123.90950975,40.931139459999997
90248226,2016,2016-08-19,9126,2016-07-21,2100,021219,,4,2,9,1200,0,3,5,,2,222,"UPPER PACIFIC DRIVE","LOWER PACIFIC DR",132.00,S,N,A,-,N,,,,,,,,,,N,2,0,1,1,C,-,18,,,N,H,H,A,A,H,-,B,D,0,,,Y,,Y,Y,-,"- ",1,0,0,0,0,0,0,0,1,"- ","- ",40.033720000000002,-124.07489,HUMBOLDT,UNINCORPORATED,-124.07478304,40.033861989999998
90255831,2016,2016-08-29,9125,2016-08-07,1340,015771,,7,1,9,1200,0,3,5,,2,004,"MATTOLE ROAD","F3C 010 38.34",18480.00,N,N,A,-,N,,,,,,,,,,N,2,0,1,1,A,-,03,22350,,N,F,A,A,A,B,-,A,D,0,,,Y,,Y,,C,02,1,0,0,0,0,0,0,0,1,"- ","- ",40.542639999999999,-124.27722,HUMBOLDT,UNINCORPORATED,,
90258053,2016,2016-08-31,9126,2016-08-03,1720,021295,,3,2,9,1200,0,2,4,,2,004,"SHELTER COVE ROAD","BEACH ROAD",528.00,W,N,A,-,N,,,,,,,,,,Y,2,0,6,1,A,-,03,22350,,N,F,A,A,A,H,-,A,D,0,,,,,Y,,A,08,2,3,1,0,0,0,0,0,0,"- ","- ",40.037039999999998,-124.06553,HUMBOLDT,UNINCORPORATED,-124.06495595,40.036469099999998
90258799,2016,2016-09-01,9125,2016-08-28,1745,020603,,7,2,9,1200,0,1,3,,1,026,SR-255,"NEW NAVY BASE RD",528.00,S,N,A,-,Y,,,,,,,,,,N,2,0,1,1,A,-,16,24002,A,N,F,A,A,A,H,-,A,D,0,,,Y,,Y,,C,03,1,0,0,0,0,0,0,0,1,"- ","- ",40.821280000000002,-124.1694,HUMBOLDT,UNINCORPORATED,,
90263589,2016,2017-10-30,9125,2016-07-12,2115,018771,,2,2,9,1200,0,3,5,,2,004,"EEL RIVER DRIVE","KENMAR ROAD",1056.00,S,N,A,-,N,,,,,,,,,,N,1,2,0,3,A,-,01,23152,A,F,G,B,E,A,H,-,B,D,0,Y,,,,Y,Y,A,07,0,0,0,2,0,0,0,0,0,"- ","- ",40.572600000000001,-124.14771,HUMBOLDT,UNINCORPORATED,-124.14773783,40.57285847
90265644,2016,2016-09-12,9126,2016-09-04,1600,021168,,7,2,9,1200,0,2,4,,1,006,"ALDERPOINT ROAD","ARTHUR ROAD",220.00,W,N,A,-,N,,,,,,,,,,Y,2,0,1,1,A,-,08,22107,,N,E,I,A,A,H,-,A,D,0,,,,,Y,,A,01,1,0,0,0,0,0,0,0,0,"- ","- ",40.105240000000002,-123.78867,HUMBOLDT,UNINCORPORATED,-123.78862048000001,40.105200279999998
90307811,2016,2016-10-31,9125,2016-09-11,2049,020603,,7,2,9,1200,0,2,4,,1,031,"ELK RIVER RD","PINE HILL RD",260.00,N,N,A,-,N,,,,,,,,,,Y,1,1,0,1,A,-,01,23152,A,N,E,I,A,A,H,-,D,D,0,,,,,Y,Y,A,01,0,0,0,0,0,0,0,0,0,"- ","- ",40.752650000000003,-124.18595999999999,HUMBOLDT,UNINCORPORATED,-124.18659053,40.753218179999998
90313674,2016,2016-11-08,9126,2016-10-06,1800,021243,,4,2,9,1200,0,2,4,,1,008,"REDWOOD DRIVE","WEST COAST ROAD",2.00,W,N,A,-,N,,,,,,,,,,Y,2,0,2,2,A,-,08,22107,,N,G,B,E,A,H,-,A,D,0,Y,,,,Y,,A,01,1,0,1,0,1,0,0,0,0,"- ","- ",40.115360000000003,-123.81417,HUMBOLDT,UNINCORPORATED,-123.81427659000001,40.115412130000003
90319765,2016,2016-11-15,9125,2016-11-05,0050,020464,,6,3,9,1200,0,1,2,,2,044,"US-101 NORTHBOUND","LOLETA DR",600.00,S,N,A,-,Y,,,101,,,,,,N,Y,2,0,1,4,A,-,01,23152,A,N,D,C,A,A,H,-,D,D,0,,,,,Y,Y,D,22,1,0,0,0,0,0,0,0,0,"- ","- ",40.640500000000003,-124.2099,HUMBOLDT,UNINCORPORATED,-124.20994165,40.640520739999999
90331997,2016,2016-11-29,9125,2016-11-12,0838,019116,,6,1,9,1200,0,3,5,,2,003,"LITTLE FAIRFIELD STREET","SEA AVENUE",212.00,N,N,A,-,N,,,,,,,,,,Y,2,0,1,4,A,-,01,23152,E,N,B,E,A,B,H,-,A,D,0,,,,,Y,,D,22,1,0,0,0,0,0,0,0,0,"- ","- ",40.77046,-124.18201000000001,HUMBOLDT,UNINCORPORATED,-124.18204,40.770182040000002
90334517,2016,2016-12-01,9125,2016-11-10,2055,020895,,4,2,9,1200,0,1,3,,1,047,SR-36,"PAYTON LN",200.00,W,N,B,-,Y,,,36,,,,,,,Y,2,0,1,1,A,-,08,22107,,N,E,I,A,A,H,-,D,D,0,,,,,Y,,A,01,1,0,0,0,0,0,0,0,0,"- ","- ",40.546059999999997,-124.09818,HUMBOLDT,UNINCORPORATED,-124.09827144,40.546106109999997
90342145,2016,2016-12-12,9125,2016-12-04,0410,021115,,7,3,9,1200,0,3,5,,2,005,"AIRPORT RD","HOSPITAL RD",998.00,S,N,B,-,N,,,,,,,,,,Y,2,0,3,1,A,-,01,23152,A,N,E,I,A,B,G,-,D,D,0,,,,,Y,Y,D,22,1,1,1,0,0,0,0,0,0,"- ","- ",41.216880000000003,-123.39586,HUMBOLDT,UNINCORPORATED,-123.66621494,41.038049989999998
90344524,2016,2016-12-14,9125,2016-11-18,1530,021313,,5,2,9,1200,0,1,3,,1,062,SR-96,"TRINITY VEIW RD",2112.00,W,N,B,C,Y,,,96,,,,,,,Y,2,0,2,1,A,-,03,22350,,N,F,I,A,B,H,-,A,D,0,,,Y,,Y,,C,02,2,0,0,0,0,0,0,0,2,"- ","- ",40.999679999999998,-123.63726,HUMBOLDT,UNINCORPORATED,-123.63727036,40.999696069999999
90348217,2016,2016-12-19,9125,2016-12-03,1533,019116,,6,2,9,1200,0,1,3,,1,047,SR-36,"REDWOOD HOUSE ROAD",14256.00,E,N,A,-,Y,,,36,,,,,,,Y,2,0,1,1,A,-,08,22107,,N,E,I,A,A,H,-,A,D,0,,,,,Y,,A,01,1,0,0,0,0,0,0,0,0,"- ","- ",40.475520000000003,-123.88376,HUMBOLDT,UNINCORPORATED,-123.88382553,40.475511689999998
90350792,2016,2016-12-21,9126,2016-12-03,1645,021219,,6,2,9,1200,0,3,5,,2,222,"MYERS AVENUE","BOY SCOUT ROAD",0.00,,Y,B,-,N,,,,,,,,,,Y,2,0,2,1,A,-,01,23152,A,N,E,I,A,D,H,-,A,D,0,,,,,Y,Y,A,01,1,1,0,0,0,0,0,0,0,"- ","- ",40.262439999999998,-123.87756,HUMBOLDT,UNINCORPORATED,-123.8774099,40.262349929999999
90364809,2016,2017-02-13,9125,2016-12-26,0615,021115,,1,1,9,1200,0,3,5,,2,005,"HOOPA AIRPORT","HOSPITAL RD",872.00,S,N,A,-,N,,,,,,,,,,Y,2,0,2,1,A,-,03,22350,,N,E,I,A,A,H,-,E,D,0,,,,,Y,Y,A,01,2,0,0,0,0,0,0,0,0,"- ","- ",41.218350000000001,-123.39576,HUMBOLDT,UNINCORPORATED,-123.66551,41.040619999999997
90365631,2017,2017-02-13,9125,2017-01-01,1825,018064,,7,2,9,1200,0,1,2,,2,030,"US-101 S/B (REDWOOD HIGHWAY)","SPRUCE POINT",2798.00,N,N,F,-,Y,,,101,,,,,,S,Y,2,0,2,4,A,-,03,22350,,N,C,E,E,D,H,-,D,D,0,Y,,,,Y,,A,01,1,1,0,0,2,0,0,0,0,"- ","- ",40.750390000000003,-124.194,HUMBOLDT,UNINCORPORATED,-124.19396161,40.7503496
90387508,2017,2017-02-07,9125,2017-01-20,2305,021450,,5,3,9,1200,0,1,3,,1,026,SR-255,"STARTARE DR",1058.00,S,N,C,-,Y,,,,,,,,,,Y,2,0,2,2,A,-,06,21751,,N,A,C,A,B,H,-,C,D,0,,,,,Y,,A,01,2,0,0,0,0,0,0,0,0,"- ","- ",40.809690000000003,-124.15539,HUMBOLDT,UNINCORPORATED,,
90395285,2017,2017-02-17,9125,2017-02-11,1355,014643,,6,1,9,1200,0,1,3,,2,013,SR-299,"CHP BUCKHORN SCALES",20592.00,E,N,A,-,Y,,,299,,,,,,,Y,2,0,1,1,A,-,08,22107,,N,E,I,A,A,H,-,A,D,0,,,,,Y,,A,07,1,0,0,0,0,0,0,0,0,"- ","- ",40.903179999999999,-123.91710999999999,HUMBOLDT,UNINCORPORATED,-123.91710756000001,40.90317941
90401170,2017,2017-03-30,9125,2017-02-25,2155,020901,,6,2,9,1200,0,2,4,,1,011,"MURRAY RD","WARNER AVENUE",1680.00,E,N,B,-,N,,,,,,,,,,Y,2,0,1,1,A,-,01,23152,A,N,F,A,A,B,H,-,E,D,0,,,,,Y,Y,D,22,1,0,0,0,0,0,0,0,0,"- ","- ",40.956890000000001,-124.09023000000001,HUMBOLDT,UNINCORPORATED,-124.08999339,40.956875629999999
90410977,2017,2017-03-13,9125,2017-03-04,0153,020946,,6,3,9,1200,0,1,2,,2,045,"US-101 S/B",SR-36,805.00,N,N,C,-,Y,,,101,,,,,,S,Y,2,0,1,1,A,-,01,23152,A,N,E,I,A,B,H,-,C,D,0,,,,,Y,Y,D,22,1,0,0,0,0,0,0,0,0,"- ","- ",40.550910000000002,-124.14618,HUMBOLDT,UNINCORPORATED,-124.14587252,40.550966600000002
90411787,2017,2017-03-14,9125,2017-03-12,1930,018064,,7,2,9,1200,0,3,5,,2,004,"CENTERVILLE BEACH","EEL RIVER",42240.00,S,N,A,-,N,,,,,,,,,,Y,2,0,1,1,B,-,22,,,N,E,I,A,A,H,-,B,D,0,,,,,Y,,D,22,1,0,0,0,0,0,0,0,0,"- ","- ",40.558390000000003,-124.35744,HUMBOLDT,UNINCORPORATED,,
90431025,2017,2017-04-10,9125,2017-03-23,1545,018958,,4,2,9,1200,0,3,5,,2,001,"US 101 NORTHBOUND","6TH AVE.",3168.00,N,N,B,-,N,,,,,,,,,,Y,1,1,1,1,A,-,01,23152,G,N,E,I,A,B,H,-,A,D,0,,,,,Y,Y,D,22,0,1,0,0,0,0,0,0,0,"- ","- ",40.044179999999997,-124.11641,HUMBOLDT,UNINCORPORATED,-124.11624581,41.043851359999998
90431749,2017,2017-04-11,9125,2017-04-08,1450,020696,,6,2,9,1200,0,2,4,,1,023,"WALNUT DR","CANYON DR.",415.00,S,N,A,-,N,,,,,,,,,,Y,2,0,1,1,A,-,01,23152,A,N,F,A,A,A,H,-,A,D,0,,,,,Y,Y,A,07,1,0,0,0,0,0,0,0,0,"- ","- ",40.7545,-124.14624999999999,HUMBOLDT,UNINCORPORATED,-124.14645293,40.754549400000002
90432968,2017,2017-04-12,9126,2017-03-31,1125,021295,,5,1,9,1200,0,1,2,,2,044,"US-101 SOUTHBOUND","DEAN CREEK ROAD",5280.00,N,N,A,-,Y,,,101,,,,,,S,Y,2,0,1,2,A,-,06,21755,,N,B,C,A,A,H,-,A,D,0,,,Y,,Y,,C,02,1,0,0,0,0,0,0,0,1,"- ","- ",40.152299999999997,-123.79519999999999,HUMBOLDT,UNINCORPORATED,-123.79535414999999,40.152327319999998
90455711,2017,2017-05-15,9125,2017-05-07,1710,019243,,7,2,9,1200,0,1,2,,2,019,"US-101 N/B CENTRAL OFF RAMP",SR-200,0.00,,Y,A,-,Y,,,101,,,,R,,N,Y,2,0,1,2,A,-,09,21802,A,N,B,C,A,A,H,-,A,A,0,,,,,Y,,A,01,1,0,0,0,0,0,0,0,0,"- ","- ",40.9193,-124.09463,HUMBOLDT,UNINCORPORATED,-124.09463,40.9193
90470768,2017,2017-06-05,9125,2017-05-31,1545,020696,,3,2,9,1200,0,1,2,,2,030,"N/B US-101","LOLETA DR.",475.00,N,N,A,-,Y,,,101,,,,,,,Y,2,0,1,1,A,-,08,22107,,N,F,A,A,A,H,-,A,D,0,,,Y,,Y,,C,02,1,0,0,0,0,0,0,0,1,"- ","- ",40.659379999999999,-124.20534000000001,HUMBOLDT,UNINCORPORATED,-124.20541364,40.659427649999998
90470827,2017,2017-06-05,9125,2017-05-30,0910,019243,,2,1,9,1200,0,1,3,,1,026,SR-255,"NEW NAVY BASE RD",2112.00,S,N,B,-,Y,,,,,,,,,,Y,2,0,2,2,A,-,01,23152,,N,A,C,A,A,H,-,A,A,0,,,,,Y,Y,A,01,1,1,0,0,0,0,0,0,0,"- ","- ",40.82206,-124.17061,HUMBOLDT,UNINCORPORATED,,
90483623,2017,2017-06-22,9125,2017-06-15,0950,018771,,4,1,9,1200,0,1,3,,1,048,SR-36,"BUCK MOUNTAIN RD",7920.00,W,N,A,-,Y,,,36,,,,,,,Y,2,0,1,2,A,-,05,21650,,N,A,C,A,A,H,-,A,D,0,,,Y,,Y,,C,02,1,0,0,0,0,0,0,0,1,"- ","- ",40.485460000000003,-123.64803000000001,HUMBOLDT,UNINCORPORATED,-123.64794612999999,40.485165049999999
90492911,2017,2017-07-03,9125,2017-06-28,1615,021025,,3,2,9,1200,0,1,3,,1,048,SR-36,"MC CLELLAN MOUNTAIN RD",0.00,,N,B,-,Y,,,36,,,,,,,N,2,0,1,1,A,-,08,22107,,N,F,A,A,A,H,-,A,A,0,,,Y,,Y,,C,02,1,0,0,0,0,0,0,0,1,"- ","- ",40.476900000000001,-123.7152,HUMBOLDT,UNINCORPORATED,-123.71520081,40.476916709999998
90495469,2017,2017-07-06,9125,2017-07-05,0110,021450,,3,3,9,1200,0,2,4,,1,032,"HUMBOLDT HILL RD","CARRON DR",414.00,S,N,A,-,N,,,,,,,,,,Y,2,0,1,1,A,-,08,22107,,N,E,I,A,A,H,-,D,D,0,,,,,Y,,D,22,1,0,0,0,0,0,0,0,0,"- ","- ",40.728909999999999,-124.20229999999999,HUMBOLDT,UNINCORPORATED,-124.20236101,40.728992439999999
90499189,2017,2017-07-12,9125,2017-07-05,0625,019243,,3,1,9,1200,0,1,2,,2,017,"N/B US-101","KANE RD",3168.00,N,N,B,-,Y,,,101,,,,,,,Y,2,0,1,2,A,-,05,21651,A,N,A,C,A,A,H,-,A,D,0,,,,Y,Y,,A,01,1,0,0,0,0,0,0,0,0,"- ","- ",41.213549999999998,-124.10852,HUMBOLDT,UNINCORPORATED,-124.10859968,41.213570660000002
90502560,2017,2017-07-18,9125,2017-07-09,1024,021559,,7,1,9,1200,0,1,2,,1,024,"N/B US-101","AIRPORT ROAD",0.00,,Y,A,-,Y,,,,,,,,,,Y,2,0,4,2,A,-,09,21801,A,N,D,C,A,A,H,-,A,D,0,,,,,Y,,D,22,1,3,0,0,0,0,0,0,0,"- ","- ",40.80547,-124.12238000000001,HUMBOLDT,UNINCORPORATED,,
90503226,2017,2017-07-18,9126,2017-07-09,0600,021243,,7,1,9,1200,0,3,5,,2,222,"WILDER RIDGE ROAD","MATTOLE ROAD",6336.00,S,N,A,-,N,,,,,,,,,,Y,2,0,1,1,A,-,01,23152,A,N,E,I,A,A,H,-,B,D,0,,,,,Y,Y,A,07,1,0,0,0,0,0,0,0,0,"- ","- ",40.230730000000001,-124.11171,HUMBOLDT,UNINCORPORATED,-124.11161417,40.230693279999997
90503494,2017,2017-08-08,9126,2017-07-10,0944,021216,,1,1,9,1200,0,1,2,,2,022,"US-101 SOUTHBOUND","NEWTON ROAD",257.00,N,N,A,-,Y,,,101,,,,,,S,Y,1,2,3,1,A,-,08,22107,,N,E,I,A,A,H,-,A,D,0,,,,,Y,,A,07,3,0,0,0,0,0,0,0,0,"- ","- ",40.322130000000001,-123.92169,HUMBOLDT,UNINCORPORATED,-123.9213614,40.322162550000002
90519774,2017,2017-08-09,9125,2017-07-30,1600,018172,,7,2,9,1200,0,3,5,,2,001,"MURRAY RD","LITTLE POND ST",12.00,E,N,A,-,N,,,,,,,,,,N,2,0,1,1,A,-,03,22350,,N,E,I,A,A,H,-,A,D,0,,,Y,,Y,,O,05,1,0,0,0,0,0,0,0,1,"- ","- ",40.956290000000003,-124.10538,HUMBOLDT,UNINCORPORATED,-124.10546653999999,40.956200000000003
90526567,2017,2017-08-21,9125,2017-08-05,0335,021514,,6,3,9,1200,0,1,3,,1,052,"BALD HILLS RD","MARTINS FERRY BRIDGE",25872.00,W,N,A,-,N,,,,,,,,,,Y,2,0,4,1,A,-,08,22107,,N,E,I,A,A,H,-,D,D,0,,,,,Y,,D,22,1,1,2,0,0,0,0,0,0,"- ","- ",41.201900000000002,-123.78735,HUMBOLDT,UNINCORPORATED,-123.78735,41.201900000000002
90527328,2017,2017-08-23,9125,2017-08-14,1505,018013,,1,2,9,1200,0,1,2,,1,024,"N/B US-101","AIRPORT RD",2640.00,N,N,A,-,Y,,,101,,,,,,,Y,2,0,3,2,A,-,09,21804,A,N,D,C,A,A,H,-,A,D,0,,,,,Y,,A,01,1,2,0,0,0,0,0,0,0,"- ","- ",40.809559999999998,-124.11409999999999,HUMBOLDT,UNINCORPORATED,-124.11410544,40.809570809999997
90529240,2017,2017-08-23,9125,2017-08-19,2345,021313,,6,3,9,1200,0,3,5,,2,006,"FIRE ROAD 6N66","TITLOW HILL RD",3696.00,E,N,A,-,N,,,,,,,,,,Y,2,0,2,1,A,-,01,23152,A,N,E,I,A,A,H,-,D,D,0,,,,,Y,Y,D,22,1,1,0,0,0,0,0,0,0,"- ","- ",40.873600000000003,-123.73136,HUMBOLDT,UNINCORPORATED,-123.73136,40.873600000000003
90530528,2017,2017-08-24,9125,2017-08-17,1915,021559,,4,2,9,1200,0,1,3,,1,061,"SR-299 E/B","KIMCO ROAD",1320.00,E,N,A,-,Y,,,299,,,,,,E,Y,2,0,1,1,A,-,01,23152,A,N,F,I,A,A,H,-,A,D,0,,,,,Y,Y,D,22,1,0,0,0,0,0,0,0,0,"- ","- ",40.895130000000002,-123.60893,HUMBOLDT,UNINCORPORATED,-123.60928943,40.894991429999997
90540475,2017,2017-09-05,9125,2017-08-25,0650,020603,,5,1,9,1200,0,1,3,,1,047,SR-36,"GOLDEN GATE DR",450.00,W,N,A,-,Y,,,36,,,,,,,Y,2,0,1,1,A,-,08,22107,,N,E,I,A,A,H,-,B,D,0,,,,,Y,,A,08,1,0,0,0,0,0,0,0,0,"- ","- ",40.462569999999999,-123.84419,HUMBOLDT,UNINCORPORATED,-123.84419063,40.462567880000002
90540571,2017,2017-09-05,9125,2017-08-25,1530,020901,,5,2,9,1200,0,1,3,,1,048,"SR-36 W/B","BURR VALLEY RD",792.00,W,N,A,-,Y,,,36,,,,,,W,Y,2,0,1,1,A,-,08,22107,,N,F,A,A,A,H,-,A,D,0,,,Y,,Y,,C,02,1,0,0,0,0,0,0,0,1,"- ","- ",40.47251,-123.65455,HUMBOLDT,UNINCORPORATED,-123.65463223,40.472527990000003
90541644,2017,2017-09-06,9125,2017-07-25,0550,019243,,2,3,9,1200,0,1,3,,1,047,SR-36,"RIVERSIDE PARK RD",528.00,W,N,A,-,Y,,,36,,,,,,,Y,1,1,1,2,A,-,01,23152,F,N,A,C,A,A,H,-,B,D,0,,,,Y,Y,,A,01,1,0,0,0,0,0,0,0,0,"- ","- ",40.503729999999997,-123.99154,HUMBOLDT,UNINCORPORATED,-123.99155229,40.503729389999997
90549877,2017,2017-09-18,9125,2017-09-08,0259,020946,,5,3,9,1200,0,1,2,,2,045,"US 101 N/B FROM SR-36",SR-36,853.00,N,N,A,-,Y,,,,,,,,,,Y,2,0,1,1,A,-,01,23152,A,N,E,I,A,A,H,-,D,D,0,,,,,Y,Y,D,22,1,0,0,0,0,0,0,0,0,"- ","- ",40.551009999999998,-124.1456,HUMBOLDT,UNINCORPORATED,-124.14568299,40.550950370000002
90563122,2017,2017-10-04,9125,2017-08-25,1538,020624,,5,2,9,1200,0,1,3,,1,048,"SR-36 E/B","BURR VALLEY RD.",792.00,W,N,A,-,Y,,,36,,,,,,E,Y,1,1,0,1,A,-,08,22107,,N,E,I,A,A,A,D,A,D,0,,,,,Y,,A,07,0,0,0,0,0,0,0,0,0,"- ","- ",40.469149999999999,-123.65374,HUMBOLDT,UNINCORPORATED,-123.65331082,40.469519290000001
90566995,2017,2017-10-10,9125,2017-10-01,0300,021313,,7,3,9,1200,0,3,5,,2,005,"PINE CREEK RD","LOOP RD",6336.00,N,N,A,-,N,,,,,,,,,,Y,2,0,3,1,A,-,01,23152,A,N,F,I,A,A,H,-,D,D,0,,,,,Y,Y,A,07,2,0,1,0,0,0,0,0,0,"- ","- ",41.066409999999998,-123.69495000000001,HUMBOLDT,UNINCORPORATED,-123.68103000000001,41.056060000000002
90577924,2017,2017-10-25,9126,2017-10-15,1755,021329,,7,2,9,1200,0,3,5,,2,222,"WILDER RIDGE ROAD","ETTER RANCH ROAD",8976.00,N,N,A,-,N,,,,,,,,,,Y,2,0,1,1,A,-,01,23152,A,N,E,I,A,A,H,-,A,D,0,,,,,Y,Y,D,22,1,0,0,0,0,0,0,0,0,"- ","- ",40.149149999999999,-124.02276999999999,HUMBOLDT,UNINCORPORATED,-124.02105102,40.14870458
90584811,2017,2017-11-01,9126,2017-10-25,0355,021329,,3,3,9,1200,0,1,3,,1,020,SR-254,"NEWTON ROAD",1056.00,S,N,B,-,Y,,,254,,,,,,,Y,2,0,1,1,A,-,01,23152,A,N,E,I,A,B,H,-,D,D,0,,,,,Y,Y,D,22,1,0,0,0,0,0,0,0,0,"- ","- ",40.322029999999998,-123.92769,HUMBOLDT,UNINCORPORATED,-123.92729708,40.321955770000002
90588793,2017,2017-11-07,9125,2017-10-01,0755,021313,,7,1,9,1200,0,1,3,,1,061,SR-299,"TITLOW HILL RD",2640.00,E,N,A,-,Y,,,299,,,,,,,Y,2,0,1,1,A,-,08,22107,,N,F,I,A,A,H,-,A,D,0,,,,,Y,,D,22,1,0,0,0,0,0,0,0,0,"- ","- ",40.902900000000002,-123.765,HUMBOLDT,UNINCORPORATED,-123.76500516,40.902936660000002