CASE_ID,ACCIDENT_YEAR,PROC_DATE,JURIS,COLLISION_DATE,COLLISION_TIME,OFFICER_ID,REPORTING_DISTRICT,DAY_OF_WEEK,CHP_SHIFT,POPULATION,CNTY_CITY_LOC,SPECIAL_COND,BEAT_TYPE,CHP_BEAT_TYPE,CITY_DIVISION_LAPD,CHP_BEAT_CLASS,BEAT_NUMBER,PRIMARY_RD,SECONDARY_RD,DISTANCE,DIRECTION,INTERSECTION,WEATHER_1,WEATHER_2,STATE_HWY_IND,CALTRANS_COUNTY,CALTRANS_DISTRICT,STATE_ROUTE,ROUTE_SUFFIX,POSTMILE_PREFIX,POSTMILE,LOCATION_TYPE,RAMP_INTERSECTION,SIDE_OF_HWY,TOW_AWAY,COLLISION_SEVERITY,NUMBER_KILLED,NUMBER_INJURED,PARTY_COUNT,PRIMARY_COLL_FACTOR,PCF_CODE_OF_VIOL,PCF_VIOL_CATEGORY,PCF_VIOLATION,PCF_VIOL_SUBSECTION,HIT_AND_RUN,TYPE_OF_COLLISION,MVIW,PED_ACTION,ROAD_SURFACE,ROAD_COND_1,ROAD_COND_2,LIGHTING,CONTROL_DEVICE,CHP_ROAD_TYPE,PEDESTRIAN_ACCIDENT,BICYCLE_ACCIDENT,MOTORCYCLE_ACCIDENT,TRUCK_ACCIDENT,NOT_PRIVATE_PROPERTY,ALCOHOL_INVOLVED,STWD_VEHTYPE_AT_FAULT,CHP_VEHTYPE_AT_FAULT,COUNT_SEVERE_INJ,COUNT_VISIBLE_INJ,COUNT_COMPLAINT_PAIN,COUNT_PED_KILLED,COUNT_PED_INJURED,COUNT_BICYCLIST_KILLED,COUNT_BICYCLIST_INJURED,COUNT_MC_KILLED,COUNT_MC_INJURED,PRIMARY_RAMP,SECONDARY_RAMP,LATITUDE,LONGITUDE,COUNTY,CITY,POINT_X,POINT_Y
90591829,2017,2017-11-09,9125,2017-11-01,0420,021313,,3,3,9,1200,0,1,3,,1,060,SR-299,"CHEZEM RD",3696.00,E,N,A,-,Y,,,299,,,,,,,Y,2,0,1,1,A,-,01,23152,A,N,F,I,A,A,H,-,D,D,0,,,,,Y,Y,A,01,1,0,0,0,0,0,0,0,0,"- ","- ",40.904679999999999,-123.82608999999999,HUMBOLDT,UNINCORPORATED,-123.82607796000001,40.904638540000001
90593900,2017,2017-11-14,9126,2017-11-02,1610,021812,,4,2,9,1200,0,1,2,,2,044,US-101,"NEWTON ROAD",4646.00,N,N,B,-,Y,,,101,,,,,,,Y,2,0,1,1,A,-,08,22107,,N,E,I,A,B,H,-,A,D,0,,,,,Y,,D,22,1,0,0,0,0,0,0,0,0,"- ","- ",40.332639999999998,-123.92806,HUMBOLDT,UNINCORPORATED,-123.92809042,40.3326159
90599283,2017,2017-11-21,9125,2017-11-15,0130,020748,,3,3,9,1200,0,3,5,,2,001,"CHER-AE LN","SCENIC DR",0.00,,Y,B,-,N,,,,,,,,,,N,2,0,1,1,A,-,12,22450,A,N,E,I,A,B,H,-,D,D,0,,Y,,,Y,,L,04,1,0,0,0,0,0,1,0,0,"- ","- ",41.053780000000003,-124.13048999999999,HUMBOLDT,UNINCORPORATED,-124.13050988000001,41.05376991
90600395,2017,2017-11-22,9126,2017-08-01,0150,021295,,2,3,9,1200,0,1,2,,2,022,"US-101 SOUTHBOUND","BARKDULL ROAD U/C",7128.00,S,N,A,-,Y,,,101,,,,,,S,Y,1,2,0,1,A,-,01,23152,F,N,E,I,A,A,H,-,D,D,0,,,,,Y,,A,01,0,0,0,0,0,0,0,0,0,"- ","- ",40.431829999999998,-123.9855,HUMBOLDT,UNINCORPORATED,-123.98543502,40.431859150000001
90604252,2017,2017-11-28,9126,2017-09-22,1805,021329,,5,2,9,1200,0,2,4,,1,008,"REDWOOD DRIVE","EVERGREEN ROAD",1584.00,S,N,A,-,N,,,,,,,,,,N,1,1,0,2,A,-,01,23152,F,N,C,C,A,A,H,-,A,D,0,,,Y,,Y,,C,02,0,0,0,0,0,0,0,1,0,"- ","- ",40.115130000000001,-123.79528000000001,HUMBOLDT,UNINCORPORATED,-123.80552161999999,40.116173949999997
90606518,2017,2017-11-30,9125,2017-11-17,1722,021844,,5,2,9,1200,0,3,5,,2,003,"PURDUE DR","STANFORD DR",0.00,,Y,A,-,N,,,,,,,,,,Y,2,0,1,2,A,-,05,21752,D,N,D,C,A,A,H,-,B,D,0,,,Y,,Y,,C,02,1,0,0,0,0,0,0,0,1,"- ","- ",40.733280000000001,-124.20529000000001,HUMBOLDT,UNINCORPORATED,-124.20531995,40.733249899999997
90609241,2017,2017-12-04,9125,2017-10-15,2013,020786,,7,2,9,1200,0,3,5,,2,006,"COUNTRY CLUB DRIVE","SEELEY MCINTOSH RD",487.00,S,N,A,-,N,,,,,,,,,,Y,1,1,0,2,A,-,01,23152,A,N,H,H,A,A,H,-,D,D,0,,,,,Y,,M,95,0,0,0,0,0,0,0,0,0,"- ","- ",40.946480000000001,-123.62496,HUMBOLDT,UNINCORPORATED,-123.62496,40.946480000000001
90612899,2017,2017-12-08,9125,2017-11-30,0610,021313,,4,1,9,1200,0,1,3,,1,061,SR-299,"CHINA GULCH RD",0.00,,Y,B,-,Y,,,299,,,,,,,Y,2,0,1,2,A,-,03,22350,,N,A,C,A,A,H,-,B,D,0,,,,,Y,,D,22,1,0,0,0,0,0,0,0,0,"- ","- ",40.930570000000003,-123.68678,HUMBOLDT,UNINCORPORATED,-123.68678368,40.930577
90621956,2017,2018-02-21,9126,2017-12-11,1553,021507,,1,2,9,1200,0,1,2,,2,044,"US-101 N/B","FRENCH ROAD",5808.00,N,N,E,-,Y,,,101,,,,,,N,Y,1,1,0,1,A,-,01,23152,A,N,E,I,A,B,H,-,A,D,0,,,,,Y,Y,D,22,0,0,0,0,0,0,0,0,0,"- ","- ",40.230200000000004,-123.83054,HUMBOLDT,UNINCORPORATED,-123.83059381,40.230168020000001
9062877,2019,2020-05-16,1201,2019-11-17,0200,645,404,7,5,3,1201,0,0,0,,0,00S,"BAYSIDE RD","BAYSIDE CT",130.00,E,N,E,-,N,,,,,,,,,,Y,2,0,2,1,A,-,01,23152,,N,E,I,A,B,H,-,D,D,0,,,,,Y,Y,A,01,1,1,0,0,0,0,0,0,0,"- ","- ",40.863151550292969,-124.07350921630859,HUMBOLDT,ARCATA,-124.07325744628906,40.862861633300781
90630440,2017,2018-01-01,9125,2017-10-30,2045,020748,,1,2,9,1200,0,1,3,,2,013,SR-299,"NORTH FORK MAD RIVER",1584.00,W,N,A,-,Y,,,299,,,,,,,Y,1,1,0,1,A,-,01,23152,A,N,E,I,A,A,H,-,D,D,0,,,,,Y,Y,E,22,0,0,0,0,0,0,0,0,0,"- ","- ",40.908369999999998,-123.91688000000001,HUMBOLDT,UNINCORPORATED,-123.91689624999999,40.908374909999999
90633108,2017,2018-01-04,9125,2017-11-24,1803,020946,,5,2,9,1200,0,1,3,,1,012,"SR-200 (NORTH BANK RD)",SR-299,1584.00,N,N,A,-,Y,,,200,,,,,,,Y,1,1,0,2,A,-,10,21954,B,N,G,B,E,B,H,-,D,D,0,Y,,,,Y,,A,01,0,0,0,1,0,0,0,0,0,"- ","- ",40.914400000000001,-124.06269,HUMBOLDT,UNINCORPORATED,-124.06269700999999,40.914386909999997
90636133,2017,2018-01-09,9125,2017-12-23,0145,021313,,6,3,9,1200,0,1,3,,1,062,SR-96,"TISH TANG CAMPGROUND",3168.00,S,N,A,-,Y,,,96,,,,,,,Y,2,0,1,2,A,-,05,21460,A,F,A,C,A,A,H,-,D,D,0,,,,,Y,,D,22,1,0,0,0,0,0,0,0,0,"- ","- ",41.012410000000003,-123.63706999999999,HUMBOLDT,UNINCORPORATED,-123.63708181,41.01241856
90643154,2018,2018-01-18,9126,2018-01-08,2330,021812,,1,3,9,1200,0,3,5,,2,222,"MARTIN WAY","PUMA DRIVE",528.00,S,N,B,C,N,,,,,,,,,,N,2,0,3,1,A,-,08,22107,,N,F,A,A,B,B,-,D,D,0,,,Y,,Y,Y,C,06,2,1,0,0,0,0,0,0,3,"- ","- ",40.045211791992188,-124.05870056152344,HUMBOLDT,UNINCORPORATED,-124.05875396728516,40.045703887939453
9065512,2020,2020-11-30,1203,2020-03-11,2212,4044,P5,3,5,4,1203,0,0,0,,0,001,"W WASHINGTON ST",BROADWAY,0.00,,Y,A,-,Y,HUM,1,101,-,-,77.800,I,5,S,Y,2,0,3,4,A,-,01,23152,A,N,D,C,A,A,H,-,C,A,0,,,,,Y,Y,D,22,2,1,0,0,0,0,0,0,0,"- ","- ",40.798229217529297,-124.17510223388672,HUMBOLDT,EUREKA,-124.17516326904297,40.798229217529297
90657858,2017,2018-02-08,9126,2017-11-24,0100,021812,,5,3,9,1200,0,3,5,,2,222,"CHEMISE MOUNTAIN ROAD","SHELTER COVE ROAD",17424.00,S,N,C,E,N,,,,,,,,,,Y,1,1,6,1,A,-,01,23152,A,N,F,A,A,B,H,-,D,D,0,,,,,Y,Y,D,22,0,2,4,0,0,0,0,0,0,"- ","- ",40.009549999999997,-123.98546,HUMBOLDT,UNINCORPORATED,-123.98529861,40.009410410000001
90658937,2017,2018-02-21,9125,2017-12-30,2329,021450,,6,3,9,1200,0,2,4,,1,023,"WALNUT DR","HURST RD",339.00,S,N,E,-,N,,,,,,,,,,N,1,1,0,2,A,-,11,21954,A,N,G,B,E,B,H,-,D,D,0,Y,,,,Y,,N,60,0,0,0,1,0,0,0,0,0,"- ","- ",40.746870000000001,-124.14773,HUMBOLDT,UNINCORPORATED,-124.14775133000001,40.746868669999998
90660837,2018,2018-02-13,9126,2018-02-03,0330,021507,,6,3,9,1200,0,1,3,,1,020,SR-254,"NEWTON ROAD",3696.00,N,N,A,-,Y,,,254,,,,,,,Y,2,0,3,1,A,-,08,22107,,N,E,I,A,B,H,-,D,D,0,,,,,Y,,D,22,3,0,0,0,0,0,0,0,0,"- ","- ",40.3360595703125,-123.93443298339844,HUMBOLDT,UNINCORPORATED,-123.934326171875,40.336204528808594
90675927,2018,2018-03-06,9125,2018-03-01,2217,018064,,4,3,9,1200,0,1,2,,2,030,"US-101 N/B (REDWOOD HIGHWAY)","LOLETA DR",3696.00,N,N,B,-,Y,,,101,,,,,,N,Y,2,0,2,1,A,-,03,22350,,N,E,I,A,C,G,-,A,D,0,,,,,Y,,A,07,1,1,0,0,0,0,0,0,0,"- ","- ",40.651668548583984,-124.21156311035156,HUMBOLDT,UNINCORPORATED,-124.21155548095703,40.651668548583984
90682752,2018,2018-06-21,9125,2018-03-11,1445,020603,,7,2,9,1200,0,2,4,,1,020,"MYRTLE AVE","FRESHWATER ROAD",90.00,N,N,A,-,N,,,,,,,,,,N,2,0,1,2,A,-,08,22100,A,N,B,C,A,A,H,-,A,D,0,,,Y,,Y,,A,01,1,0,0,0,0,0,0,0,1,"- ","- ",40.786018371582031,-124.08541870117188,HUMBOLDT,UNINCORPORATED,-124.08529663085938,40.785755157470703
90687781,2018,2018-03-22,9125,2018-03-17,2350,018064,,6,3,9,1200,0,1,2,,2,016,"US-101 N/B (REDWOOD HIGHWAY)",SANDHOUSE,11616.00,N,N,B,-,Y,,,101,,,,,,N,Y,2,0,2,1,A,-,08,22107,,N,E,I,A,B,H,-,E,D,0,,,,,Y,,A,01,1,1,0,0,0,0,0,0,0,"- ","- ",41.425498962402344,-124.00700378417969,HUMBOLDT,UNINCORPORATED,-124.00702667236328,41.425422668457031
90687799,2018,2018-04-03,9125,2018-02-28,1150,019243,,3,1,9,1200,0,2,4,,1,020,"MYRTLE AVE","BETTIE LN",503.00,W,N,B,C,N,,,,,,,,,,Y,1,1,0,2,A,-,08,22107,,N,A,C,A,B,H,-,A,D,0,,,,Y,Y,,D,22,0,0,0,0,0,0,0,0,0,"- ","- ",40.7835693359375,-124.09744262695312,HUMBOLDT,UNINCORPORATED,-124.09711456298828,40.783573150634766
90690885,2018,2018-03-27,9125,2018-03-02,2500,020491,,5,4,9,1200,0,1,3,,1,047,"SR-36 W/B","GOLDEN GATE DR",1056.00,E,N,C,-,Y,,,36,,,,,,W,Y,1,1,0,1,A,-,01,23152,A,N,F,A,A,B,H,-,A,D,0,,,,,Y,Y,D,22,0,0,0,0,0,0,0,0,0,"- ","- ",40.468341827392578,-123.81352233886719,HUMBOLDT,UNINCORPORATED,-123.81352233886719,40.468341827392578
90691629,2018,2018-03-28,9125,2018-03-23,1510,019243,,5,2,9,1200,0,1,2,,2,017,US-101,"REDWOOD TRAILS CIR",1584.00,N,N,B,C,Y,,,101,,,,,,,Y,2,0,2,1,A,-,08,22107,,N,E,I,A,B,H,-,A,D,0,,,,,Y,,A,01,1,0,1,0,0,0,0,0,0,"- ","- ",41.22821044921875,-124.0848388671875,HUMBOLDT,UNINCORPORATED,-124.08482360839844,41.228199005126953
90707011,2018,2018-04-17,9126,2018-04-07,2126,021507,,6,2,9,1200,0,1,3,,1,020,SR-254,"CATHEY ROAD",4646.00,S,N,B,-,Y,,,,,,,,,,Y,2,0,1,1,A,-,01,23152,A,N,E,I,A,B,H,-,D,D,0,,,,,Y,Y,D,22,1,0,0,0,0,0,0,0,0,"- ","- ",40.152278900146484,-123.49278259277344,HUMBOLDT,UNINCORPORATED,,
9071740,2020,2020-11-30,1203,2020-03-04,1842,4075,P37,3,5,4,1203,0,0,0,,0,002,BROADWAY,"WEST HAWTHORNE ST",11.00,S,N,B,-,Y,HUM,1,101,-,-,77.130,H,-,N,N,2,0,1,2,A,-,03,22350,,N,C,C,A,A,H,-,C,A,0,,,Y,,Y,,C,02,1,0,0,0,0,0,0,0,1,"- ","- ",40.790149688720703,-124.1800537109375,HUMBOLDT,EUREKA,-124.17980194091797,40.788917541503906
90723746,2018,2018-05-10,9125,2018-04-30,0335,013551,,1,3,9,1200,0,1,3,,1,026,"SR-255 S/B","3RD ST",213.00,N,N,B,-,Y,,,,,,,,,,Y,2,0,1,1,A,-,01,23152,A,N,E,I,A,A,H,-,C,D,0,,,,,Y,Y,A,01,1,0,0,0,0,0,0,0,0,"- ","- ",40.806129455566406,-124.15364837646484,HUMBOLDT,UNINCORPORATED,,
90725887,2018,2018-05-14,9126,2018-04-02,1020,022004,,1,1,9,1200,0,1,3,,1,020,SR-254,"BOY SCOUT ROAD",2640.00,N,N,A,-,Y,,,254,,,,,,,Y,1,1,0,1,A,-,01,23152,F,N,E,I,A,A,H,-,A,D,0,,,,,Y,,A,07,0,0,0,0,0,0,0,0,0,"- ","- ",40.273399353027344,-123.8809814453125,HUMBOLDT,UNINCORPORATED,-123.88096618652344,40.273445129394531
90732936,2018,2018-05-24,9125,2018-05-16,1116,021989,,3,1,9,1200,0,1,2,,2,016,US-101,"NEWTON B DRURY SCENIC PKY",3696.00,N,N,B,-,Y,,,101,,,,,,,Y,2,0,1,1,A,-,08,22107,,N,E,I,A,B,H,-,D,D,0,,,,,Y,,A,07,1,0,0,0,0,0,0,0,0,"- ","- ",41.358299255371094,-124.00978088378906,HUMBOLDT,UNINCORPORATED,-124.00980377197266,41.358402252197266
90744218,2018,2018-07-27,9125,2018-05-23,1320,018958,,3,1,9,1200,0,1,2,,2,017,US-101,"BALD HILLS RD.",528.00,S,N,B,-,Y,,,101,,,,,,,Y,1,2,1,2,A,-,08,22107,,N,E,I,A,A,H,-,A,D,0,,,,Y,Y,,D,22,0,1,0,0,0,0,0,0,0,"- ","- ",41.299869537353516,-124.05084228515625,HUMBOLDT,UNINCORPORATED,-124.05078887939453,41.299831390380859
90745652,2018,2018-06-11,9125,2018-04-03,2339,014643,,2,3,9,1200,0,1,3,,2,013,"SR-299 WESTBOUND","MAD RIVER BRIDGE",1584.00,W,N,A,-,Y,,,299,,,,,,W,Y,1,1,0,1,A,-,01,23152,A,N,E,I,A,A,H,-,D,D,0,,,,,Y,Y,A,01,0,0,0,0,0,0,0,0,0,"- ","- ",40.910400390625,-124.06784057617188,HUMBOLDT,UNINCORPORATED,-124.06784057617188,40.910438537597656
90750043,2018,2018-06-18,9126,2018-06-12,0510,021827,,2,3,9,1200,0,1,2,,1,066,US-101,"ENTRANCE TO RICHARDSON GROVE STATE PARK",528.00,S,N,A,-,Y,,,101,,,,,,,Y,2,0,1,1,A,-,08,22107,,N,E,I,A,A,H,-,D,D,0,,,,,Y,,D,23,1,0,0,0,0,0,0,0,0,"- ","- ",40.022308349609375,-123.7938232421875,HUMBOLDT,UNINCORPORATED,-123.79373168945312,40.022342681884766
90751722,2018,2018-06-20,9125,2018-06-12,1213,021450,,2,1,9,1200,0,2,4,,1,020,"MYRTLE AVE","PARK ST",300.00,S,N,B,-,N,,,,,,,,,,Y,2,0,1,2,A,-,03,22350,,N,C,C,A,A,H,-,A,D,0,,,Y,,Y,,C,02,1,0,0,0,0,0,0,0,1,"- ","- ",40.794330596923828,-124.13594818115234,HUMBOLDT,UNINCORPORATED,-124.13602447509766,40.794361114501953
90757711,2018,2018-06-28,9126,2018-06-23,0135,021812,,6,3,9,1200,0,1,3,,1,020,SR-254,"MAPLE HILLS ROAD",4066.00,N,N,A,-,Y,,,254,,,,,,,Y,2,0,2,1,A,-,01,23152,G,N,E,I,A,A,H,-,D,D,0,,,,,Y,Y,A,01,1,1,0,0,0,0,0,0,0,"- ","- ",40.225559234619141,-123.82177734375,HUMBOLDT,UNINCORPORATED,-123.82179260253906,40.225555419921875
90758418,2018,2018-06-29,9126,2018-04-13,1142,021049,,5,1,9,1200,0,1,2,,2,044,"US 101 N/B","SALMON CREEK ROAD",8448.00,S,N,A,-,Y,,,,,,,,,,Y,1,2,1,2,A,-,01,23152,A,N,A,C,A,A,H,-,A,D,0,,,,,Y,Y,A,01,1,0,0,0,0,0,0,0,0,"- ","- ",40.228721618652344,-123.82987976074219,HUMBOLDT,UNINCORPORATED,-123.83325958251953,40.235080718994141
90762955,2018,2018-07-05,9125,2018-06-29,2015,021844,,5,2,9,1200,0,1,3,,1,061,SR-299,"TITLOW HILL RD",620.00,E,N,A,-,Y,,,299,,,,,,,Y,2,0,1,1,A,-,08,22107,,N,E,I,A,A,H,-,A,D,0,,,Y,,Y,,C,02,1,0,0,0,0,0,0,0,1,"- ","- ",40.897621154785156,-123.76822662353516,HUMBOLDT,UNINCORPORATED,-123.76827239990234,40.89764404296875
90768574,2018,2018-07-13,9125,2018-07-04,1353,016577,,3,1,9,1200,0,3,5,,2,004,"BLUE SLIDE RD.","WEBSTER ST.",4752.00,W,N,A,-,N,,,,,,,,,,N,2,0,1,1,A,-,03,22350,,N,F,A,A,A,H,-,A,D,0,,,Y,,Y,,C,02,1,0,0,0,0,0,0,0,1,"- ","- ",40.508388519287109,-124.14327239990234,HUMBOLDT,UNINCORPORATED,-124.14324951171875,40.508342742919922
90768724,2018,2018-07-13,9125,2018-07-03,1714,021989,,2,2,9,1200,0,1,3,,1,061,SR-299,"M & W RANCH RD",430.00,W,N,A,-,Y,,,299,,,,,,,Y,2,0,1,2,A,-,05,21460,A,N,F,C,A,A,H,-,A,D,0,,,Y,,Y,,C,02,1,0,0,0,0,0,0,0,1,"- ","- ",40.929851531982422,-123.68811798095703,HUMBOLDT,UNINCORPORATED,-123.68810272216797,40.929824829101562
90770667,2018,2018-07-17,9125,2018-07-11,1240,019243,,3,1,9,1200,0,1,2,,2,018,US-101,"BIG LAGOON PARK RD",3168.00,N,N,A,-,Y,,,101,,,,,,,Y,2,0,1,2,A,-,11,21954,A,N,A,B,E,A,H,-,A,D,0,Y,,,,Y,,N,60,1,0,0,0,1,0,0,0,0,"- ","- ",41.159770965576172,-124.11768341064453,HUMBOLDT,UNINCORPORATED,-124.11767578125,41.159744262695312
9078606,2020,2020-11-30,1201,2020-03-10,1153,652,307,2,5,3,1201,0,0,0,,0,00S,"SAMOA BL","G ST",91.00,W,N,A,-,Y,HUM,1,255,-,-,8.560,H,-,S,Y,2,0,1,1,A,-,08,22107,,N,E,J,A,A,H,-,A,A,0,,,,,Y,,A,01,1,0,0,0,0,0,0,0,0,"- ","- ",40.864940643310547,-124.08721160888672,HUMBOLDT,ARCATA,-124.08689880371094,40.864860534667969
90787117,2018,2018-08-08,9126,2018-07-30,1510,021836,,1,2,9,1200,0,3,5,,2,444,"STEWART RANCH ROAD","ALDERPOINT RD",1056.00,E,N,A,-,N,,,,,,,,,,Y,2,0,3,1,D,-,00,,,N,E,I,A,A,H,-,A,D,0,,,,,Y,,-,"- ",3,0,0,0,0,0,0,0,0,"- ","- ",40.218021392822266,-123.59600067138672,HUMBOLDT,UNINCORPORATED,-123.59574890136719,40.21807861328125
90800815,2018,2018-08-29,9125,2018-08-25,1820,021989,,6,2,9,1200,0,3,5,,2,001,"BALD HILLS RD","JOHNSON RD",32208.00,E,N,A,-,N,,,,,,,,,,Y,2,0,2,1,A,-,01,23152,A,N,F,A,A,A,H,-,A,D,0,,,,,Y,Y,A,07,1,0,1,0,0,0,0,0,0,"- ","- ",41.157508850097656,-123.89151763916016,HUMBOLDT,UNINCORPORATED,-123.89131927490234,41.157371520996094
90809129,2018,2018-09-10,9125,2018-08-28,2040,021559,,2,2,9,1200,0,1,2,,2,044,"US-101 S/B","LOLETA DR",836.00,S,N,A,-,Y,,,101,,,,,,S,Y,2,0,2,2,C,-,18,,,N,E,H,A,A,H,-,C,D,0,,,,,Y,,-,"- ",1,0,1,0,0,0,0,0,0,"- ","- ",40.639690399169922,-124.21053314208984,HUMBOLDT,UNINCORPORATED,-124.21052551269531,40.639686584472656
90809851,2018,2018-09-11,9126,2018-07-01,0015,021919,,7,3,9,1200,0,2,4,,1,006,"ALDERPOINT ROAD","COUNTY YARD ROAD",40.00,W,N,A,-,N,,,,,,,,,,Y,1,1,0,1,A,-,01,23152,F,N,E,I,A,A,H,-,D,D,0,,,,Y,Y,,F,26,0,0,0,0,0,0,0,0,0,"- ","- ",40.107101440429688,-123.79334259033203,HUMBOLDT,UNINCORPORATED,-123.79360961914062,40.107372283935547
90810416,2018,2018-09-11,9125,2018-09-01,2230,022105,,6,3,9,1200,0,3,5,,2,005,"TELESCOPE PEAK RD","SHOEMAKER RD",158.00,W,N,A,-,N,,,,,,,,,,Y,2,0,1,1,A,-,08,22107,,N,E,I,A,A,H,-,D,D,0,,,,,Y,,A,01,1,0,0,0,0,0,0,0,0,"- ","- ",41.022720336914062,-123.65931701660156,HUMBOLDT,UNINCORPORATED,-123.66165161132812,41.0247802734375
90812699,2018,2018-09-13,9126,2018-09-02,1800,021919,,7,2,9,1200,0,2,4,,1,006,"ALDERPOINT ROAD","ZENIA BLUFF RD",3168.00,E,N,A,-,N,,,,,,,,,,Y,2,0,2,1,A,-,08,22107,,N,E,I,A,A,H,-,A,D,0,,,,,Y,,D,22,1,1,0,0,0,0,0,0,0,"- ","- ",40.190849304199219,-123.58760833740234,HUMBOLDT,UNINCORPORATED,-123.58979797363281,40.192119598388672
90815483,2018,2018-09-18,9125,2018-09-14,2218,020946,,5,3,9,1200,0,3,5,,2,004,"US 101 S/B TO SINGLEY ROAD","SINGLEY ROAD",0.00,,Y,A,-,N,,,,,,,,,,N,2,0,1,2,A,-,09,21802,A,N,D,G,A,A,H,-,D,A,0,,Y,,,Y,,L,04,1,0,0,0,0,0,1,0,0,"- ","- ",40.620708465576172,-124.21012115478516,HUMBOLDT,UNINCORPORATED,-124.210121,40.620708
90817047,2018,2018-09-19,9126,2018-09-07,1250,021929,,5,1,9,1200,0,1,2,,2,022,"US-101 SOUTHBOUND","SR-254 (MYERS FLAT)",528.00,N,N,A,-,Y,,,101,,,,,,S,Y,2,0,1,1,A,-,08,22107,,N,E,I,A,A,H,-,A,D,0,,,,,Y,,D,22,1,0,0,0,0,0,0,0,0,"- ","- ",40.267791748046875,-123.87275695800781,HUMBOLDT,UNINCORPORATED,-123.87291717529297,40.267566680908203
90819609,2018,2018-09-24,9125,2018-09-12,1620,022095,,3,2,3,1201,0,1,2,,2,022,"US-101 N/B","SAMOA BLVD.",2640.00,S,N,A,-,Y,,,101,,,,,,N,N,2,0,1,2,A,-,03,22350,,N,C,E,A,A,H,-,A,D,0,,Y,,,Y,,L,04,1,0,0,0,0,0,1,0,0,"- ","- ",40.855308532714844,-124.08207702636719,HUMBOLDT,ARCATA,-124.08211517333984,40.855308532714844
90824353,2018,2018-09-28,9125,2018-09-21,1501,021989,,5,2,9,1200,0,3,5,,2,001,"BLUFF CREEK RD",SR-96,29040.00,W,N,A,-,N,,,,,,,,,,Y,2,0,1,2,A,-,17,21662,A,N,A,C,A,A,H,-,A,D,0,,,Y,,Y,Y,C,02,1,0,0,0,0,0,0,0,1,"- ","- ",41.246368408203125,-123.68672180175781,HUMBOLDT,UNINCORPORATED,-123.66442108154297,41.242839813232422
90830862,2018,2018-10-08,9126,2018-09-28,1950,022004,,5,2,9,1200,0,1,2,,1,066,US-101,"BENBOW DRIVE",2640.00,S,N,B,-,Y,,,101,,,,,,,Y,2,0,1,1,A,-,03,22350,,N,E,I,A,A,H,-,D,D,0,,,,,Y,,A,07,1,0,0,0,0,0,0,0,0,"- ","- ",40.033939361572266,-123.793212890625,HUMBOLDT,UNINCORPORATED,-123.79313659667969,40.033935546875
90831146,2018,2018-10-08,9126,2018-10-01,0640,021692,,1,1,9,1200,0,3,5,,2,222,"HUMBOLDT LOOP ROAD","EEL COURT",26.00,S,N,B,-,N,,,,,,,,,,N,2,0,1,1,A,-,08,22107,,N,F,A,A,A,H,-,B,D,0,,,Y,,Y,,C,02,1,0,0,0,0,0,0,0,1,"- ","- ",40.039588928222656,-124.07675170898438,HUMBOLDT,UNINCORPORATED,-124.07672119140625,40.039684295654297
90842762,2018,2018-10-23,9125,2018-10-13,0305,022105,,6,3,9,1200,0,3,5,,2,005,SR-96,"SHOEMAKER RD",1320.00,N,N,A,-,Y,,,96,,,,,,,Y,2,0,1,1,A,-,01,23152,A,N,F,I,A,A,H,-,D,D,0,,,,,Y,Y,A,01,1,0,0,0,0,0,0,0,0,"- ","- ",41.039260864257812,-123.67186737060547,HUMBOLDT,UNINCORPORATED,-123.67178344726562,41.039257049560547
90847646,2018,2018-10-29,9125,2018-10-20,1400,022105,,6,2,9,1200,0,1,3,,1,065,SR-96,"NEW VILLAGE RD",2640.00,E,N,A,-,Y,,,96,,,,,,,Y,2,0,1,1,A,-,08,22107,,N,E,I,A,A,H,-,A,D,0,,,,,Y,,D,22,1,0,0,0,0,0,0,0,0,"- ","- ",41.189060211181641,-123.6798095703125,HUMBOLDT,UNINCORPORATED,-123.6798095703125,41.189033508300781
90861501,2018,2018-11-16,9125,2018-11-05,1630,021989,,1,2,9,1200,0,3,5,,2,005,"RED CAP RD",SR-96,528.00,S,N,A,-,N,,,,,,,,,,N,2,0,1,2,D,-,00,,,F,G,B,E,A,H,-,A,D,0,Y,,,,Y,,-,"- ",1,0,0,0,1,0,0,0,0,"- ","- ",41.301990509033203,-123.53324127197266,HUMBOLDT,UNINCORPORATED,-123.53289794921875,41.302215576171875
90879286,2018,2018-12-10,9125,2018-11-30,0230,022095,,5,3,9,1200,0,1,2,,2,030,"US-101 N/B","LOLETA DR",2112.00,N,N,B,-,Y,,,101,,,,,,N,Y,2,0,1,1,A,-,01,23152,A,N,E,I,A,B,H,-,D,D,0,,,,,Y,Y,A,01,1,0,0,0,0,0,0,0,0,"- ","- ",40.647750854492188,-124.20967102050781,HUMBOLDT,UNINCORPORATED,-124.20960998535156,40.647785186767578