CASE_ID,ACCIDENT_YEAR,PROC_DATE,JURIS,COLLISION_DATE,COLLISION_TIME,OFFICER_ID,REPORTING_DISTRICT,DAY_OF_WEEK,CHP_SHIFT,POPULATION,CNTY_CITY_LOC,SPECIAL_COND,BEAT_TYPE,CHP_BEAT_TYPE,CITY_DIVISION_LAPD,CHP_BEAT_CLASS,BEAT_NUMBER,PRIMARY_RD,SECONDARY_RD,DISTANCE,DIRECTION,INTERSECTION,WEATHER_1,WEATHER_2,STATE_HWY_IND,CALTRANS_COUNTY,CALTRANS_DISTRICT,STATE_ROUTE,ROUTE_SUFFIX,POSTMILE_PREFIX,POSTMILE,LOCATION_TYPE,RAMP_INTERSECTION,SIDE_OF_HWY,TOW_AWAY,COLLISION_SEVERITY,NUMBER_KILLED,NUMBER_INJURED,PARTY_COUNT,PRIMARY_COLL_FACTOR,PCF_CODE_OF_VIOL,PCF_VIOL_CATEGORY,PCF_VIOLATION,PCF_VIOL_SUBSECTION,HIT_AND_RUN,TYPE_OF_COLLISION,MVIW,PED_ACTION,ROAD_SURFACE,ROAD_COND_1,ROAD_COND_2,LIGHTING,CONTROL_DEVICE,CHP_ROAD_TYPE,PEDESTRIAN_ACCIDENT,BICYCLE_ACCIDENT,MOTORCYCLE_ACCIDENT,TRUCK_ACCIDENT,NOT_PRIVATE_PROPERTY,ALCOHOL_INVOLVED,STWD_VEHTYPE_AT_FAULT,CHP_VEHTYPE_AT_FAULT,COUNT_SEVERE_INJ,COUNT_VISIBLE_INJ,COUNT_COMPLAINT_PAIN,COUNT_PED_KILLED,COUNT_PED_INJURED,COUNT_BICYCLIST_KILLED,COUNT_BICYCLIST_INJURED,COUNT_MC_KILLED,COUNT_MC_INJURED,PRIMARY_RAMP,SECONDARY_RAMP,LATITUDE,LONGITUDE,COUNTY,CITY,POINT_X,POINT_Y
90879611,2018,2018-12-10,9125,2018-11-27,1735,019116,,2,2,9,1200,0,1,3,,1,041,SR-211,"FERNBRIDGE DRIVE",1056.00,W,N,B,E,Y,,,211,,,,,,,N,2,0,1,2,A,-,11,21956,,F,G,B,E,B,H,-,D,D,0,Y,,,,Y,,N,60,1,0,0,0,1,0,0,0,0,"- ","- ",40.613361358642578,-124.20327758789062,HUMBOLDT,UNINCORPORATED,-124.20336151123047,40.613407135009766
90885125,2018,2018-12-18,9125,2018-12-12,0758,021844,,3,1,9,1200,0,2,4,,2,040,"EEL RIVER DR","TABLE BLUFF RD",528.00,W,N,A,-,N,,,,,,,,,,Y,2,0,2,2,A,-,09,21804,A,N,D,C,A,A,H,-,A,D,0,,,,,Y,,A,01,1,0,1,0,0,0,0,0,0,"- ","- ",40.655048370361328,-124.21661376953125,HUMBOLDT,UNINCORPORATED,-124.21622467041016,40.655002593994141
90886954,2018,2018-12-20,9125,2018-12-08,2300,022095,,6,3,9,1200,0,2,4,,1,046,"ROHNERVILLE RD","PUDDIN LN",120.00,E,N,A,-,N,,,,,,,,,,Y,2,0,1,1,A,-,08,22107,,N,E,I,A,A,H,-,D,D,0,,,,,Y,,A,01,1,0,0,0,0,0,0,0,0,"- ","- ",40.556930541992188,-124.10629272460938,HUMBOLDT,UNINCORPORATED,-124.10592651367188,40.556938171386719
90903587,2019,2019-01-14,9125,2019-01-03,1636,021256,,4,2,9,1200,0,1,3,,1,047,"SR-36 W/B","FOX CREEK RD",3538.00,E,N,A,-,Y,,,36,,,,,,W,Y,2,0,3,1,A,-,01,23152,A,N,F,I,A,A,H,-,A,D,0,,,,,Y,Y,D,22,1,0,2,0,0,0,0,0,0,"- ","- ",40.512210845947266,-123.99086761474609,HUMBOLDT,UNINCORPORATED,-123.99087524414062,40.512222290039062
90921684,2019,2019-02-07,9125,2019-02-02,1140,018958,,6,1,9,1200,0,1,2,,2,016,US-101,"NEWTON B DRURY SCENIC PKY",28512.00,N,N,B,C,N,,,,,,,,,,Y,2,0,1,1,A,-,08,22107,,N,E,I,A,B,H,-,A,D,0,,,,,Y,,A,01,1,0,0,0,0,0,0,0,0,"- ","- ",,,HUMBOLDT,UNINCORPORATED,-123.99544525146484,41.404228210449219
90924046,2019,2019-02-11,9126,2019-02-03,1244,021507,,7,1,9,1200,0,1,2,,2,022,"US-101 S/B","BARKDULL ROAD",2112.00,S,N,B,C,Y,,,101,,,,,,S,Y,2,0,2,1,A,-,03,22350,,N,E,I,A,B,H,-,A,D,0,,,,,Y,,A,01,1,1,0,0,0,0,0,0,0,"- ","- ",40.426708221435547,-123.98288726806641,HUMBOLDT,UNINCORPORATED,-123.98292541503906,40.426704406738281
90938623,2019,2019-06-26,9126,2019-01-17,1630,021919,,4,2,9,1200,0,1,2,,2,022,"US-101 SOUTHBOUND","NEWTON ROAD",2112.00,S,N,B,-,Y,,,101,,,,,,S,Y,1,1,1,2,A,-,05,21651,A,N,A,C,A,B,H,-,A,D,0,,,,,Y,,D,22,0,1,0,0,0,0,0,0,0,"- ","- ",40.315399169921875,-123.91708374023438,HUMBOLDT,UNINCORPORATED,-123.9171142578125,40.315334320068359
90946001,2019,2019-03-14,9125,2019-03-05,1746,020946,,2,2,9,1200,0,1,3,,1,026,"SR-255 N/B","NEW NAVY BASE RD",2129.00,S,N,C,-,Y,,,,,,,,,,Y,2,0,3,3,A,-,08,22107,,N,A,C,A,B,H,-,D,D,0,,,,,Y,Y,D,22,1,2,0,0,0,0,0,0,0,"- ","- ",40.822010040283203,-124.17062377929688,HUMBOLDT,UNINCORPORATED,,
90951318,2019,2019-03-22,9126,2019-02-10,2050,021929,,7,2,9,1200,0,1,2,,1,066,US-101,"SOUTH BENBOW DRIVE",1267.00,S,N,B,-,Y,,,101,,,,,,,Y,1,1,0,1,A,-,01,23152,A,N,E,I,A,B,H,-,D,D,0,,,,,Y,Y,A,07,0,0,0,0,0,0,0,0,0,"- ","- ",40.035411834716797,-123.78883361816406,HUMBOLDT,UNINCORPORATED,-123.78882598876953,40.035469055175781
90952267,2019,2019-03-25,9125,2019-03-15,1550,021450,,5,2,9,1200,0,1,3,,1,047,SR-36,"HARVILLE LN",446.00,E,N,B,-,Y,,,36,,,,,,,N,2,0,1,2,A,-,03,22350,,N,C,C,A,A,H,-,A,D,0,,,Y,,Y,,D,22,1,0,0,0,0,0,0,0,1,"- ","- ",40.544471740722656,-124.08336639404297,HUMBOLDT,UNINCORPORATED,-124.08336639404297,40.544490814208984
90952346,2019,2019-03-25,9125,2019-03-20,1003,021313,,3,1,9,1200,0,1,2,,2,044,"US-101 N/B","KENMAR RD",1056.00,N,N,B,C,Y,,,,,,,,,,Y,2,0,1,2,A,-,07,21658,A,N,E,I,A,B,H,-,A,D,0,,,,Y,Y,,G,25,1,0,0,0,0,0,0,0,0,"- ","- ",40.579391479492188,-124.15006256103516,HUMBOLDT,UNINCORPORATED,,
90966707,2018,2019-04-12,9125,2018-11-02,0530,021025,,5,3,9,1200,0,1,2,,2,018,"US-101 NORTHBOUND","6TH AVENUE OVER-CROSSING",950.00,N,N,B,-,Y,,,101,,,,,,N,N,1,1,0,2,A,-,11,21954,A,N,G,B,E,A,H,-,D,D,0,Y,,,Y,Y,,N,60,0,0,0,1,0,0,0,0,0,"- ","- ",41.038410186767578,-124.11341857910156,HUMBOLDT,UNINCORPORATED,-124.11345672607422,41.038387298583984
90966784,2019,2019-04-12,9125,2019-01-15,1230,014643,,2,1,9,1200,0,1,2,,2,017,"US-101 (REDWOOD HIGHWAY)","OLD STATE HIGHWAY",2640.00,S,N,B,-,Y,,,101,,,,,,,Y,1,1,2,1,A,-,08,22107,,N,E,I,A,B,H,-,A,A,0,,,,,Y,,A,07,0,2,0,0,0,0,0,0,0,"- ","- ",41.246181488037109,-124.08818817138672,HUMBOLDT,UNINCORPORATED,-124.08817291259766,41.246181488037109
90972045,2019,2019-04-22,9125,2019-04-02,1352,019116,,2,1,9,1200,0,1,2,,2,016,"US-101 SOUTHBOUND","NEWTON B DRURY SCENIC PARKWAY",5808.00,N,N,B,-,Y,,,101,,,,,,S,Y,2,0,1,1,A,-,01,23152,A,N,F,A,A,B,H,-,A,D,0,,,,,Y,Y,A,01,1,0,0,0,0,0,0,0,0,"- ","- ",41.357799530029297,-124.01260375976562,HUMBOLDT,UNINCORPORATED,-124.01239776611328,41.357494354248047
90981236,2019,2019-05-03,9126,2019-03-30,1556,021507,,6,2,9,1200,0,1,3,,1,020,SR-254,"CATHEY ROAD",1056.00,S,N,A,-,Y,,,254,,,,,,,Y,2,0,2,1,C,-,18,,,N,E,I,A,B,H,-,A,D,0,,,Y,,Y,Y,-,"- ",2,0,0,0,0,0,0,0,2,"- ","- ",40.253860473632812,-123.82074737548828,HUMBOLDT,UNINCORPORATED,-123.82097625732422,40.253952026367188
90997500,2019,2019-05-28,9125,2019-05-22,1415,021025,,3,2,9,1200,0,3,5,,2,001,"LETZ AVENUE","AIRPORT RD",1400.00,S,N,A,-,N,,,,,,,,,,N,2,0,1,1,A,-,03,22350,,N,F,A,A,A,H,-,A,D,0,,,Y,,Y,,C,02,1,0,0,0,0,0,0,0,1,"- ","- ",40.965938568115234,-124.11638641357422,HUMBOLDT,UNINCORPORATED,-124.11642456054688,40.965030670166016
91003973,2019,2019-06-05,9126,2019-05-25,1902,021724,,6,2,9,1200,0,3,5,,2,222,"WILDER RIDGE ROAD","HONEYDEW CAMPGROUND",25.00,N,N,B,C,N,,,,,,,,,,N,2,0,1,1,A,-,03,22350,,N,E,J,A,B,B,-,A,D,0,,,Y,,Y,,C,02,1,0,0,0,0,0,0,0,1,"- ","- ",40.231468200683594,-124.11470031738281,HUMBOLDT,UNINCORPORATED,-124.11470031738281,40.231422424316406
91004025,2019,2019-06-05,9125,2019-06-01,1545,021688,,6,2,9,1200,0,1,3,,1,048,"STATE ROUTE 36","GOLDEN GATE DRIVE",497.00,E,N,A,-,Y,,,36,,,,,,,Y,2,0,3,2,A,-,05,21650,,N,A,C,A,A,H,-,A,D,0,,,,,Y,,A,01,1,0,2,0,0,0,0,0,0,"- ","- ",40.466011047363281,-123.83915710449219,HUMBOLDT,UNINCORPORATED,-123.83915710449219,40.465984344482422
91006821,2019,2019-06-10,9126,2019-06-01,1340,021836,,6,1,9,1200,0,1,3,,1,020,SR-254,"ELINOR ROAD",192.00,N,N,A,-,Y,,,,,,,,,,N,2,0,1,1,A,-,03,22350,,N,F,A,A,A,H,-,A,D,0,,,Y,,Y,,C,02,1,0,0,0,0,0,0,0,1,"- ","- ",40.440681457519531,-123.03202056884766,HUMBOLDT,UNINCORPORATED,,
91012211,2019,2019-06-18,9125,2019-06-11,1305,021688,,2,1,9,1200,0,1,3,,1,025,"STATE ROUTE 255","PACIFIC AVENUE",228.00,S,N,A,-,N,,,255,,,,,,,Y,2,0,1,1,A,-,08,22107,,N,E,I,A,A,H,-,A,D,0,,,,,Y,,A,01,1,0,0,0,0,0,0,0,0,"- ","- ",40.847099304199219,-124.16629791259766,HUMBOLDT,UNINCORPORATED,-124.16630554199219,40.847103118896484
91019050,2019,2019-06-27,9125,2019-06-11,1215,014643,,2,1,9,1200,0,1,2,,2,019,"US-101 S/B (REDWOOD HIGHWAY)","LITTLE RIVER BRIDGE",1056.00,S,N,A,-,Y,,,101,,,,,,S,Y,2,0,1,1,A,-,08,22107,,N,F,A,A,A,H,-,A,D,0,,,,,Y,,A,01,1,0,0,0,0,0,0,0,0,"- ","- ",41.016620635986328,-124.10700225830078,HUMBOLDT,UNINCORPORATED,-124.10700988769531,41.016624450683594
91023851,2019,2019-07-03,9125,2019-06-30,1531,021450,,7,2,9,1200,0,2,4,,1,031,"ELK RIDGE RD","BRAUNING RD",0.00,,N,B,-,N,,,,,,,,,,N,2,0,1,1,A,-,03,22350,,N,E,A,A,A,H,-,A,D,0,,,Y,,Y,,C,02,1,0,0,0,0,0,0,0,1,"- ","- ",40.706031799316406,-124.15712738037109,HUMBOLDT,UNINCORPORATED,,
91024782,2019,2020-12-16,9125,2019-05-18,0727,018958,,6,1,9,1200,0,2,4,,1,010,"CENTRAL AVENUE","HENRY LANE",510.00,S,N,B,C,N,,,,,,,,,,Y,1,1,0,2,A,-,01,23152,A,F,G,B,E,B,H,-,A,D,0,Y,,,,Y,Y,A,07,0,0,0,1,0,0,0,0,0,"- ","- ",40.924591064453125,-124.10024261474609,HUMBOLDT,UNINCORPORATED,-124.10028076171875,40.924564361572266
91036654,2019,2019-07-24,9125,2019-07-14,0425,022095,,7,3,9,1200,0,3,5,,2,001,"HEARTWOOD DRIVE","SAGEWOOD WAY",100.00,W,N,A,-,N,,,,,,,,,,Y,2,0,1,1,A,-,01,23152,G,N,E,I,A,A,H,-,C,D,0,,,,,Y,,A,01,1,0,0,0,0,0,0,0,0,"- ","- ",40.938831329345703,-124.10765838623047,HUMBOLDT,UNINCORPORATED,-124.10797119140625,40.938819885253906
91052180,2019,2019-08-14,9126,2019-08-03,1843,021919,,6,2,9,1200,0,1,2,,2,044,"US-101 SOUTHBOUND","HOOKER CREEK RD",7920.00,N,N,A,-,Y,,,,,,,,,,Y,2,0,1,1,A,-,01,23152,A,N,E,I,A,A,H,-,A,D,0,,,,,Y,Y,D,22,1,0,0,0,0,0,0,0,0,"- ","- ",40.19586181640625,-123.79463958740234,HUMBOLDT,UNINCORPORATED,-123.77460479736328,40.184444427490234
91055614,2019,2019-08-20,9125,2019-08-15,1246,021815,,4,1,9,1200,0,3,5,,2,005,"BLOODY CAMP RD","FRENCH CAMP RD",1056.00,N,N,A,-,N,,,,,,,,,,N,2,0,3,1,A,-,03,22350,,N,F,A,A,A,H,-,A,D,0,,,,,Y,Y,D,22,2,0,1,0,0,0,0,0,0,"- ","- ",41.116100311279297,-123.71568298339844,HUMBOLDT,UNINCORPORATED,-123.71565246582031,41.116127014160156
91055699,2019,2019-08-20,9125,2019-08-14,0048,022297,,3,3,9,1200,0,2,4,,1,020,"MYRTLE AVE","HALL AVE",960.00,S,N,A,-,N,,,,,,,,,,Y,2,0,2,2,A,-,05,21460,A,F,A,C,A,A,H,-,D,D,0,,,,,Y,,D,22,2,0,0,0,0,0,0,0,0,"- ","- ",40.784351348876953,-124.1221923828125,HUMBOLDT,UNINCORPORATED,-124.12852478027344,40.782844543457031
91062620,2019,2019-08-29,9125,2019-05-01,1352,020748,,3,1,9,1200,0,3,5,,2,002,"BLUE LAKE BLVD","DAVIS ST",50.00,E,N,A,-,N,,,,,,,,,,Y,1,1,0,1,A,-,01,23152,F,N,E,I,A,A,H,-,A,D,0,,,Y,,Y,,C,02,0,0,0,0,0,0,0,1,0,"- ","- ",40.885269165039062,-123.98748016357422,HUMBOLDT,UNINCORPORATED,-123.98753356933594,40.885257720947266
91071250,2019,2019-09-10,9125,2019-09-02,0230,022284,,1,3,9,1200,0,1,3,,1,048,SR-36,"RATTLESNAKE BRIDGE RD",840.00,E,N,A,-,Y,,,36,,,,,,,Y,2,0,2,1,A,-,08,22107,,N,E,I,A,A,H,-,D,D,0,,,,,Y,,A,07,1,1,0,0,0,0,0,0,0,"- ","- ",40.482421875,-123.57816314697266,HUMBOLDT,UNINCORPORATED,-123.57815551757812,40.482421875
9107627,2020,2020-11-09,1203,2020-05-04,2053,4076,P69,1,5,4,1203,0,0,0,,0,002,"RT 101","HILFIKER LN",320.00,S,N,A,-,Y,HUM,1,101,-,-,75.680,H,-,N,Y,2,0,1,1,A,-,03,22350,,N,E,J,A,A,H,-,C,D,0,,,Y,,Y,,C,02,1,0,0,0,0,0,0,0,1,"- ","- ",,,HUMBOLDT,EUREKA,-124.19109344482422,40.771450042724609
91088287,2019,2019-10-01,9125,2019-09-20,1518,022284,,5,2,9,1200,0,1,3,,1,065,SR-169,"RUBE RANCH RD",6336.00,N,N,A,-,Y,,,169,,,,,,,Y,2,0,1,1,A,-,03,22350,,N,E,I,A,A,H,-,A,D,0,,,Y,,Y,,C,02,1,0,0,0,0,0,0,0,1,"- ","- ",41.240249633789062,-123.76828765869141,HUMBOLDT,UNINCORPORATED,-123.76821136474609,41.240280151367188
91092609,2019,2019-10-08,9125,2019-10-07,1445,021450,,1,2,9,1200,0,3,5,,2,001,"HILLER RD","THIEL AVE",174.00,E,N,A,-,N,,,,,,,,,,N,2,0,1,2,A,-,08,22107,,N,G,B,E,A,H,-,A,D,0,Y,,,,Y,,-,99,1,0,0,0,1,0,0,0,0,"- ","- ",40.941608428955078,-124.11476898193359,HUMBOLDT,UNINCORPORATED,-124.11485290527344,40.941684722900391
91100070,2019,2019-10-17,9125,2019-10-09,1921,022297,,3,2,9,1200,0,1,2,,2,017,"US-101 N/B","LOWELL ST",295.00,S,N,A,-,Y,,,,,,,,,,N,2,0,1,2,A,-,10,21950,A,N,G,B,C,A,H,-,D,D,0,Y,,,,Y,Y,D,22,1,0,0,0,1,0,0,0,0,"- ","- ",40.285739898681641,-124.06059265136719,HUMBOLDT,UNINCORPORATED,-124.06047821044922,41.28582763671875
91102178,2019,2019-10-21,9125,2019-06-28,2217,020901,,5,3,9,1200,0,2,4,,1,032,"HUMBOLDT HILL ROAD","FISCHER LANE",211.00,N,N,A,-,N,,,,,,,,,,Y,1,1,1,4,A,-,01,23152,A,N,E,I,A,A,H,-,C,D,0,,,,,Y,Y,D,22,0,1,0,0,0,0,0,0,0,"- ","- ",40.7369384765625,-124.20169067382812,HUMBOLDT,UNINCORPORATED,-124.20170593261719,40.736675262451172
91107834,2019,2019-10-28,9125,2019-10-19,1057,021815,,6,1,9,1200,0,1,3,,1,061,SR-299,"NEW 3 CREEKS RD",1584.00,E,N,B,-,Y,,,299,,,,,,,Y,2,0,1,1,A,-,08,22107,,N,E,J,A,B,H,-,A,D,0,,,,,Y,,A,01,1,0,0,0,0,0,0,0,0,"- ","- ",40.921661376953125,-123.69593048095703,HUMBOLDT,UNINCORPORATED,-123.69590759277344,40.921520233154297
91111302,2019,2019-11-01,9126,2019-10-26,0230,021219,,6,3,9,1200,0,2,4,,1,002,"BRICELAND ROAD","ALAPOK LANE",2112.00,E,N,A,-,N,,,,,,,,,,Y,2,0,2,1,A,-,03,22350,,N,E,I,A,A,H,-,D,D,0,,,,,Y,,D,22,2,0,0,0,0,0,0,0,0,"- ","- ",40.125568389892578,-123.84481048583984,HUMBOLDT,UNINCORPORATED,-123.84546661376953,40.124858856201172
91114100,2019,2019-11-06,9125,2019-06-25,0316,022095,,2,3,9,1200,0,3,5,,2,001,"PATRICK'S POINT DRIVE","STAGECOACH ROAD",465.00,S,N,A,-,N,,,,,,,,,,Y,1,3,0,1,A,-,01,23152,G,N,E,I,A,A,H,-,D,D,0,,,,,Y,Y,D,22,0,0,0,0,0,0,0,0,0,"- ","- ",41.089370727539062,-124.15077209472656,HUMBOLDT,UNINCORPORATED,-124.15089416503906,41.089588165283203
91119704,2019,2019-11-13,9125,2019-10-31,1430,016577,,4,2,9,1200,0,3,5,,2,004,"255 HIDDEN VALLEY ROAD",SR-36,15840.00,N,N,A,-,N,,,,,,,,,,N,2,0,1,1,B,-,22,,,N,E,I,A,A,B,-,A,D,0,,,Y,,Y,,C,06,1,0,0,0,0,0,0,0,1,"- ","- ",40.460231781005859,-123.67552185058594,HUMBOLDT,UNINCORPORATED,-123.671630859375,40.459552764892578
91123011,2019,2019-11-18,9125,2019-11-09,2030,022297,,6,2,9,1200,0,3,5,,2,001,"US-101 S/B FROM PATRICK'S POINT DRIVE","PATRICKS POINT DR",60.00,S,N,A,-,Y,,,101,,,,R,,S,N,2,0,1,1,C,-,18,,,N,H,A,A,A,H,-,D,D,0,,,,,Y,,-,"- ",1,0,0,0,0,0,0,0,0,"- ","- ",41.136329650878906,-124.14714050292969,HUMBOLDT,UNINCORPORATED,-124.14714050292969,41.136329650878906
91129911,2019,2019-11-26,9125,2019-11-19,0121,022095,,2,3,9,1200,0,1,2,,1,024,"US-101 SOUTHBOUND","5151 N. US-101 (CA REDWOOD COMPANY)",0.00,,Y,C,-,Y,,,101,,,,,,S,N,2,0,1,2,A,-,11,21954,A,N,G,B,D,B,H,-,D,D,0,Y,,,,Y,,N,60,1,0,0,0,1,0,0,0,0,"- ","- ",40.813720703125,-124.10668182373047,HUMBOLDT,UNINCORPORATED,-124.106689453125,40.813735961914062
91136182,2019,2019-12-04,9125,2019-11-19,1800,018064,,2,2,9,1200,0,1,3,,1,047,SR-36,"SWIMMERS DELIGHT ROAD",528.00,E,N,B,G,Y,,,36,,,,,,,Y,2,0,1,1,A,-,01,23152,A,N,E,I,A,A,H,-,D,D,0,,,,,Y,Y,A,07,1,0,0,0,0,0,0,0,0,"- ","- ",40.485980987548828,-123.96637725830078,HUMBOLDT,UNINCORPORATED,-123.96632385253906,40.486042022705078
9113966,2020,2020-08-20,1203,2020-06-10,1034,4044,P25,3,5,4,1203,0,0,0,,0,003,"I ST","8TH ST",0.00,,Y,A,-,N,,,,,,,,,,Y,2,0,2,2,A,-,00,21082,A,N,D,C,A,A,H,-,A,D,0,,,,,Y,,A,07,1,1,0,0,0,0,0,0,0,"- ","- ",40.799678802490234,-124.16335296630859,HUMBOLDT,EUREKA,-124.16211700439453,40.799938201904297
91139724,2019,2020-01-07,9125,2019-11-30,1630,021559,,6,2,9,1200,0,2,4,,1,046,"ROHNERVILLE RD","PUDDIN LN",150.00,S,N,C,-,N,,,,,,,,,,Y,2,0,3,2,A,-,01,23152,A,N,A,C,A,B,H,-,A,D,0,,,,,Y,Y,A,01,2,1,0,0,0,0,0,0,0,"- ","- ",40.556770324707031,-124.10536193847656,HUMBOLDT,UNINCORPORATED,-124.10679626464844,40.556663513183594
9113995,2020,2020-11-10,1203,2020-05-29,0935,4045,P56,5,5,4,1203,0,0,0,,0,003,"E ST","HENDERSON ST",0.00,,Y,A,-,N,,,,,,,,,,Y,2,0,1,2,A,-,12,21453,A,N,D,C,A,A,H,-,A,A,0,,,,,Y,,A,01,1,0,0,0,0,0,0,0,0,"- ","- ",40.782890319824219,-124.16461944580078,HUMBOLDT,EUREKA,-124.16465759277344,40.782878875732422
91150630,2019,2019-12-23,9126,2019-12-15,1740,022420,,7,2,9,1200,0,2,4,,1,002,"BRICELAND ROAD","SHELTER COVE ROAD",19853.00,S,N,E,-,N,,,,,,,,,,Y,2,0,1,1,A,-,03,22350,,N,E,I,A,B,H,-,D,D,0,,,,,Y,Y,D,22,1,0,0,0,0,0,0,0,0,"- ","- ",40.040290832519531,-123.95780181884766,HUMBOLDT,UNINCORPORATED,-123.95783996582031,40.040290832519531
91156588,2019,2019-12-31,9126,2019-12-20,0115,022383,,5,3,9,1200,0,1,2,,2,022,SR-254,"HIGH ROCK ROAD",3168.00,N,N,B,-,Y,,,254,,,,,,,Y,2,0,1,1,A,-,08,22107,,N,E,I,A,B,H,-,D,D,0,,,,,Y,,D,23,1,0,0,0,0,0,0,0,0,"- ","- ",40.384231567382812,-123.92620849609375,HUMBOLDT,UNINCORPORATED,-123.92658233642578,40.384132385253906
91160757,2019,2020-01-07,9125,2019-12-28,1530,021846,,6,2,9,1200,0,2,4,,1,023,"WALNUT DRIVE","HURST ROAD",150.00,S,N,A,-,N,,,,,,,,,,N,2,0,1,1,A,-,08,22107,,N,F,A,A,A,H,-,A,D,0,,,Y,,Y,,C,02,1,0,0,0,0,0,0,0,1,"- ","- ",40.747390747070312,-124.14749145507812,HUMBOLDT,UNINCORPORATED,-124.14764404296875,40.747379302978516
91160885,2019,2020-01-07,9126,2019-10-25,1727,021724,,5,2,9,1200,0,2,4,,1,006,"ALDERPOINT ROAD","WALLAN ROAD",1886.00,E,N,A,-,N,,,,,,,,,,Y,1,1,0,1,A,-,01,23152,G,N,F,A,A,A,H,-,A,D,0,,,,Y,Y,Y,G,27,0,0,0,0,0,0,0,0,0,"- ","- ",40.110019683837891,-123.77918243408203,HUMBOLDT,UNINCORPORATED,-123.78274536132812,40.11102294921875
91167003,2020,2020-01-16,9126,2020-01-01,1238,022420,,3,1,9,1200,0,1,2,,2,044,"US-101 S/B","DEAN CREEK ROAD UNDERCROSSING",1056.00,S,N,A,-,Y,,,101,,,,,,S,Y,2,0,1,1,A,-,08,22107,,N,E,I,A,B,H,-,A,D,0,,,,,Y,,A,07,1,0,0,0,0,0,0,0,0,"- ","- ",40.132320404052734,-123.80478668212891,HUMBOLDT,UNINCORPORATED,-123.80476379394531,40.132358551025391
91173140,2020,2020-01-24,9125,2020-01-14,0110,021919,,2,3,9,1200,0,1,2,,2,019,"US-101 SOUTHBOUND (REDWOOD HIGHWAY)","CLAM BEACH DR",1584.00,N,N,A,-,Y,,,101,,,,,,S,Y,2,0,1,1,A,-,08,22107,,N,E,I,A,B,H,-,D,D,0,,,Y,,Y,,C,02,1,0,0,0,0,0,0,0,1,"- ","- ",41.017238616943359,-124.10664367675781,HUMBOLDT,UNINCORPORATED,-124.10688781738281,41.017276763916016
91187972,2020,2020-02-18,9125,2020-01-14,1810,020491,,2,2,9,1200,0,1,2,,1,024,"US-101 N/B (REDWOOD HIGHWAY)","INDIANOLA CUTOFF",0.00,,Y,B,-,Y,,,101,,,,,,N,Y,1,1,0,2,A,-,09,21801,A,N,D,C,A,B,H,-,C,D,0,,,,,Y,,A,07,0,0,0,0,0,0,0,0,0,"- ","- ",40.820301055908203,-124.09320068359375,HUMBOLDT,UNINCORPORATED,-124.09319305419922,40.820289611816406
91189397,2020,2020-02-19,9126,2020-02-09,1135,021846,,7,1,9,1200,0,3,5,,2,222,"WILDER RIDGE ROAD","DUTYVILLE RD.",15840.00,W,N,A,-,N,,,,,,,,,,N,2,0,1,2,A,-,05,21650,,N,A,C,A,A,H,-,A,D,0,,,Y,,Y,,A,08,1,0,0,0,0,0,0,0,1,"- ","- ",40.150218963623047,-124.03486633300781,HUMBOLDT,UNINCORPORATED,,
91191900,2020,2020-02-24,9125,2020-02-15,2020,021450,,6,2,9,1200,0,1,3,,1,048,SR-36,"BERRY RD",2640.00,E,N,B,-,Y,,,36,,,,,,,Y,2,0,1,1,A,-,08,22107,,N,E,I,A,A,H,-,D,D,0,,,,,Y,,A,01,1,0,0,0,0,0,0,0,0,"- ","- ",40.467170715332031,-123.54724884033203,HUMBOLDT,UNINCORPORATED,-123.54722595214844,40.467208862304688
91192209,2020,2020-02-24,9125,2020-02-10,1711,021450,,1,2,9,1200,0,1,3,,1,048,SR-36,"ALDERPOINT RD",16896.00,E,N,A,-,Y,,,36,,,,,,,Y,2,0,1,1,A,-,03,22350,,N,E,I,A,A,H,-,A,D,0,,,,,Y,,D,22,1,0,0,0,0,0,0,0,0,"- ","- ",40.48583984375,-123.76686096191406,HUMBOLDT,UNINCORPORATED,-123.76681518554688,40.485797882080078
91200795,2020,2020-03-03,9125,2020-02-20,1935,022297,,4,2,9,1200,0,1,3,,1,061,"SR-299 E/B","CEDAR CREEK RD",3000.00,E,N,A,-,Y,,,299,,,,,,E,Y,2,0,1,1,A,-,03,22350,,N,E,I,A,A,H,-,D,D,0,,,,,Y,,A,01,1,0,0,0,0,0,0,0,0,"- ","- ",40.904239654541016,-123.74198913574219,HUMBOLDT,UNINCORPORATED,-123.74198913574219,40.904262542724609
91201084,2020,2020-03-03,9125,2020-02-29,2031,021256,,6,2,9,1200,0,2,4,,1,011,"MURRAY RD","CENTRAL AVE",1531.00,E,N,A,-,N,,,,,,,,,,Y,2,0,1,1,A,-,01,23152,A,N,F,A,A,A,H,-,D,D,0,,,,,Y,Y,A,01,1,0,0,0,0,0,0,0,0,"- ","- ",40.956199645996094,-124.09493255615234,HUMBOLDT,UNINCORPORATED,-124.09532928466797,40.956089019775391