CASE_ID,ACCIDENT_YEAR,PROC_DATE,JURIS,COLLISION_DATE,COLLISION_TIME,OFFICER_ID,REPORTING_DISTRICT,DAY_OF_WEEK,CHP_SHIFT,POPULATION,CNTY_CITY_LOC,SPECIAL_COND,BEAT_TYPE,CHP_BEAT_TYPE,CITY_DIVISION_LAPD,CHP_BEAT_CLASS,BEAT_NUMBER,PRIMARY_RD,SECONDARY_RD,DISTANCE,DIRECTION,INTERSECTION,WEATHER_1,WEATHER_2,STATE_HWY_IND,CALTRANS_COUNTY,CALTRANS_DISTRICT,STATE_ROUTE,ROUTE_SUFFIX,POSTMILE_PREFIX,POSTMILE,LOCATION_TYPE,RAMP_INTERSECTION,SIDE_OF_HWY,TOW_AWAY,COLLISION_SEVERITY,NUMBER_KILLED,NUMBER_INJURED,PARTY_COUNT,PRIMARY_COLL_FACTOR,PCF_CODE_OF_VIOL,PCF_VIOL_CATEGORY,PCF_VIOLATION,PCF_VIOL_SUBSECTION,HIT_AND_RUN,TYPE_OF_COLLISION,MVIW,PED_ACTION,ROAD_SURFACE,ROAD_COND_1,ROAD_COND_2,LIGHTING,CONTROL_DEVICE,CHP_ROAD_TYPE,PEDESTRIAN_ACCIDENT,BICYCLE_ACCIDENT,MOTORCYCLE_ACCIDENT,TRUCK_ACCIDENT,NOT_PRIVATE_PROPERTY,ALCOHOL_INVOLVED,STWD_VEHTYPE_AT_FAULT,CHP_VEHTYPE_AT_FAULT,COUNT_SEVERE_INJ,COUNT_VISIBLE_INJ,COUNT_COMPLAINT_PAIN,COUNT_PED_KILLED,COUNT_PED_INJURED,COUNT_BICYCLIST_KILLED,COUNT_BICYCLIST_INJURED,COUNT_MC_KILLED,COUNT_MC_INJURED,PRIMARY_RAMP,SECONDARY_RAMP,LATITUDE,LONGITUDE,COUNTY,CITY,POINT_X,POINT_Y
91202205,2019,2020-03-05,9126,2019-12-18,0920,020706,,3,1,9,1200,0,1,2,,1,066,"US-101 S/B","LAKE BENBOW DRIVE UNDERCROSSING (4-211)",200.00,S,N,B,-,Y,,,101,,,,,,S,Y,1,2,0,2,A,-,01,23152,G,N,A,C,A,B,H,-,A,D,0,,,,,Y,Y,A,01,0,0,0,0,0,0,0,0,0,"- ","- ",40.064918518066406,-123.78562164306641,HUMBOLDT,UNINCORPORATED,-123.78561401367188,40.064926147460938
91202427,2020,2020-03-05,9125,2020-02-21,1220,016577,,5,1,3,1201,0,1,2,,2,022,"US101 (NB) TO SR-299 (EB)","US-101 (NB)",100.00,E,N,A,-,Y,,,101,,,,R,,,Y,2,0,1,1,A,-,03,22350,,N,F,A,A,A,A,-,A,D,0,,,Y,,Y,,C,02,1,0,0,0,0,0,0,0,1,"- ","- ",40.897190093994141,-124.08274841308594,HUMBOLDT,ARCATA,-124.08274841308594,40.897190093994141
9120246,2020,2020-09-22,1203,2020-06-06,1917,4061,P37,6,5,4,1203,0,0,0,,0,002,BROADWAY,"W HENDERSON ST",132.00,S,N,A,-,Y,HUM,1,101,-,-,76.630,H,-,S,N,2,0,1,2,A,-,11,21954,A,N,G,B,E,A,H,-,A,D,0,Y,,,Y,Y,,N,60,1,0,0,0,1,0,0,0,0,"- ","- ",,,HUMBOLDT,EUREKA,-124.18380737304688,40.782848358154297
91204329,2020,2020-03-09,9125,2020-02-29,1700,019116,,6,2,9,1200,0,1,3,,1,051,SR-96,"CARPENTER LANE",7920.00,N,N,B,-,Y,,,96,,,,,,,Y,2,0,1,2,A,-,05,21460,A,N,A,C,A,A,H,-,A,D,0,,,,,Y,,D,22,1,0,0,0,0,0,0,0,0,"- ","- ",41.119579315185547,-123.68860626220703,HUMBOLDT,UNINCORPORATED,-123.68879699707031,41.119468688964844
91212493,2020,2020-03-20,9125,2020-03-17,1955,019243,,2,2,9,1200,0,2,4,,1,011,"FIELDBROOK RD","LYMAN RD",528.00,S,N,B,C,N,,,,,,,,,,Y,2,0,1,1,A,-,01,23152,,N,E,I,A,B,H,-,D,D,0,,,Y,,Y,Y,C,02,1,0,0,0,0,0,0,0,1,"- ","- ",40.919750213623047,-124.02178192138672,HUMBOLDT,UNINCORPORATED,-124.02176666259766,40.920345306396484
91247148,2020,2020-06-03,9126,2020-05-29,1513,021836,,5,2,9,1200,0,1,2,,2,022,"US-101 SOUTHBOUND","BARKDULL ROAD",8290.00,S,N,A,-,Y,,,101,,,,,,S,Y,2,0,2,2,A,-,05,21650,,F,E,J,A,A,D,-,A,A,0,,,,,Y,,-,99,1,1,0,0,0,0,0,0,0,"- ","- ",40.415370941162109,-123.97756195068359,HUMBOLDT,UNINCORPORATED,-123.97760009765625,40.415294647216797
91252840,2020,2020-06-16,9126,2020-06-08,0035,022516,,1,3,9,1200,0,1,2,,1,066,"US 101 NB","SPROWEL CREEK RD",3168.00,S,N,A,-,Y,,,,,,,,,,Y,2,0,1,1,A,-,03,22350,,N,F,A,A,A,H,-,C,D,0,,,Y,,Y,Y,C,02,1,0,0,0,0,0,0,0,1,"- ","- ",40.089691162109375,-123.79033660888672,HUMBOLDT,UNINCORPORATED,-123.7908935546875,40.091400146484375
91257508,2020,2020-06-25,9125,2020-06-19,1245,018958,,5,1,9,1200,0,2,4,,1,020,"MYRTLE AVE","REDMOND RD",190.00,N,N,A,-,N,,,,,,,,,,Y,2,0,1,2,A,-,03,22350,,N,C,C,A,A,H,-,A,D,0,,,,Y,Y,,A,01,1,0,0,0,0,0,0,0,0,"- ","- ",,,HUMBOLDT,UNINCORPORATED,-124.08744812011719,40.793468475341797
91259774,2020,2020-06-29,9126,2020-06-19,2243,021507,,5,3,9,1200,0,2,4,,1,008,"REDWOOD DRIVE","EVERGREEN ROAD",528.00,S,N,B,-,N,,,,,,,,,,Y,2,0,1,1,A,-,01,23152,A,N,E,I,A,A,H,-,D,D,0,,,,,Y,Y,A,07,1,0,0,0,0,0,0,0,0,"- ","- ",40.116291046142578,-123.79679107666016,HUMBOLDT,UNINCORPORATED,-123.80179595947266,40.116634368896484
91260034,2020,2020-06-29,9125,2020-06-17,1634,022121,,3,2,9,1200,0,1,3,,1,065,SR-96,"MOON LANE",0.00,,Y,A,-,Y,,,96,,,,,,,Y,2,0,3,2,A,-,09,21801,A,N,A,C,A,A,H,-,A,D,0,,,,,Y,,A,07,1,0,2,0,0,0,0,0,0,"- ","- ",41.032779693603516,-123.66683959960938,HUMBOLDT,UNINCORPORATED,-123.66686248779297,41.032752990722656
91269290,2020,2020-07-15,9125,2020-07-07,2235,021688,,2,3,9,1200,0,1,3,,1,047,"STATE ROUTE 36","GRAYBROOK LN",1170.00,E,N,A,-,Y,,,36,,,,,,,Y,2,0,2,1,A,-,01,23152,A,N,F,A,A,A,H,-,D,D,0,,,Y,,Y,Y,C,02,2,0,0,0,0,0,0,0,2,"- ","- ",40.5458984375,-124.08940124511719,HUMBOLDT,UNINCORPORATED,-124.08940124511719,40.545890808105469
91271948,2020,2020-07-21,9125,2020-07-13,0225,020946,,1,3,9,1200,0,1,2,,1,024,"US-101 N/B","INDIANOLA CUTOFF",800.00,N,N,A,-,Y,,,101,,,,,,N,Y,2,0,1,2,A,-,01,23152,A,N,C,C,A,A,D,-,D,A,0,,,,Y,Y,Y,D,22,1,0,0,0,0,0,0,0,0,"- ","- ",40.821601867675781,-124.0906982421875,HUMBOLDT,UNINCORPORATED,-124.09069061279297,40.821575164794922
91274312,2020,2020-07-27,9125,2020-07-12,1751,022095,,7,2,9,1200,0,3,5,,2,001,"WESTHAVEN DRIVE","FOX FARM ROAD",1056.00,S,N,A,-,N,,,,,,,,,,Y,2,0,2,2,A,-,01,23152,A,N,A,C,A,A,H,-,A,D,0,,,,,Y,Y,D,22,2,0,0,0,0,0,0,0,0,"- ","- ",41.046951293945312,-124.11818695068359,HUMBOLDT,UNINCORPORATED,,
91275128,2020,2020-07-27,9125,2020-07-19,1208,016714,,7,1,9,1200,0,1,2,,2,017,"US-101 (REDWOOD HIGHWAY)","KANE RD.",0.00,,Y,A,-,Y,,,101,,,,,,,Y,2,0,6,2,A,-,09,21801,A,N,D,C,A,A,H,-,A,D,0,,,,,Y,,D,22,1,5,0,0,0,0,0,0,0,"- ","- ",41.206031799316406,-124.11004638671875,HUMBOLDT,UNINCORPORATED,-124.11019134521484,41.206039428710938
91278778,2020,2020-07-31,9125,2020-07-22,1926,021450,,3,2,9,1200,0,1,2,,2,045,"US-101 S/B","METROPOLITAN HTS RD",898.00,S,N,B,-,Y,,,101,,,,,,S,Y,2,0,1,2,A,-,03,22350,,N,C,C,A,A,H,-,A,D,0,,,,,Y,,A,01,1,0,0,0,0,0,0,0,0,"- ","- ",40.512889862060547,-124.12625885009766,HUMBOLDT,UNINCORPORATED,-124.12625122070312,40.512905120849609
91282645,2020,2020-08-07,9125,2020-07-29,1515,022095,,3,2,9,1200,0,3,5,,2,002,"MANILA DUNES","PENINSULA DRIVE",1584.00,W,N,A,-,N,,,,,,,,,,N,2,0,1,1,A,-,08,38314,,N,F,A,A,A,H,-,A,D,0,,,Y,,Y,,C,06,1,0,0,0,0,0,0,0,1,"- ","- ",40.840869903564453,-124.17745971679688,HUMBOLDT,UNINCORPORATED,,
91284180,2020,2020-08-11,9125,2020-08-03,1352,019116,,1,1,9,1200,0,3,5,,2,002,"KNEELAND ROAD","PACIFIC LUMBER CAMP ROAD",3168.00,E,N,B,-,N,,,,,,,,,,Y,2,0,1,1,A,-,03,22350,,N,F,A,A,A,H,-,A,D,0,,,,Y,Y,,F,27,1,0,0,0,0,0,0,0,0,"- ","- ",40.755290985107422,-124.04386901855469,HUMBOLDT,UNINCORPORATED,-124.04253387451172,40.754985809326172
91285025,2020,2020-08-12,9125,2020-08-05,1222,021815,,3,1,9,1200,0,1,3,,1,051,SR-96,"MILL CREEK RD",2640.00,N,N,A,-,Y,,,96,,,,,,,Y,2,0,1,2,A,-,05,21460,A,N,C,C,A,A,H,-,A,D,0,,,Y,,Y,,C,02,1,0,0,0,0,0,0,0,1,"- ","- ",41.104499816894531,-123.68874359130859,HUMBOLDT,UNINCORPORATED,-123.68869781494141,41.104484558105469
91285272,2020,2020-08-12,9125,2020-08-03,1744,021313,,1,2,9,1200,0,1,3,,1,061,SR-299,"EAST FORK CAMPGROUND",393.00,W,N,A,-,Y,,,299,,,,,,,Y,2,0,1,1,A,-,01,23152,F,N,E,I,A,A,H,-,A,D,0,,,,,Y,,A,01,1,0,0,0,0,0,0,0,0,"- ","- ",40.9080810546875,-123.70832824707031,HUMBOLDT,UNINCORPORATED,-123.70833587646484,40.908119201660156
91288957,2020,2020-08-19,9126,2020-07-22,0430,022460,,3,3,9,1200,0,2,4,,2,004,"SHELTER COVE ROAD","CHEMISE MOUNTAIN ROAD",1584.00,E,N,A,-,N,,,,,,,,,,Y,2,0,2,1,A,-,08,22107,,F,E,I,A,A,H,-,D,D,0,,,,,Y,,D,22,2,0,0,0,0,0,0,0,0,"- ","- ",40.039218902587891,-124.02442169189453,HUMBOLDT,UNINCORPORATED,-124.02178192138672,40.039096832275391
91298781,2020,2020-09-03,9125,2020-08-24,1155,014643,,1,1,9,1200,0,1,2,,2,017,"US-101 (REDWOOD HIGHWAY)","BALD HILLS ROAD",147.00,N,N,A,-,Y,,,,,,,,,,Y,2,0,1,1,A,-,08,22107,,N,F,A,A,A,H,-,A,D,0,,,Y,,Y,,C,02,1,0,0,0,0,0,0,0,1,"- ","- ",,,HUMBOLDT,UNINCORPORATED,-124.04737854003906,41.302001953125
91300192,2020,2020-09-08,9125,2020-08-25,1530,021559,,2,2,9,1200,0,3,5,,2,001,"DAFFODIL AVE","MURRAY ROAD",0.00,,Y,A,-,N,,,,,,,,,,N,2,0,1,1,A,-,03,22350,,N,E,I,A,A,H,-,A,D,0,,,Y,,Y,,C,02,1,0,0,0,0,0,0,0,1,"- ","- ",40.956329345703125,-124.11769866943359,HUMBOLDT,UNINCORPORATED,-124.11769866943359,40.956268310546875
91300879,2020,2020-09-08,9126,2020-08-16,1000,022383,,7,1,9,1200,0,2,4,,1,008,"SPROWEL CREEK ROAD","LEINO LN",1584.00,W,N,A,-,N,,,,,,,,,,N,2,0,1,1,A,-,08,22107,,N,F,A,A,A,H,-,A,D,0,,,Y,,Y,,C,02,1,0,0,0,0,0,0,0,1,"- ","- ",40.093040466308594,-123.79473876953125,HUMBOLDT,UNINCORPORATED,-123.79779052734375,40.098262786865234
91306477,2020,2020-09-17,9125,2020-09-10,1705,014643,,4,2,9,1200,0,1,2,,2,019,"US-101 S/B FROM CENTRAL ONRAMP","CENTRAL AVENUE",25.00,S,N,A,-,Y,,,101,,,,R,,S,Y,2,0,2,1,A,-,03,22350,,N,E,I,A,A,H,-,A,A,0,,,,,Y,,A,01,2,0,0,0,0,0,0,0,0,"- ","- ",40.994041442871094,-124.11392211914062,HUMBOLDT,UNINCORPORATED,-124.11392211914062,40.994041442871094
91309588,2020,2020-09-23,9125,2020-09-14,1535,019243,,1,2,9,1200,0,3,5,,2,003,"HOOKTON RD","DANDY  BILLS AVE",50.00,E,N,A,-,N,,,,,,,,,,Y,2,0,1,2,A,-,05,21650,,N,A,C,A,A,H,-,A,D,0,,,,,Y,,A,01,1,0,0,0,0,0,0,0,0,"- ","- ",40.686538696289062,-124.23333740234375,HUMBOLDT,UNINCORPORATED,-124.23342132568359,40.686588287353516
91316759,2020,2020-10-02,9126,2020-09-22,0450,022466,,2,3,9,1200,0,1,3,,1,020,SR-254,US-101,100.00,E,N,B,-,Y,,,254,,,,,,,Y,2,0,1,1,A,-,01,23152,F,N,E,I,A,A,H,-,D,D,0,,,,,Y,,A,08,1,0,0,0,0,0,0,0,0,"- ","- ",40.440620422363281,-124.03202819824219,HUMBOLDT,UNINCORPORATED,-124.03208923339844,40.440620422363281
91318260,2020,2020-10-06,9126,2020-06-13,1712,022452,,6,2,9,1200,0,1,2,,2,022,"US-101 S/B FROM SORENSON ROAD","SORENSON ROAD",1056.00,S,N,A,-,Y,,,101,,,,R,,S,Y,1,1,3,1,A,-,01,23152,F,N,E,I,A,A,D,-,A,D,0,,,,,Y,,A,01,3,0,0,0,0,0,0,0,0,"- ","- ",40.396858215332031,-123.94674682617188,HUMBOLDT,UNINCORPORATED,-123.94674682617188,40.396858215332031
91346884,2020,2020-11-17,9125,2020-10-13,1017,014643,,2,1,9,1200,0,1,2,,2,017,"US-101 (REDWOOD HIGHWAY)","BALD HILLS ROAD",4224.00,N,N,A,-,Y,,,101,,,,,,,Y,1,1,2,2,A,-,01,23152,F,N,A,C,A,A,H,-,A,D,0,,,,,Y,,A,07,2,0,0,0,0,0,0,0,0,"- ","- ",41.311130523681641,-124.04592132568359,HUMBOLDT,UNINCORPORATED,-124.04532623291016,41.310897827148438
9135259,2020,2020-09-16,1201,2020-06-08,0746,606,105,1,5,3,1201,0,0,0,,0,00N,"SPEAR AV","WEST END RD",192.00,W,N,A,-,N,,,,,,,,,,N,2,0,1,1,A,-,03,22350,,N,E,I,A,A,C,-,A,D,0,,Y,,,Y,,L,04,1,0,0,0,0,0,1,0,0,"- ","- ",40.889530181884766,-124.08228302001953,HUMBOLDT,ARCATA,-124.082825,40.889097999999997
91356272,2020,2020-12-01,9125,2020-11-19,2045,021688,,4,2,9,1200,0,3,5,,2,002,"GREENWOOD HEIGHTS DRIVE","FERNWOOD LANE",150.00,W,N,B,-,N,,,,,,,,,,Y,2,0,1,1,A,-,01,23152,A,N,E,I,A,B,H,-,D,D,0,,,,,Y,Y,D,22,1,0,0,0,0,0,0,0,0,"- ","- ",40.799808502197266,-124.03797149658203,HUMBOLDT,UNINCORPORATED,-124.03790283203125,40.799797058105469
91360289,2020,2020-12-07,9125,2020-11-26,1448,020895,,4,2,9,1200,0,3,5,,2,002,"GLENDALE DR","GLENDALE RD",800.00,E,N,A,-,N,,,,,,,,,,N,2,0,1,2,A,-,03,22350,,N,G,B,F,A,H,-,A,D,0,Y,,,,Y,,A,01,1,0,0,0,1,0,0,0,0,"- ","- ",,,HUMBOLDT,UNINCORPORATED,-124.02118682861328,40.899677276611328
91387080,2020,2021-01-13,9125,2020-12-17,0010,022238,,4,3,9,1200,0,2,4,,1,020,"MYRTLE AVENUE, 2600 BLOCK","RUSSELL LANE",48.00,N,N,B,-,N,,,,,,,,,,Y,1,1,1,3,A,-,01,23152,G,N,C,E,A,B,H,-,C,A,0,,,,,Y,Y,A,01,1,0,0,0,0,0,0,0,0,"- ","- ",40.782508850097656,-124.12806701660156,HUMBOLDT,UNINCORPORATED,-124.12841796875,40.782752990722656
91393915,2021,2021-01-26,9125,2021-01-21,1825,019243,,4,2,9,1200,0,1,2,,2,022,"S/B US-101","ST. LOUIS RD",76.00,N,N,B,-,Y,,,,,,,,,,Y,2,0,1,1,A,-,01,23152,,N,E,I,A,A,H,-,C,D,0,,,,,Y,Y,D,22,1,0,0,0,0,0,0,0,0,"- ","- ",40.886211395263672,-124.07994842529297,HUMBOLDT,UNINCORPORATED,-124.08039093017578,40.884899139404297
91394715,2021,2021-01-27,9125,2021-01-24,0145,021919,,7,3,9,1200,0,1,3,,2,013,"SR-299 E/B","GIUNTOLI LN",1848.00,E,N,A,-,Y,,,299,,,,,,E,Y,2,0,1,2,A,-,01,23152,G,N,B,C,A,A,H,-,D,D,0,,,,,Y,Y,A,01,1,0,0,0,0,0,0,0,0,"- ","- ",40.90924072265625,-124.07080078125,HUMBOLDT,UNINCORPORATED,-124.07082366943359,40.909282684326172
91414290,2021,2021-02-24,9125,2021-02-18,1050,018958,,4,1,9,1200,0,1,2,,1,024,US-101,"BRACUT RD.",0.00,,Y,B,C,N,,,101,,,,,,,Y,2,0,2,2,A,-,09,21801,A,N,D,C,A,B,H,-,A,A,0,,,,,Y,,A,01,1,0,1,0,0,0,0,0,0,"- ","- ",40.827499389648438,-124.08415222167969,HUMBOLDT,UNINCORPORATED,-124.08414459228516,40.827495574951172
91419152,2021,2021-03-02,9125,2021-02-19,0630,016577,,5,1,9,1200,0,1,3,,1,048,SR-36,"RATTLESNAKE BRIDGE RD",10560.00,W,N,B,C,Y,,,36,,,,,,,Y,2,0,1,2,A,-,04,21703,,N,C,C,A,B,H,-,B,D,0,,,,,Y,,A,07,1,0,0,0,0,0,0,0,0,"- ","- ",40.49169921875,-123.61296844482422,HUMBOLDT,UNINCORPORATED,-123.61296844482422,40.491714477539062
91422809,2021,2021-03-08,9126,2021-03-01,0710,021836,,1,1,9,1200,0,1,2,,2,044,"US-101 SOUTHBOUND","SALMON CREEK ROAD",3168.00,N,N,E,-,Y,,,101,,,,,,S,Y,2,0,2,2,A,-,05,21651,A,N,A,C,A,A,H,-,A,D,0,,,,,Y,,A,01,1,1,0,0,0,0,0,0,0,"- ","- ",40.257129669189453,-123.83921051025391,HUMBOLDT,UNINCORPORATED,-123.83919525146484,40.257156372070312
91423700,2021,2021-03-09,9126,2021-03-03,0850,021102,,3,1,9,1200,0,1,2,,2,022,"US-101 S/B","JORDAN ROAD",2640.00,S,N,A,-,Y,,,101,,,,,,S,Y,2,0,1,1,A,-,08,22107,,N,E,I,A,A,H,-,A,D,0,,,,,Y,,A,07,1,0,0,0,0,0,0,0,0,"- ","- ",40.441608428955078,-124.02194976806641,HUMBOLDT,UNINCORPORATED,-124.02193450927734,40.441566467285156
91424421,2021,2021-03-10,9125,2021-02-22,1045,021313,,1,1,9,1200,0,1,3,,1,051,SR-96,"CARPENTER LN",14784.00,E,N,A,-,Y,,,96,,,,,,,Y,2,0,1,1,A,-,08,22107,,M,E,I,A,A,H,-,A,D,0,,,,,Y,,D,22,1,0,0,0,0,0,0,0,0,"- ","- ",41.133350372314453,-123.68641662597656,HUMBOLDT,UNINCORPORATED,-123.68634033203125,41.133293151855469
91425206,2021,2021-03-11,9125,2021-03-07,0750,021313,,7,1,9,1200,0,1,3,,1,061,SR-299,"MASON GULCH",2006.00,E,N,A,-,Y,,,299,,,,,,,Y,2,0,1,1,A,-,08,22107,,N,E,I,A,B,H,-,A,D,0,,,,,Y,,A,01,1,0,0,0,0,0,0,0,0,"- ","- ",40.904041290283203,-123.76052856445312,HUMBOLDT,UNINCORPORATED,-123.76052093505859,40.904026031494141
91443189,2021,2021-04-05,9125,2021-03-30,1220,016714,,2,1,9,1200,0,1,2,,2,022,"US-101 S/B TO SR-299 E/B TRANSITION","WEST END RD.",528.00,N,N,A,-,Y,,,,,,,,,,Y,2,0,1,1,A,-,03,22350,,N,F,A,A,A,H,-,A,B,0,,,Y,,Y,,C,02,1,0,0,0,0,0,0,0,1,"- ","- ",40.895839691162109,-124.08306121826172,HUMBOLDT,UNINCORPORATED,-124.08119201660156,40.89288330078125
91466081,2021,2021-05-27,9125,2021-04-24,0000,021929,,6,3,9,1200,0,1,3,,1,061,SR-299,"DOWNING ROAD",1426.00,W,N,B,-,Y,,,299,,,,,,,Y,2,0,1,1,A,-,08,22107,,N,E,8,A,B,H,-,A,D,0,,,,,Y,,A,01,1,0,0,0,0,0,0,0,0,"- ","- ",40.933940887451172,-123.67440795898438,HUMBOLDT,UNINCORPORATED,-123.67438507080078,40.933906555175781
91478813,2021,2021-05-21,9125,2021-01-30,0111,022297,,6,3,9,1200,0,3,5,,2,004,"FERNBRIDGE DRIVE N/B","FINCH CREEK ROAD UNDERCROSSING",501.00,N,N,B,-,N,,,,,,,,,,Y,1,1,1,2,A,-,01,23152,A,N,A,C,A,B,H,-,D,D,0,,,,,Y,Y,A,01,1,0,0,0,0,0,0,0,0,"- ","- ",40.613121032714844,-124.19333648681641,HUMBOLDT,UNINCORPORATED,-124.19064331054688,40.612438201904297
91479692,2021,2021-05-27,9125,2021-05-08,1112,014643,,6,1,9,1200,0,1,2,,2,022,"US-101 (REDWOOD HIGHWAY)","BAYSIDE CUTOFF",0.00,,Y,A,-,Y,,,101,,,,,,,Y,2,0,1,2,A,-,09,21803,A,N,D,C,A,A,H,-,A,A,0,,,Y,,Y,,D,22,1,0,0,0,0,0,0,0,1,"- ","- ",40.834999084472656,-124.081787109375,HUMBOLDT,UNINCORPORATED,-124.08180236816406,40.834999084472656
91482318,2021,2021-05-27,9125,2021-05-16,1550,019243,,7,2,9,1200,0,3,5,,2,001,"BATES RD","FERNWOOD DR",138.00,E,N,A,-,N,,,,,,,,,,N,2,0,1,2,D,-,00,,,N,E,I,E,A,H,-,A,D,0,Y,,Y,,Y,,-,"- ",1,0,0,0,0,0,0,0,1,"- ","- ",40.949008941650391,-124.10603332519531,HUMBOLDT,UNINCORPORATED,-124.10603332519531,40.94903564453125
91493109,2021,2021-06-11,9125,2021-04-12,0655,021844,,1,1,9,1200,0,1,3,,2,013,"STATE ROUTE 299","DAVIS ST",595.00,E,N,A,-,Y,,,299,,,,,,,Y,1,1,0,2,A,-,01,23152,F,N,C,C,A,A,H,-,A,D,0,,,,Y,Y,,A,08,0,0,0,0,0,0,0,0,0,"- ","- ",40.887760162353516,-123.98049163818359,HUMBOLDT,UNINCORPORATED,-123.98049926757812,40.887847900390625
91493918,2021,2021-06-10,9125,2021-05-31,1854,021929,,1,2,9,1200,0,3,5,,2,006,"BALD HILLS ROAD","FRENCH CAMP ROAD",23760.00,W,N,A,-,N,,,,,,,,,,Y,2,0,2,1,A,-,08,22107,,N,F,A,A,A,H,-,A,D,0,,,,,Y,,D,22,1,1,0,0,0,0,0,0,0,"- ","- ",41.146858215332031,-123.88184356689453,HUMBOLDT,UNINCORPORATED,,
91505631,2021,2021-06-24,9125,2021-06-15,1750,020717,,2,2,9,1200,0,1,3,,1,026,"STATE ROUTE 255","PENINSULA DRIVE",1584.00,N,N,A,-,Y,,,255,,,,,,,N,2,0,1,1,C,-,18,,,N,F,A,A,A,H,-,A,D,0,,,Y,,Y,,-,"- ",1,0,0,0,0,0,0,0,1,"- ","- ",40.841041564941406,-124.16842651367188,HUMBOLDT,UNINCORPORATED,-124.16842651367188,40.841037750244141
91520928,2021,2021-07-15,9125,2021-07-04,2300,021929,Hoopa,7,3,9,1200,0,3,5,,2,005,"TISH TANG ROAD","COMMUNITY ROAD",480.00,W,N,A,-,N,,,,,,,,,,Y,2,0,2,1,A,-,08,22107,,N,E,I,A,A,H,-,D,D,0,,,,,Y,,A,01,1,1,0,0,0,0,0,0,0,"- ","- ",41.059459686279297,-123.677978515625,HUMBOLDT,UNINCORPORATED,-123.67782699999999,41.059372000000003
91521028,2021,2021-07-15,9125,2021-07-05,1340,021313,Hoopa,1,1,9,1200,0,3,5,,2,005,"PINE CREEK RD","MOON LANE",1584.00,N,N,A,-,N,,,,,,,,,,N,2,0,1,1,A,-,08,22107,,N,E,I,A,A,H,-,A,D,0,,,Y,,Y,,C,06,1,0,0,0,0,0,0,0,1,"- ","- ",41.090259552001953,-123.71309661865234,HUMBOLDT,UNINCORPORATED,-123.71193695068359,41.097705841064453
91521094,2021,2021-07-15,9125,2021-06-24,1320,016577,,4,1,9,1200,0,1,2,,2,045,US-101,SR-36,1000.00,S,N,A,-,Y,,,,,,,,,,Y,2,0,1,1,A,-,08,22107,,N,F,A,A,A,H,-,A,D,0,,,Y,,Y,,C,02,1,0,0,0,0,0,0,0,1,"- ","- ",,,HUMBOLDT,UNINCORPORATED,-124.14511108398438,40.547840118408203
91533781,2021,2021-07-30,9125,2021-07-24,1200,018958,,6,1,9,1200,0,1,2,,2,017,US-101,"SKUNK CABBAGE RD.",150.00,S,N,A,-,N,,,101,,,,,,,Y,2,0,1,2,A,-,03,22350,,N,C,C,A,A,H,-,A,D,0,,,Y,,Y,,C,02,1,0,0,0,0,0,0,0,1,"- ","- ",41.305641174316406,-124.04474639892578,HUMBOLDT,UNINCORPORATED,-124.04475402832031,41.305637359619141
91549344,2021,2021-08-19,9125,2021-08-01,1300,021313,Hoopa,7,1,9,1200,0,3,5,,2,005,"TISH TANG RD","HOSPITAL RD",1056.00,N,N,A,-,N,,,,,,,,,,Y,2,0,2,1,A,-,08,22107,,N,F,I,A,A,H,-,A,D,0,,,,,Y,,A,01,2,0,0,0,0,0,0,0,0,"- ","- ",41.045810699462891,-123.66162109375,HUMBOLDT,UNINCORPORATED,-123.66014099121094,41.044132232666016
91556881,2021,2021-08-27,9126,2021-08-17,0100,022452,,2,3,9,1200,0,2,4,,1,008,"SPROWEL CREEK ROAD","CAMP KIMTU ROAD",35.00,S,N,A,-,N,,,,,,,,,,Y,2,0,2,1,A,-,01,23152,A,N,E,I,A,A,H,-,D,D,0,,,,,Y,Y,A,07,1,1,0,0,0,0,0,0,0,"- ","- ",40.089321136474609,-123.798828125,HUMBOLDT,UNINCORPORATED,-123.798583984375,40.089076995849609
91558849,2021,2021-08-30,9125,2021-08-08,1910,022693,,7,2,9,1200,0,3,5,,2,003,"CYPRESS AVE","CEDAR ST",0.00,,Y,B,-,N,,,,,,,,,,N,2,0,1,2,A,-,12,22450,A,N,D,C,A,A,H,-,A,A,0,,,Y,,Y,,C,02,1,0,0,0,0,0,0,0,1,"- ","- ",40.765911102294922,-124.141357421875,HUMBOLDT,UNINCORPORATED,-124.14134979248047,40.765922546386719