CASE_ID,ACCIDENT_YEAR,PROC_DATE,JURIS,COLLISION_DATE,COLLISION_TIME,OFFICER_ID,REPORTING_DISTRICT,DAY_OF_WEEK,CHP_SHIFT,POPULATION,CNTY_CITY_LOC,SPECIAL_COND,BEAT_TYPE,CHP_BEAT_TYPE,CITY_DIVISION_LAPD,CHP_BEAT_CLASS,BEAT_NUMBER,PRIMARY_RD,SECONDARY_RD,DISTANCE,DIRECTION,INTERSECTION,WEATHER_1,WEATHER_2,STATE_HWY_IND,CALTRANS_COUNTY,CALTRANS_DISTRICT,STATE_ROUTE,ROUTE_SUFFIX,POSTMILE_PREFIX,POSTMILE,LOCATION_TYPE,RAMP_INTERSECTION,SIDE_OF_HWY,TOW_AWAY,COLLISION_SEVERITY,NUMBER_KILLED,NUMBER_INJURED,PARTY_COUNT,PRIMARY_COLL_FACTOR,PCF_CODE_OF_VIOL,PCF_VIOL_CATEGORY,PCF_VIOLATION,PCF_VIOL_SUBSECTION,HIT_AND_RUN,TYPE_OF_COLLISION,MVIW,PED_ACTION,ROAD_SURFACE,ROAD_COND_1,ROAD_COND_2,LIGHTING,CONTROL_DEVICE,CHP_ROAD_TYPE,PEDESTRIAN_ACCIDENT,BICYCLE_ACCIDENT,MOTORCYCLE_ACCIDENT,TRUCK_ACCIDENT,NOT_PRIVATE_PROPERTY,ALCOHOL_INVOLVED,STWD_VEHTYPE_AT_FAULT,CHP_VEHTYPE_AT_FAULT,COUNT_SEVERE_INJ,COUNT_VISIBLE_INJ,COUNT_COMPLAINT_PAIN,COUNT_PED_KILLED,COUNT_PED_INJURED,COUNT_BICYCLIST_KILLED,COUNT_BICYCLIST_INJURED,COUNT_MC_KILLED,COUNT_MC_INJURED,PRIMARY_RAMP,SECONDARY_RAMP,LATITUDE,LONGITUDE,COUNTY,CITY,POINT_X,POINT_Y
91560931,2021,2021-09-02,9125,2021-08-29,2500,022238,,7,4,9,1200,0,1,3,,1,047,SR-36,"REDWOOD HOUSE ROAD",3960.00,E,N,A,-,Y,,,,,,,,,,Y,2,0,1,1,A,-,01,23152,A,N,E,I,A,A,H,-,D,D,0,,,,,Y,Y,A,01,1,0,0,0,0,0,0,0,0,"- ","- ",40.292629241943359,-123.5885009765625,HUMBOLDT,UNINCORPORATED,-123.96920013427734,40.490676879882812
91584233,2021,2021-09-30,9126,2021-09-12,0300,022033,,7,3,9,1200,0,2,4,,1,002,"UPPER BAY ROAD","MAD RIVER ROAD",125.00,E,N,A,-,Y,,,,,,,,,,Y,2,0,1,1,A,-,01,23152,A,N,E,I,A,A,H,-,D,D,0,,,,,Y,Y,A,01,1,0,0,0,0,0,0,0,0,"- ","- ",40.897708892822266,-124.10550689697266,HUMBOLDT,UNINCORPORATED,-124.1053466796875,40.897624969482422
91608093,2021,2021-10-27,9125,2021-10-17,1903,022238,,7,2,9,1200,0,2,4,,1,010,"CENTRAL AVENUE","HILLER ROAD",100.00,S,N,C,-,N,,,,,,,,,,N,2,0,1,2,A,-,11,21954,A,N,G,B,D,B,H,-,C,A,0,Y,,,,Y,,N,60,1,0,0,0,1,0,0,0,0,"- ","- ",40.941738128662109,-124.10093688964844,HUMBOLDT,UNINCORPORATED,-124.10096740722656,40.94189453125
91623025,2021,2021-11-12,9125,2021-10-08,1450,022677,,5,2,9,1200,0,1,3,,1,014,SR-299,"SNOW CAMP ROAD",13200.00,W,N,A,-,Y,,,299,,,,,,,Y,2,0,1,1,A,-,03,22350,,N,E,I,A,A,H,-,A,D,0,,,,Y,Y,,G,25,1,0,0,0,0,0,0,0,0,"- ","- ",40.933338165283203,-123.90062713623047,HUMBOLDT,UNINCORPORATED,-123.90064239501953,40.933341979980469
91623029,2021,2021-11-12,9125,2021-10-12,1910,022654,,2,2,9,1200,0,1,3,,1,047,"STATE ROUTE 36","CREEKSIDE LANE",148.00,E,N,A,-,Y,,,36,,,,,,,Y,2,0,2,2,A,-,03,22350,,N,C,C,A,A,H,-,D,D,0,,,,,Y,,A,01,1,0,1,0,0,0,0,0,0,"- ","- ",40.537239074707031,-124.05905914306641,HUMBOLDT,UNINCORPORATED,-124.05905914306641,40.537239074707031
91628099,2021,2021-11-18,9125,2021-10-27,0638,021929,,3,1,9,1200,0,1,3,,1,060,SR-299,"SABER TOOTH ROAD",4224.00,E,N,B,-,Y,,,299,,,,,,,Y,2,0,1,1,A,-,08,22107,,N,E,I,A,B,H,-,D,D,0,,,,,Y,,A,01,1,0,0,0,0,0,0,0,0,"- ","- ",40.911991119384766,-123.80906677246094,HUMBOLDT,UNINCORPORATED,-123.80901336669922,40.911952972412109
91636624,2021,2021-11-29,9125,2021-11-08,1935,020962,,1,2,9,1200,0,1,3,,1,012,SR-200,"AZALEA RD",1056.00,E,N,C,-,Y,,,200,,,,,,,Y,2,0,2,1,A,-,03,22350,,N,E,I,A,B,H,-,D,D,0,,,,,Y,,D,22,1,1,0,0,0,0,0,0,0,"- ","- ",40.915069580078125,-124.07669067382812,HUMBOLDT,UNINCORPORATED,-124.07667541503906,40.91510009765625
91648163,2021,2021-12-09,9125,2021-09-10,2150,022314,,5,2,9,1200,0,1,3,,1,050,SR-96,"BIG HILL ROAD",2640.00,S,N,A,-,Y,,,96,,,,,,,Y,1,1,1,1,A,-,01,23152,G,N,E,8,A,A,H,-,D,D,0,,,,,Y,Y,A,01,1,0,0,0,0,0,0,0,0,"- ","- ",41.076969146728516,-123.68810272216797,HUMBOLDT,UNINCORPORATED,-123.68811798095703,41.076946258544922
91661228,2021,2021-12-24,9126,2021-12-12,1912,022695,,7,2,9,1200,0,1,2,,1,066,US-101,"BENBOW DRIVE",10560.00,N,N,A,-,Y,,,101,,,,,,,Y,2,0,1,1,A,-,01,23152,A,N,E,I,A,A,H,-,D,D,0,,,,,Y,Y,A,01,1,0,0,0,0,0,0,0,0,"- ","- ",40.060268402099609,-123.78408050537109,HUMBOLDT,UNINCORPORATED,-123.78407287597656,40.060260772705078
91662868,2021,2021-12-28,9125,2021-12-18,2105,021688,,6,2,9,1200,0,1,3,,1,014,"STATE ROUTE 299 EASTBOUND","BAIR RD",475.00,W,N,A,-,Y,,,299,,,,,,E,Y,2,0,1,1,A,-,01,23152,A,N,E,I,A,A,H,-,D,D,0,,,,,Y,Y,A,01,1,0,0,0,0,0,0,0,0,"- ","- ",40.928829193115234,-123.84512329101562,HUMBOLDT,UNINCORPORATED,-123.84507751464844,40.928871154785156
91666240,2021,2021-12-30,9125,2021-12-10,2500,022647,,5,4,9,1200,0,1,3,,1,052,"RT 96","ISHI-PISHI ROAD",500.00,N,N,A,-,Y,,,96,,,,,,,N,2,0,1,2,A,-,03,22350,,F,G,B,E,A,H,-,D,D,0,Y,,,,Y,,-,99,1,0,0,0,1,0,0,0,0,"- ","- ",41.303009033203125,-123.53559112548828,HUMBOLDT,UNINCORPORATED,-123.53559112548828,41.303035736083984
91666513,2021,2021-12-30,9126,2021-05-21,0315,022466,,5,3,9,1200,0,1,3,,2,010,SR-1,"USAL ROAD",807.00,N,N,A,-,Y,,,,,,,,,,N,2,0,1,2,A,-,08,22107,,F,G,B,E,A,H,-,D,D,0,Y,,,,Y,,-,99,1,0,0,0,1,0,0,0,0,"- ","- ",39.795581817626953,-123.81246948242188,HUMBOLDT,UNINCORPORATED,-123.82875061035156,39.780799865722656
91675096,2021,2022-01-10,9125,2021-12-26,1100,014643,,7,1,9,1200,0,1,2,,2,018,"US-101 N/B","SEAWOOD DRIVE",1056.00,N,N,B,C,Y,,,101,,,,,,N,Y,2,0,3,1,A,-,03,22350,,N,F,I,A,C,H,-,A,D,0,,,,,Y,,A,07,1,2,0,0,0,0,0,0,0,"- ","- ",41.102500915527344,-124.15412902832031,HUMBOLDT,UNINCORPORATED,-124.15428161621094,41.102481842041016
91679784,2021,2022-01-18,9125,2021-12-26,2148,022238,,7,2,9,1200,0,1,2,,2,018,"WESTHAVEN DRIVE","US-101 NORTHBOUND",60.00,E,N,C,-,N,,,,,,,,,,Y,2,0,1,1,A,-,01,23152,A,N,E,I,A,B,H,-,D,D,0,,,,,Y,Y,A,01,1,0,0,0,0,0,0,0,0,"- ","- ",41.032341003417969,-124.10987091064453,HUMBOLDT,UNINCORPORATED,-124.10987091064453,41.032268524169922
91680955,2022,2022-01-19,9125,2022-01-09,1635,020962,,7,2,9,1200,0,2,4,,1,020,"MYRTLE AVE","HALL AVE",0.00,,Y,A,-,N,,,,,,,,,,Y,2,0,1,2,A,-,09,21801,A,N,D,C,A,A,H,-,A,D,0,,,Y,,Y,,A,07,1,0,0,0,0,0,0,0,1,"- ","- ",40.783321380615234,-124.12555694580078,HUMBOLDT,UNINCORPORATED,-124.12552642822266,40.783348083496094
91711979,2022,2022-03-01,9125,2022-02-24,0945,020717,,4,1,9,1200,0,3,5,,2,003,"RIDGEWOOD DRIVE","AVALON DRIVE",0.00,,Y,A,-,N,,,,,,,,,,N,2,0,1,2,A,-,12,22450,A,N,D,C,A,A,H,-,A,D,0,,,Y,,Y,,C,02,1,0,0,0,0,0,0,0,1,"- ","- ",40.7333984375,-124.14666748046875,HUMBOLDT,UNINCORPORATED,-124.14668273925781,40.733386993408203
9172010,2020,2021-01-11,1203,2020-10-13,1404,4099,P32,2,5,4,1203,0,0,0,,0,002,"14TH ST","PINE ST",95.00,W,N,A,-,N,,,,,,,,,,N,2,0,1,2,A,-,08,22107,,N,H,G,A,A,H,-,A,D,0,,Y,,,Y,,L,04,1,0,0,0,0,0,1,0,0,"- ","- ",,,HUMBOLDT,EUREKA,-124.17331695556641,40.794109344482422
91723418,2022,2022-03-15,9126,2022-01-04,0225,022420,,2,3,9,1200,0,3,5,,2,222,"SPROWEL CREEK ROAD","OLD BRICELAND ROAD",620.00,W,N,C,-,N,,,,,,,,,,Y,2,0,1,1,A,-,01,23152,A,M,E,I,A,B,H,-,D,D,0,,,,,Y,Y,D,22,1,0,0,0,0,0,0,0,0,"- ","- ",40.085140228271484,-123.81294250488281,HUMBOLDT,UNINCORPORATED,-123.81232452392578,40.086044311523438
91738945,2022,2022-04-01,9125,2022-03-23,2020,022238,,3,2,9,1200,0,1,3,,1,047,SR-36,"FERN LANE",1056.00,E,N,A,-,Y,HUM,,36,,,4.513,H,,R,Y,2,0,2,2,A,-,05,21650,,N,B,2,A,A,H,-,D,D,0,,,,,Y,,D,22,1,1,0,0,0,0,0,0,0,"- ","- ",40.537559509277344,-124.06999206542969,HUMBOLDT,UNINCORPORATED,-124.06998443603516,40.53759765625
91743647,2022,2022-04-07,9125,2022-03-28,0940,016241,,1,1,9,1200,0,1,3,,1,047,SR-36,"JAYMAR LANE",3696.00,W,N,A,-,Y,,,,,,,,,,N,2,0,1,1,A,-,08,22107,,N,E,I,A,B,H,-,A,D,0,,,,,Y,,A,07,1,0,0,0,0,0,0,0,0,"- ","- ",40.473609924316406,-123.88324737548828,HUMBOLDT,UNINCORPORATED,-123.88309478759766,40.473949432373047
91749213,2022,2022-04-15,9126,2022-03-28,0800,022751,,1,1,9,1200,0,3,5,,2,222,"WILDER RIDGE R0AD","LANDERGEN ROAD",24816.00,S,N,B,C,N,,,,,,,,,,Y,2,0,1,1,A,-,08,22107,,N,E,I,A,B,H,-,B,D,0,,,,,Y,,D,22,1,0,0,0,0,0,0,0,0,"- ","- ",40.1697998046875,-124.08645629882812,HUMBOLDT,UNINCORPORATED,-124.08926391601562,40.176681518554688
91768527,2022,2022-05-10,9125,2022-04-28,0705,019725,,4,1,9,1200,0,1,3,,1,047,SR-36,"CARLOTTA DUMP RD",3168.00,E,N,B,-,Y,HUM,,36,,,14.099,H,,R,Y,2,0,1,1,A,-,08,22107,,N,E,8,A,A,H,-,A,D,0,,,,Y,Y,,G,25,1,0,0,0,0,0,0,0,0,"- ","- ",40.479591369628906,-123.95113372802734,HUMBOLDT,UNINCORPORATED,-123.95100402832031,40.479606628417969
91769949,2022,2022-05-11,9126,2022-05-02,0315,022695,,1,3,9,1200,0,1,2,,2,022,"US-101 S/B TO SORENSON ROAD","SORENSON RD",171.60,N,N,A,-,Y,HUM,,101,,R,39.702,H,,L,N,2,0,1,1,A,-,08,22107,,N,E,I,A,A,H,-,D,D,0,,,,,Y,,A,01,1,0,0,0,0,0,0,0,0,"- ","- ",40.397548675537109,-123.94851684570312,HUMBOLDT,UNINCORPORATED,-123.94834136962891,40.397754669189453
91771741,2022,2022-06-28,9125,2022-05-08,0918,014643,,7,1,9,1200,0,1,2,,2,018,"US-101 (REDWOOD HIGHWAY)","WESTHAVEN DRIVE",2640.00,S,N,B,F,Y,HUM,,101,,,97.590,H,,R,Y,1,1,2,2,A,-,03,22350,,N,D,C,A,C,B,-,A,D,0,,,,,Y,,A,01,1,0,1,0,0,0,0,0,0,"- ","- ",41.025569915771484,-124.10710906982422,HUMBOLDT,UNINCORPORATED,-124.10694122314453,41.025558471679688
91780370,2022,2022-05-25,9125,2022-01-15,1453,022654,HOOPA,6,2,9,1200,0,3,5,,2,006,"PINE CREEK RD","MOON LANE",450.00,S,N,A,-,N,,,,,,,,,,Y,1,1,1,1,A,-,01,23152,F,N,F,I,A,B,H,-,A,D,0,,,,,Y,,A,01,0,1,0,0,0,0,0,0,0,"- ","- ",41.086528778076172,-123.70838165283203,HUMBOLDT,UNINCORPORATED,-123.7135009765625,41.092563629150391
91783223,2022,2022-05-27,9125,2022-05-19,2040,020988,,4,2,9,1200,0,1,2,,2,019,"US-101 NORTHBOUND TO SCHOOL ROAD","SCHOOL ROAD",210.00,S,N,A,-,Y,HUM,,101,,R,91.399,H,,R,Y,2,0,1,1,A,-,08,22107,,N,F,A,A,A,H,-,A,D,0,,,,,Y,,A,07,1,0,0,0,0,0,0,0,0,"- ","- ",40.933349609375,-124.11419677734375,HUMBOLDT,UNINCORPORATED,-124.11447143554688,40.933292388916016
91784112,2022,2022-05-30,9125,2022-05-17,2353,022238,,2,3,9,1200,0,1,2,,2,019,"US-101 SOUTHBOUND FROM CENTRAL AVENUE","SILVA ROAD",145.00,S,N,A,-,Y,HUM,,101,,R,89.939,H,,L,Y,2,0,2,2,A,-,05,21651,B,M,A,C,A,A,H,-,D,D,0,,,,,Y,Y,A,01,1,1,0,0,0,0,0,0,0,"- ","- ",40.919258117675781,-124.09578704833984,HUMBOLDT,UNINCORPORATED,-124.09558868408203,40.919410705566406
91795115,2022,2022-06-14,9125,2022-06-04,1425,020988,,6,2,9,1200,0,1,2,,2,016,US-101,"NEWTON B. DRURY SCENIC PKWY",4224.00,S,N,B,C,Y,HUM,,101,,R,136.368,H,,R,Y,2,0,2,1,A,-,03,22350,,N,E,I,A,B,H,-,A,D,0,,,,,Y,Y,A,01,1,0,1,0,0,0,0,0,0,"- ","- ",41.454990386962891,-124.03121185302734,HUMBOLDT,UNINCORPORATED,-124.03114318847656,41.455013275146484
91801288,2022,2022-06-22,9125,2022-06-10,1910,022693,,5,2,9,1200,0,1,3,,1,052,SR-169,"LOWER WEITCHPEC SCHOOL RD",60.00,N,N,A,-,Y,HUM,,169,,,33.118,H,,R,Y,2,0,1,1,A,-,08,22107,,N,E,I,A,A,H,-,A,A,0,,,,,Y,,A,08,1,0,0,0,0,0,0,0,0,"- ","- ",41.1885986328125,-123.70883178710938,HUMBOLDT,UNINCORPORATED,-123.70873260498047,41.188610076904297
91802279,2022,2022-06-23,9125,2022-06-13,0813,020717,,1,1,9,1200,0,2,4,,1,023,"WALNUT STREET","PRIMROSE STREET",198.00,S,N,A,-,N,,,,,,,,,,N,2,0,1,2,A,-,21,22106,,F,B,C,A,A,H,-,A,D,0,,,,,Y,,A,01,1,0,0,0,0,0,0,0,0,"- ","- ",40.764839172363281,-124.14436340332031,HUMBOLDT,UNINCORPORATED,-124.14433288574219,40.764961242675781
91805349,2022,2022-06-28,9126,2022-06-25,1430,021827,,6,2,9,1200,0,3,5,,2,222,"MATTOLE ROAD","WILDER RIDGE ROAD",1320.00,E,N,A,-,N,,,,,,,,,,N,2,0,1,1,A,-,03,22350,,N,F,A,A,A,H,-,A,D,0,,,Y,,Y,,C,02,1,0,0,0,0,0,0,0,1,"- ","- ",40.247791290283203,-124.12091064453125,HUMBOLDT,UNINCORPORATED,-124.12411499023438,40.246112823486328
91805746,2022,2022-06-29,9125,2022-06-08,1742,022238,,3,2,9,1200,0,2,4,,1,020,"OLD ARCATA ROAD","UTILITY POLE #148",54.00,N,N,B,-,N,,,,,,,,,,Y,2,0,1,2,A,-,03,22350,,N,D,C,A,A,H,-,A,D,0,,,Y,,Y,,C,02,1,0,0,0,0,0,0,0,1,"- ","- ",40.812019348144531,-124.08428955078125,HUMBOLDT,UNINCORPORATED,,
91818222,2022,2022-08-04,9125,2022-03-23,1646,022402,,3,2,9,1200,0,3,5,,2,003,"HERRICK AVENUE","ELK RIVER ROAD",0.00,,Y,A,-,N,,,,,,,,,,Y,1,1,0,2,A,-,12,22450,A,N,D,G,A,A,H,-,A,A,0,,Y,,,Y,Y,L,04,0,0,0,0,0,1,0,0,0,"- ","- ",40.758041381835938,-124.18788146972656,HUMBOLDT,UNINCORPORATED,-124.18769836425781,40.758037567138672
91821493,2021,2022-07-20,9126,2021-05-10,0037,022033,,1,3,9,1200,0,1,2,,2,022,"US-101 SOUTHBOUND","DYERVILLE LOOP ROAD",7920.00,N,N,A,G,Y,,,,,,,,,,Y,2,0,1,1,A,-,03,22350,,N,E,J,A,A,C,-,D,D,0,,,,,Y,,D,22,1,0,0,0,0,0,0,0,0,"- ","- ",40.322471618652344,-123.92677307128906,HUMBOLDT,UNINCORPORATED,,
91821519,2021,2022-07-20,9126,2021-05-10,0038,022033,,1,3,9,1200,0,1,2,,2,022,"US-101 SOUTHBOUND","DYERVILLE LOOP ROAD",7920.00,N,N,A,G,Y,,,,,,,,,,Y,2,0,2,2,A,-,03,22350,,N,E,9,A,A,C,-,D,D,0,,,,,Y,,D,22,1,0,1,0,0,0,0,0,0,"- ","- ",40.322471618652344,-123.92677307128906,HUMBOLDT,UNINCORPORATED,,
91840024,2021,2022-08-15,9126,2021-05-10,0030,022516,,1,3,9,1200,0,1,2,,2,022,"US 101 S/B","DYERVILLE LOOP ROAD",7920.00,N,N,A,G,Y,,,,,,,,,,Y,1,1,0,1,D,-,00,,,N,E,9,A,A,C,-,D,D,0,,,,Y,Y,,-,"- ",0,0,0,0,0,0,0,0,0,"- ","- ",40.372470855712891,-123.92677307128906,HUMBOLDT,UNINCORPORATED,,
91845392,2021,2022-08-22,9125,2021-12-03,1445,022677,,5,2,9,1200,0,1,2,,2,016,US-101,"OLD STATE HWY",2640.00,S,N,A,-,Y,,,101,,,,,,,Y,1,1,1,2,A,-,01,23152,A,F,B,C,A,A,H,-,A,D,0,,,,,Y,Y,A,01,0,1,0,0,0,0,0,0,0,"- ","- ",41.286178588867188,-124.08624267578125,HUMBOLDT,UNINCORPORATED,-124.08624267578125,41.286190032958984
91858325,2022,2022-09-06,9125,2022-05-14,0328,022154,,6,3,9,1200,0,1,2,,2,022,"US-101 SOUTHBOUND","INDIANOLA CUTOFF",2112.00,N,N,B,C,Y,HUM,,101,,,83.014,H,,L,Y,1,1,0,2,A,-,11,21954,A,N,G,B,E,B,H,-,D,D,0,Y,,,,Y,Y,N,60,0,0,0,1,0,0,0,0,0,"- ","- ",40.823348999023438,-124.08820343017578,HUMBOLDT,UNINCORPORATED,-124.08824157714844,40.823383331298828
91858967,2022,2022-09-07,9125,2022-08-29,1944,020946,,1,2,9,1200,0,1,3,,1,041,SR-211,"FERNBRIDGE DR",1584.00,W,N,A,-,Y,HUM,,211,,,78.199,H,,R,Y,2,0,2,3,A,-,01,23152,A,N,C,C,A,A,H,-,A,D,0,,,,,Y,Y,A,01,2,0,0,0,0,0,0,0,0,"- ","- ",40.611259460449219,-124.20480346679688,HUMBOLDT,UNINCORPORATED,-124.20470428466797,40.611228942871094
91859291,2022,2022-09-07,9125,2022-01-24,2055,021688,,1,2,9,1200,0,1,3,,1,026,"STATE ROUTE 255","STARTARE DRIVE",2112.00,N,N,B,-,Y,HUM,,255,,,1.049,H,,R,Y,2,0,4,3,A,-,03,22350,,N,A,C,A,A,C,-,D,D,0,,,,,Y,,A,07,3,1,0,0,0,0,0,0,0,"- ","- ",40.816719055175781,-124.16269683837891,HUMBOLDT,UNINCORPORATED,-124.16268157958984,40.816734313964844
91866571,2022,2022-09-16,9125,2022-09-10,2236,022677,,6,3,9,1200,0,1,2,,2,030,"US-101 (N/B)","MAIN STREET",875.00,N,N,A,-,Y,HUM,,101,,,61.789,H,,R,Y,2,0,1,1,A,-,08,22107,,N,E,I,A,A,H,-,C,D,0,,,Y,,Y,Y,C,02,1,0,0,0,0,0,0,0,1,"- ","- ",40.601539611816406,-124.17079162597656,HUMBOLDT,UNINCORPORATED,-124.17080688476562,40.601516723632812
9190540,2020,2020-12-22,1203,2020-10-22,1812,4043,P15,4,5,4,1203,0,0,0,,0,001,"4TH ST","A ST",6.00,W,N,A,-,Y,HUM,1,101,-,-,78.215,I,5,S,Y,2,0,1,2,A,-,11,21950,B,F,G,B,B,A,H,-,A,D,0,Y,,,,Y,,N,60,1,0,0,0,1,0,0,0,0,"- ","- ",40.801898956298828,-124.17176055908203,HUMBOLDT,EUREKA,-124.17152404785156,40.802017211914062
91912451,2022,2022-11-08,9125,2022-10-30,1515,019725,,7,2,9,1200,0,1,3,,1,048,SR-36,36-HUM-32.74,1.00,W,N,C,-,Y,HUM,,36,,,32.738,H,,R,N,2,0,1,1,A,-,08,22107,,N,E,9,A,A,H,-,A,D,0,,,,,Y,,A,01,1,0,0,0,0,0,0,0,0,"- ","- ",40.453498840332031,-123.69384765625,HUMBOLDT,UNINCORPORATED,-123.69381713867188,40.453510284423828
91918307,2022,2022-11-15,9125,2022-11-01,1948,021929,,2,2,9,1200,0,1,3,,1,061,SR-299,"NEW THREE CREEKS ROAD",1584.00,E,N,C,-,Y,HUM,,299,,,34.318,H,,R,Y,2,0,1,2,A,-,05,21460,A,N,A,C,A,B,H,-,D,D,0,,,,,Y,,D,22,1,0,0,0,0,0,0,0,0,"- ","- ",40.921211242675781,-123.69682312011719,HUMBOLDT,UNINCORPORATED,-123.69680786132812,40.921199798583984
91918667,2022,2022-11-15,9125,2022-06-05,0304,022677,,7,3,9,1200,0,1,2,,2,022,"US-101 (N/B)","BAYSIDE CUTOFF",3168.00,N,N,C,-,Y,HUM,,101,,,84.545,H,,R,Y,1,1,0,2,A,-,11,21954,A,N,G,B,E,B,H,-,D,D,0,Y,,,,Y,,N,60,0,0,0,1,0,0,0,0,0,"- ","- ",40.844001770019531,-124.08171844482422,HUMBOLDT,UNINCORPORATED,-124.08171844482422,40.844001770019531
91920865,2022,2022-11-18,9125,2022-11-03,1422,021450,,4,2,9,1200,0,2,4,,2,040,"EEL RIVER DR","FERNBRIDGE DR",130.00,N,N,B,-,N,,,,,,,,,,Y,2,0,2,1,A,-,01,23152,A,N,E,I,A,A,H,-,A,D,0,,,,,Y,Y,A,07,2,0,0,0,0,0,0,0,0,"- ","- ",40.620010375976562,-124.21024322509766,HUMBOLDT,UNINCORPORATED,-124.20976257324219,40.620128631591797
9192494,2020,2021-01-19,1203,2020-11-28,2159,4104,P16,6,5,4,1203,0,0,0,,0,001,"G ST","5TH ST",53.00,W,N,A,-,Y,HUM,1,101,-,-,78.580,H,-,N,N,2,0,1,2,A,-,11,21955,,N,G,B,D,A,H,-,C,A,0,Y,,,,Y,,N,60,1,0,0,0,1,0,0,0,0,"- ","- ",40.80194091796875,-124.16464233398438,HUMBOLDT,EUREKA,-124.16457366943359,40.802085876464844
91951041,2022,2022-12-23,9125,2022-10-23,1942,020988,,7,2,9,1200,0,1,2,,2,030,"US-101 NORTHBOUND","HERRICK AVENUE",1584.00,S,N,A,-,Y,HUM,,101,,,74.497,H,,R,Y,1,1,0,2,A,-,05,21202,A,N,C,G,A,A,H,-,D,D,0,,Y,,,Y,,-,"- ",0,0,0,0,0,1,0,0,0,"- ","- ",40.754070281982422,-124.19129943847656,HUMBOLDT,UNINCORPORATED,-124.19125366210938,40.754055023193359
91951968,2022,2022-12-26,9125,2022-12-16,0325,022265,,5,3,9,1200,0,1,2,,2,022,"US 101 SB","GIUNTOLI LN",410.00,S,N,B,-,Y,HUM,,101,,,88.725,H,,L,Y,2,0,1,1,A,-,08,22107,,F,E,I,A,A,H,-,D,A,0,,,,,Y,,D,22,1,0,0,0,0,0,0,0,0,"- ","- ",40.903289794921875,-124.08676910400391,HUMBOLDT,UNINCORPORATED,-124.08644104003906,40.903385162353516
91966807,2022,2023-01-12,9125,2022-10-18,1225,019243,,2,1,9,1200,0,1,3,,1,060,SR-299,"SABER TOOTH RD",528.00,E,N,A,-,Y,HUM,,299,,R,22.644,H,,R,Y,1,1,0,2,A,-,05,21460,A,N,B,C,A,A,H,-,A,D,0,,,Y,Y,Y,,C,02,0,0,0,0,0,0,0,1,0,"- ","- ",40.903350830078125,-123.80526733398438,HUMBOLDT,UNINCORPORATED,-123.80528259277344,40.903354644775391
91984192,2023,2023-02-01,9125,2023-01-21,1820,023005,,6,2,9,1200,0,3,5,,2,002,"NEW NAVY BASE ROAD","LP DRIVE",792.00,S,N,B,-,Y,,,,,,,,,,Y,2,0,4,2,A,-,09,21801,A,N,A,C,A,A,H,-,D,D,0,,,,,Y,,A,07,2,0,2,0,0,0,0,0,0,"- ","- ",40.809108734130859,-124.19753265380859,HUMBOLDT,UNINCORPORATED,,
91987742,2022,2023-02-06,9126,2022-06-13,1628,022033,,1,2,9,1200,0,1,2,,2,022,"US-101 S/B","SR-254 MYERS FLAT UNDERCROSSING",6864.00,N,N,B,-,Y,HUM,,101,,,29.395,H,,L,Y,1,2,1,3,A,-,01,23152,F,N,A,C,A,A,H,-,A,D,0,,,Y,,Y,Y,A,07,1,0,0,0,0,0,0,1,1,"- ","- ",40.281970977783203,-123.88729858398438,HUMBOLDT,UNINCORPORATED,-123.88736724853516,40.281959533691406
9200325,2020,2021-01-15,1201,2020-11-30,1549,646,303,1,5,3,1201,0,0,0,,0,00S,"8TH ST","K ST",0.00,,Y,B,-,N,,,,,,,,,,N,2,0,1,2,A,-,08,22107,,N,H,G,A,A,H,-,A,D,0,,Y,,,Y,,L,04,1,0,0,0,0,0,1,0,0,"- ","- ",40.868961334228516,-124.08995056152344,HUMBOLDT,ARCATA,-124.09021759033203,40.868919372558594
92031007,2023,2023-03-28,9125,2023-03-26,"345 ",014643,,7,3,9,1200,0,1,2,,2,016,"US-101 (REDWOOD HIGHWAY)","NEWTON B. DRURY SCENIC PKWY",15840.00,S,N,A,-,Y,HUM,,101," ",R,134.285,H,,R,Y,2,0,1,1,A,-,08,22107,,N,E,I,A,B,H,-,D,D,0,,,,,Y,,A,07,1,0,0,0,0,0,0,0,0,"- ","- ",41.430019378662109,-124.01701354980469,HUMBOLDT,UNINCORPORATED,-124.01720428466797,41.429859161376953
92031916,2023,2023-03-29,9125,2023-03-24,1315,023137,,5,1,9,1200,0,1,3,,1,050,"SR-96 (TRINITY RIVER HWY)","HOSTLER FIELD RD.",0.00,,Y,C,-,Y,HUM,,96," "," ",12.819,H,,R,Y,2,0,1,2,A,-,09,21802,A,N,D,C,A,B,H,-,A,A,0,,,Y,,Y,,D,22,1,0,0,0,0,0,0,0,1,"- ","- ",41.068050384521484,-123.68668365478516,HUMBOLDT,UNINCORPORATED,-123.68661499023438,41.068058013916016