CASE_ID,ACCIDENT_YEAR,PROC_DATE,JURIS,COLLISION_DATE,COLLISION_TIME,OFFICER_ID,REPORTING_DISTRICT,DAY_OF_WEEK,CHP_SHIFT,POPULATION,CNTY_CITY_LOC,SPECIAL_COND,BEAT_TYPE,CHP_BEAT_TYPE,CITY_DIVISION_LAPD,CHP_BEAT_CLASS,BEAT_NUMBER,PRIMARY_RD,SECONDARY_RD,DISTANCE,DIRECTION,INTERSECTION,WEATHER_1,WEATHER_2,STATE_HWY_IND,CALTRANS_COUNTY,CALTRANS_DISTRICT,STATE_ROUTE,ROUTE_SUFFIX,POSTMILE_PREFIX,POSTMILE,LOCATION_TYPE,RAMP_INTERSECTION,SIDE_OF_HWY,TOW_AWAY,COLLISION_SEVERITY,NUMBER_KILLED,NUMBER_INJURED,PARTY_COUNT,PRIMARY_COLL_FACTOR,PCF_CODE_OF_VIOL,PCF_VIOL_CATEGORY,PCF_VIOLATION,PCF_VIOL_SUBSECTION,HIT_AND_RUN,TYPE_OF_COLLISION,MVIW,PED_ACTION,ROAD_SURFACE,ROAD_COND_1,ROAD_COND_2,LIGHTING,CONTROL_DEVICE,CHP_ROAD_TYPE,PEDESTRIAN_ACCIDENT,BICYCLE_ACCIDENT,MOTORCYCLE_ACCIDENT,TRUCK_ACCIDENT,NOT_PRIVATE_PROPERTY,ALCOHOL_INVOLVED,STWD_VEHTYPE_AT_FAULT,CHP_VEHTYPE_AT_FAULT,COUNT_SEVERE_INJ,COUNT_VISIBLE_INJ,COUNT_COMPLAINT_PAIN,COUNT_PED_KILLED,COUNT_PED_INJURED,COUNT_BICYCLIST_KILLED,COUNT_BICYCLIST_INJURED,COUNT_MC_KILLED,COUNT_MC_INJURED,PRIMARY_RAMP,SECONDARY_RAMP,LATITUDE,LONGITUDE,COUNTY,CITY,POINT_X,POINT_Y
92032537,2023,2023-03-30,9125,2023-03-23,2325,022383,,4,3,9,1200,0,3,5,,2,002,"MAD RIVER ROAD","436 MAD RIVER ROAD",22.00,N,N,B,-,N,,,,,,,,,,Y,2,0,1,1,A,-,03,22350,,N,E,I,A,D,H,-,D,D,0,,,,,Y,,A,01,1,0,0,0,0,0,0,0,0,"- ","- ",40.924209594726562,-124.12924194335938,HUMBOLDT,UNINCORPORATED,,
92046749,2023,2023-04-17,9125,2023-04-12,1927,023137,YUROK,3,2,9,1200,0,1,3,,1,065,SR-96,"UPPER WEITCHPEC SCHOOL RD",162.00,E,N,A,-,Y,HUM,,96," "," ",23.404,H,,R,Y,2,0,2,1,A,-,01,23152,A,N,E,I,A,A,H,-,B,A,0,,,,,Y,Y,A,01,2,0,0,0,0,0,0,0,0,"- ","- ",41.188068389892578,-123.69854736328125,HUMBOLDT,UNINCORPORATED,-123.698486328125,41.187992095947266
92052029,2023,2023-04-24,9125,2023-01-03,2500,023137,,2,4,9,1200,0,1,3,,1,061,"SR-299 E/B","CEDAR CREEK RD.",1056.00,W,N,C,-,Y,HUM,,299," "," ",30.398,H,,R,Y,1,1,0,1,A,-,01,23152,F,N,E,8,A,B,H,-,D,D,0,,,,,Y,,D,22,0,0,0,0,0,0,0,0,0,"- ","- ",40.907169342041016,-123.75543212890625,HUMBOLDT,UNINCORPORATED,-123.75543212890625,40.907211303710938
92061463,2023,2023-05-04,9125,2023-05-02,1330,014643,,2,1,9,1200,0,1,3,,1,026,SR-255,"DEAN AVE",0.00,,Y,B,-,Y,HUM,,255," "," ",3.660,H,,R,Y,2,0,2,2,A,-,09,21802,A,N,D,C,A,B,H,-,A,A,0,,,Y,,Y,,A,01,1,0,1,0,0,0,0,0,1,"- ","- ",40.847850799560547,-124.16602325439453,HUMBOLDT,UNINCORPORATED,-124.16606903076172,40.847866058349609
92071222,2023,2023-05-17,9125,2023-05-10,2015,021102,,3,2,9,1200,0,2,4,,1,020,"MYRTLE AVENUE","RUSSELL LANE",31.00,E,N,A,-,N,,,,,,,,,,N,2,0,1,2,A,-,03,22350,,N,F,0,A,A,H,-,B,D,0,,,Y,,Y,,C,02,1,0,0,0,0,0,0,0,1,"- ","- ",40.782489776611328,-124.12802124023438,HUMBOLDT,UNINCORPORATED,-124.12819671630859,40.782611846923828
92093987,2023,2023-07-18,9125,2023-06-08,1720,020988,,4,2,9,1200,0,1,2,,2,016,"RT 101","NEWTON B DRURY PARKWAY - NORTH",8131.00,S,N,B,-,Y,HUM,,101," ",R,135.635,H,,R,Y,2,0,1,1,A,-,03,22350,,N,E,I,A,A,H,-,A,D,0,,,,,Y,,A,08,1,0,0,0,0,0,0,0,0,"- ","- ",41.446990966796875,-124.02250671386719,HUMBOLDT,UNINCORPORATED,-124.02237701416016,41.447132110595703
92100904,2023,2023-06-23,9125,2023-02-24,"559 ",021688,,5,3,3,1201,0,1,2,,2,022,"US-101 SOUTHBOUND","WEST END ROAD",280.00,S,N,A,-,Y,HUM,,101," "," ",87.814,H,,L,Y,1,1,0,1,A,-,03,22350,,N,E,I,A,C,H,-,B,D,0,,,,,Y,,A,07,0,0,0,0,0,0,0,0,0,"- ","- ",40.890968322753906,-124.08036804199219,HUMBOLDT,ARCATA,-124.08029174804688,40.890987396240234
92101199,2022,2023-06-23,9125,2022-12-20,2330,021102,,2,3,9,1200,0,1,3,,2,013,"SR-299 E/B",SR-200,2112.00,W,N,B,-,Y,HUM,,299,,R,1.426,H,,R,N,1,1,0,2,A,-,08,22107,,F,G,C,F,B,H,-,D,D,0,Y,,,,Y,,-,99,0,0,0,1,0,0,0,0,0,"- ","- ",40.910270690917969,-124.06520843505859,HUMBOLDT,UNINCORPORATED,-124.06520843505859,40.910305023193359
92102635,2023,2023-06-26,9125,2023-06-21,1545,020988,,3,2,9,1200,0,2,4,,1,021,"HARRISON AVENUE","ST. JOSEPH LANE",0.00,,Y,A,-,N,,,,,,,,,,Y,2,0,1,2,A,-,09,21804,A,N,D,C,A,A,H,-,A,D,0,,,,,Y,,A,07,1,0,0,0,0,0,0,0,0,"- ","- ",40.784599304199219,-124.13964080810547,HUMBOLDT,UNINCORPORATED,-124.1396484375,40.784599304199219
9211640,2020,2022-06-11,1203,2020-12-01,1530,4107,P53,2,5,4,1203,0,0,0,,0,002,"W HENDERSON ST","CENTRAL AV",0.00,,Y,A,-,N,,,,,,,,,,Y,1,1,0,2,A,-,11,21954,A,N,G,B,D,A,E,H,A,D,0,Y,,,,Y,Y,N,60,0,0,0,1,0,0,0,0,0,"- ","- ",40.781490325927734,-124.18093109130859,HUMBOLDT,EUREKA,-124.18064117431641,40.782039642333984
92138631,2023,2023-08-08,9125,2023-07-27,1807,023352,,4,2,9,1200,0,1,2,,2,044,"US-101 (S/B)","SINGLEY ROAD",2746.00,S,N,A,-,Y,HUM,,101," "," ",63.893,H,,R,N,2,0,1,2,A,-,00,21953,A,N,G,B,E,A,H,-,A,D,0,Y,,,,Y,,N,60,1,0,0,0,1,0,0,0,0,"- ","- ",40.618659973144531,-124.20353698730469,HUMBOLDT,UNINCORPORATED,-124.20335388183594,40.618812561035156
92158953,2023,2023-08-30,9125,2023-08-18,"900 ",019243,,5,1,9,1200,0,1,2,,2,018,US-101,"REDWOOD TRAILS CIR",3696.00,N,N,B,-,Y,HUM,,101," "," ",115.532,H,,R,Y,2,0,2,2,A,-,05,21460,A,N,A,C,A,A,H,-,A,A,0,,,,,Y,,E,22,2,0,0,0,0,0,0,0,0,"- ","- ",41.235248565673828,-124.08373260498047,HUMBOLDT,UNINCORPORATED,-124.08368682861328,41.235263824462891
92163917,2023,2023-09-06,9125,2023-07-22,"200 ",023159,HOOPA,6,3,9,1200,0,3,5,,2,005,"PINE CREEK ROAD","KATERI LANE",177.00,E,N,A,-,N,,,,,,,,,,Y,2,0,2,1,A,-,08,22107,,F,E,I,A,A,H,-,D,D,0,,,,,Y,,D,22,1,1,0,0,0,0,0,0,0,"- ","- ",41.058799743652344,-123.69062042236328,HUMBOLDT,UNINCORPORATED,,
92168038,2023,2023-09-12,9125,2023-09-02,"210 ",022265,,6,3,9,1200,0,1,2,,2,019,"US-101 NB TO SCHOOL RD","SCHOOL RD",6.00,N,N,B,-,Y,,,,,,,,,,Y,2,0,5,1,A,-,01,23152,A,N,E,I,A,A,H,-,C,A,0,,,,,Y,Y,D,22,3,2,0,0,0,0,0,0,0,"- ","- ",40.934391021728516,-124.11408996582031,HUMBOLDT,UNINCORPORATED,-124.11408996582031,40.934391021728516
92169986,2023,2023-09-14,9125,2023-09-02,1516,020946,,6,2,9,1200,0,3,5,,2,004,"EAST FERRY ROAD","GRIZZLY BLUFF RD",2640.00,E,N,A,-,N,,,,,,,,,,N,2,0,1,1,A,-,03,22350,,N,E,I,A,A,B,-,A,D,0,,,Y,,Y,,C,02,1,0,0,0,0,0,0,0,1,"- ","- ",40.564090728759766,-124.16419982910156,HUMBOLDT,UNINCORPORATED,-124.16314697265625,40.564258575439453
92170384,2023,2023-09-26,9126,2023-09-02,1240,022751,,6,1,9,1200,0,3,5,,2,222,"BULL CREEK FLATS ROAD",SR-254,2112.00,W,N,A,-,N,,,,,,,,,,Y,2,0,1,1,A,-,08,22107,,N,E,I,A,A,H,-,A,D,0,,,,,Y,,A,07,1,0,0,0,0,0,0,0,0,"- ","- ",40.350528717041016,-123.93135070800781,HUMBOLDT,UNINCORPORATED,,
92172616,2023,2023-09-18,9125,2023-08-12,"135 ",023179,,6,3,9,1200,0,3,5,,2,005,"CARPENTER LANE",SR-96,528.00,S,N,A,-,N,,,,,,,,,,N,2,0,2,1,A,-,08,22107,,F,E,I,A,A,H,-,D,D,0,,,,,Y,,M,96,1,1,0,0,0,0,0,0,0,"- ","- ",41.097770690917969,-123.69537353515625,HUMBOLDT,UNINCORPORATED,-123.70072937011719,41.093250274658203
92174848,2023,2023-09-20,9125,2023-09-12,1710,023364,,2,2,9,1200,0,2,4,,1,031,"ELK RIVER RD","WESTGATE DR",1584.00,N,N,A,-,N,,,,,,,,,,Y,2,0,1,2,A,-,06,21750,A,F,D,C,A,A,H,-,A,D,0,,,,,Y,,A,01,1,0,0,0,0,0,0,0,0,"- ","- ",40.741989135742188,-124.17893981933594,HUMBOLDT,UNINCORPORATED,-124.17863464355469,40.741645812988281
92175294,2023,2023-09-20,9125,2023-06-06,2145,019243,,2,2,9,1200,0,1,2,,2,022,"US-101 NORTHBOUND","7TH STREET",128.00,S,N,B,-,Y,HUM,,101," "," ",86.070,H,,R,N,1,1,0,2,A,-,11,21954,A,F,G,B,E,A,H,-,D,D,0,Y,,,,Y,Y,N,60,0,0,0,1,0,0,0,0,0,"- ","- ",40.866119384765625,-124.08294677734375,HUMBOLDT,UNINCORPORATED,-124.0828857421875,40.866123199462891
92179011,2023,2023-09-25,9125,2023-07-12,1708,023159,HOOPA,3,2,9,1200,0,1,3,,1,051,"SR-96 (TRINITY RIVER HIGHWAY)","PEARSON LANE",13728.00,S,N,A,-,Y,HUM,,96," "," ",20.345,H,,R,Y,1,2,0,2,A,-,05,21460,A,N,B,C,A,A,H,-,A,D,0,,,Y,,Y,,C,02,0,0,0,0,0,0,0,2,0,"- ","- ",41.156078338623047,-123.68396759033203,HUMBOLDT,UNINCORPORATED,-123.68392181396484,41.156074523925781
92182328,2023,2023-09-28,9125,2023-09-19,1500,020946,,2,2,9,1200,0,2,4,,1,020,"INDIANOLA CUTOFF","MYRTLE AVE",0.00,,Y,A,-,N,,,,,,,,,,N,2,0,1,2,A,-,09,21803,A,N,D,G,A,A,H,-,A,A,0,,Y,,,Y,,A,01,1,0,0,0,0,0,1,0,0,"- ","- ",40.810348510742188,-124.08615112304688,HUMBOLDT,UNINCORPORATED,-124.08606719970703,40.810352325439453
92188486,2023,2024-01-24,9126,2023-09-20,1332,022466,,3,1,9,1200,0,1,2,,1,066,US-101,"THE ENTRANCE TO RICHARDSON GROVE STATE PARK",975.56,S,N,A,-,Y,HUM,,101," "," ",1.488,H,,R,N,1,1,0,2,A,-,01,23152,G,F,G,B,E,A,H,-,A,D,0,Y,,,,Y,Y,D,22,0,0,0,1,0,0,0,0,0,"- ","- ",40.019779205322266,-123.79190826416016,HUMBOLDT,UNINCORPORATED,-123.79184722900391,40.019817352294922
92195133,2023,2023-10-10,9125,2023-10-01,2325,023005,,7,3,9,1200,0,2,4,,1,023,"WALNUT DR","REDWOOD STREET",48.00,N,N,A,-,N,,,,,,,,,,N,2,0,1,2,A,-,08,22107,,N,C,E,A,A,H,-,C,D,0,,,,,Y,,M,93,1,0,0,0,0,0,0,0,0,"- ","- ",40.771999359130859,-124.14302825927734,HUMBOLDT,UNINCORPORATED,-124.14293670654297,40.771930694580078
92201068,2023,2023-10-17,9125,2023-10-08,1208,014643,,7,1,9,1200,0,1,3,,1,025,SR-255,"LUPIN AVENUE",0.00,,Y,B,-,Y,HUM,,255," "," ",3.959,H,,R,Y,2,0,2,2,A,-,09,21802,A,N,D,C,A,A,H,-,A,A,0,,,Y,,Y,,A,08,1,0,1,0,0,0,0,0,1,"- ","- ",40.851829528808594,-124.16383361816406,HUMBOLDT,UNINCORPORATED,-124.16391754150391,40.851856231689453
92204752,2023,2023-10-20,9125,2023-10-16,1730,020946,,1,2,9,1200,0,1,3,,1,012,SR-200,"HUNTS DR",1056.00,W,N,C,-,Y,HUM,,200," "," ",1.604,H,,R,N,2,0,1,2,A,-,06,21750,A,F,B,G,A,B,H,-,A,D,0,,Y,,,Y,,E,22,1,0,0,0,0,0,1,0,0,"- ","- ",40.913780212402344,-124.07459259033203,HUMBOLDT,UNINCORPORATED,-124.07456207275391,40.913803100585938
92207505,2023,2024-03-22,9125,2023-07-21,1235,019243,,5,1,9,1200,0,1,3,,1,012,SR-200,"ST MARU LANE",0.00,,Y,A,-,Y,HUM,,200," ",R,0.292,H,,R,Y,1,1,0,2,A,-,09,21802,A,N,D,C,A,A,H,-,A,A,0,,,Y,,Y,,A,01,0,0,0,0,0,0,0,1,0,"- ","- ",40.921131134033203,-124.09626770019531,HUMBOLDT,UNINCORPORATED,-124.09628295898438,40.921123504638672
92227600,2023,2023-11-03,9125,2023-08-12,"745 ",016241,,6,1,9,1200,0,1,2,,2,030,"US 101 NORTHBOUND","TOMPKINS HILL ROAD UNDERCROSSING",748.00,S,N,A,-,Y,HUM,,101," "," ",70.523,H,,R,N,1,1,0,1,A,-,01,23152,A,N,E,8,A,A,H,-,A,D,0,,,,,Y,Y,A,01,0,0,0,0,0,0,0,0,0,"- ","- ",40.703861236572266,-124.20935821533203,HUMBOLDT,UNINCORPORATED,-124.20943450927734,40.703845977783203
92254185,2023,2023-12-08,9125,2023-07-19,2500,019243,,3,4,3,1201,0,1,2,,2,022,"US-101 (S/B)","WEST END RD",650.00,S,N,B,-,Y,HUM,,101," "," ",87.746,H,,L,Y,1,1,0,1,A,-,01,23152,A,N,E,8,A,A,H,-,B,D,0,,,,,Y,Y,A,01,0,0,0,0,0,0,0,0,0,"- ","- ",40.890041351318359,-124.0802001953125,HUMBOLDT,ARCATA,-124.08010864257812,40.890045166015625
92256488,2023,2023-12-07,9125,2023-10-24,2500,016241,,2,4,9,1200,0,1,2,,2,045,"US-101 SOUTHBOUND","JORDAN ROAD",1584.00,N,N,B,-,Y,HUM,,101," ",R,46.246,H,,L,Y,1,1,0,1,A,-,01,23152,A,N,E,8,A,A,H,-,A,D,0,,,,,Y,Y,A,07,0,0,0,0,0,0,0,0,0,"- ","- ",40.440898895263672,-124.03807067871094,HUMBOLDT,UNINCORPORATED,-124.03802490234375,40.440944671630859
92257462,2023,2023-12-08,9126,2023-11-28,1827,022695,,2,2,9,1200,0,1,2,,2,044,"US-101 NORTHBOUND","DEAN CREEK ROAD",106.00,S,N,A,-,Y,HUM,,101," ",R,14.281,H,,R,Y,2,0,1,1,A,-,01,23152,A,N,F,0,A,A,H,-,D,D,0,,,,,Y,Y,E,22,1,0,0,0,0,0,0,0,0,"- ","- ",40.140380859375,-123.80879974365234,HUMBOLDT,UNINCORPORATED,-123.80872344970703,40.140365600585938
92262127,2023,2023-12-14,9125,2023-08-13,"116 ",023179,,7,3,9,1200,0,3,5,,2,006,SR-299,"DOWNING RD",2112.00,E,N,A,-,Y,HUM,,299," "," ",35.884,H,,R,N,1,2,1,1,A,-,08,22107,,N,E,I,A,A,H,-,D,D,0,,,,,Y,,D,22,1,0,0,0,0,0,0,0,0,"- ","- ",40.933059692382812,-123.67565155029297,HUMBOLDT,UNINCORPORATED,-123.67568206787109,40.933158874511719
92269737,2023,2024-01-22,9125,2023-12-15,1825,023352,,5,2,9,1200,0,1,2,,2,022,"US-101 NORTH","BAYSIDE CUTTOFF",0.00,,Y,B,-,Y,HUM,,101," "," ",83.923,H,,R,Y,2,0,5,3,A,-,12,22450,A,N,D,C,A,B,H,-,C,D,0,,,,,Y,,A,01,1,4,0,0,0,0,0,0,0,"- ","- ",40.835071563720703,-124.08181762695312,HUMBOLDT,UNINCORPORATED,-124.08180999755859,40.835071563720703
92281025,2024,2024-01-08,9125,2024-01-05,"810 ",020988,,5,1,9,1200,0,1,2,,2,017,"RT 101","STONE LAGOON VISITOR CENTER",1584.00,N,N,B,-,Y,HUM,,101," "," ",115.652,H,,R,N,2,0,1,1,A,-,03,22350,,N,F,A,A,B,H,-,A,D,0,,,Y,,Y,,C,02,1,0,0,0,0,0,0,0,1,"- ","- ",41.236919403076172,-124.08354949951172,HUMBOLDT,UNINCORPORATED,-124.08354949951172,41.236919403076172
92281123,2023,2024-01-08,9125,2023-12-31,1335,022265,,7,1,9,1200,0,1,2,,2,044,"US 101 SB TO SINGLEY RD","SINGLEY RD",0.00,,Y,B,-,Y,HUM,,211," "," ",79.123,H,,R,Y,2,0,2,2,A,-,09,21801,A,N,D,C,A,A,H,-,A,A,0,,,,,Y,,D,22,1,1,0,0,0,0,0,0,0,"- ","- ",40.620780944824219,-124.21012115478516,HUMBOLDT,UNINCORPORATED,-124.21015930175781,40.620777130126953
92287021,2024,2024-01-15,9126,2024-01-06,1410,023578,,6,2,9,1200,0,1,2,,2,022,"US-101 SOUTHBOUND","SORENSON ROAD",6864.00,S,N,C,-,Y,HUM,,101," "," ",38.670,H,,L,Y,2,0,1,1,A,-,03,22350,,N,E,8,A,C,H,-,A,D,0,,,,,Y,,A,07,1,0,0,0,0,0,0,0,0,"- ","- ",40.391151428222656,-123.93270874023438,HUMBOLDT,UNINCORPORATED,-123.93271636962891,40.391147613525391
92288879,2024,2024-01-17,9125,2024-01-11,1410,020988,,4,2,9,1200,0,3,5,,2,001,"HAYES ROAD","MCKINLEYVILLE AVENUE",10.00,W,N,B,C,N,,,,,,,,,,N,2,0,1,1,A,-,03,22350,,N,F,A,A,B,H,-,A,D,0,,Y,,,Y,,L,04,1,0,0,0,0,0,1,0,0,"- ","- ",40.939590454101562,-124.11073303222656,HUMBOLDT,UNINCORPORATED,-124.11067962646484,40.939559936523438
92291597,2024,2024-01-19,9125,2024-01-13,1439,020988,,6,2,9,1200,0,3,5,,2,002,"18TH STREET","STEPHANIE COURT",200.00,W,N,B,C,N,,,,,,,,,,Y,2,0,1,3,A,-,01,23152,F,N,B,4,A,B,H,-,A,D,0,,,,,Y,,A,01,1,0,0,0,0,0,0,0,0,"- ","- ",40.792110443115234,-124.13300323486328,HUMBOLDT,UNINCORPORATED,-124.1329345703125,40.792179107666016
92298345,2024,2024-01-26,9125,2024-01-20,1320,023137,,6,1,9,1200,0,3,5,,2,006,SR-299,"CHEZEM RD",1056.00,W,N,C,-,Y,HUM,,299," ",R,24.064,H,,R,Y,2,0,1,1,A,-,03,22350,,N,E,I,A,B,H,-,A,D,0,,,,,Y,,A,01,1,0,0,0,0,0,0,0,0,"- ","- ",40.916698455810547,-123.79772186279297,HUMBOLDT,UNINCORPORATED,-123.79777526855469,40.916744232177734
92298464,2024,2024-01-26,9125,2024-01-17,1816,022402,,3,2,9,1200,0,1,3,,1,047,SR-36,"BAR W ROAD",775.00,E,N,A,-,Y,HUM,,36," "," ",20.922,H,,R,Y,2,0,2,2,A,-,05,21460,A,N,A,C,A,B,H,-,D,D,0,,,,,Y,,D,22,1,1,0,0,0,0,0,0,0,"- ","- ",40.464210510253906,-123.84809875488281,HUMBOLDT,UNINCORPORATED,-123.84809875488281,40.464157104492188
92308996,2024,2024-02-08,9125,2024-01-29,"10  ",023159,,1,3,9,1200,0,1,3,,1,062,"SR-96 (TRINITY RIVER HWY)","NOBLE DR",240.00,N,N,B,-,Y,HUM,,96," "," ",2.961,H,,R,Y,2,0,1,1,A,-,08,22107,,N,E,I,A,B,H,-,D,D,0,,,,,Y,,A,07,1,0,0,0,0,0,0,0,0,"- ","- ",40.978610992431641,-123.64151763916016,HUMBOLDT,UNINCORPORATED,-123.64143371582031,40.978561401367188
92311492,2024,2024-02-12,9125,2024-02-02,2252,022383,,5,3,9,1200,0,2,4,,1,010,"CENTRAL AVENUE","TURNER ROAD",0.00,,Y,A,-,N,,,,,,,,,,N,2,0,1,2,A,-,11,21954,A,N,G,B,E,B,H,-,D,D,0,Y,,,,Y,,N,60,1,0,0,0,1,0,0,0,0,"- ","- ",40.930530548095703,-124.10093688964844,HUMBOLDT,UNINCORPORATED,-124.10089874267578,40.930919647216797
9231339,2021,2021-03-16,1203,2021-02-02,1917,4013,P17,2,5,4,1203,0,0,0,,0,001,"4TH ST","I ST",0.00,,Y,A,-,Y,HUM,1,101,-,-,78.680,I,5,N,N,2,0,1,2,A,-,11,21950,B,N,G,B,B,A,H,-,C,A,0,Y,,,,Y,Y,N,60,1,0,0,0,1,0,0,0,0,"- ","- ",40.803230285644531,-124.16288757324219,HUMBOLDT,EUREKA,-124.1627197265625,40.802356719970703
92318644,2024,2024-02-20,9126,2024-02-05,1110,023695,,1,1,9,1200,0,1,3,,1,020,SR-254,"ELK CREEK ROAD",0.00,,Y,B,C,Y,HUM,,254," "," ",10.513,H,,R,Y,1,1,1,2,A,-,09,21802,A,N,D,C,A,B,H,-,A,A,0,,,,,Y,,D,23,0,0,1,0,0,0,0,0,0,"- ","- ",40.279510498046875,-123.85324096679688,HUMBOLDT,UNINCORPORATED,-123.85334014892578,40.279483795166016
92322304,2024,2024-02-26,9125,2024-02-17,2130,021313,,6,2,9,1200,0,2,4,,1,020,"OLD ARCATA ROAD","INDIANOLA CUTOFF",0.00,,Y,B,C,N,,,,,,,,,,Y,2,0,1,1,A,-,01,23152,A,N,E,I,A,B,H,-,C,D,0,,,,,Y,Y,-,"- ",1,0,0,0,0,0,0,0,0,"- ","- ",40.810451507568359,-124.08625030517578,HUMBOLDT,UNINCORPORATED,-124.0859375,40.81048583984375
92346204,2024,2024-03-25,9125,2024-03-16,1725,021919,,6,2,9,1200,0,1,2,,2,044,"US-101 (NB) FROM SINGLEY LANE","SINGLEY LANE",87.00,N,N,A,-,Y,,,,,,,,,,Y,2,0,1,1,A,-,08,22107,,N,E,I,A,A,H,-,A,D,0,,,Y,,Y,,C,02,1,0,0,0,0,0,0,0,1,"- ","- ",40.642200469970703,-124.20858001708984,HUMBOLDT,UNINCORPORATED,-124.20858001708984,40.642200469970703
92351628,2024,2024-04-01,9125,2024-01-21,2243,020946,,7,3,9,1200,0,1,2,,2,045,"US-101 SOUTHBOUND","METROPOLITAN  RD",1056.00,S,N,C,-,Y,HUM,,101," "," ",55.573,H,,L,Y,1,3,0,2,A,-,01,23152,A,N,A,C,A,B,H,-,D,D,0,,,,,Y,Y,D,22,0,0,0,0,0,0,0,0,0,"- ","- ",40.520511627197266,-124.1455078125,HUMBOLDT,UNINCORPORATED,-124.14553833007812,40.520481109619141
92352371,2023,2024-04-02,9125,2023-04-20,1239,020988,,4,1,9,1200,0,1,3,,1,014,"RT 299","SIMPSON ROAD",10349.00,E,N,A,-,Y,HUM,,299," ",R,14.405,H,,R,Y,1,2,1,3,A,-,05,21460,A,N,A,C,A,A,H,-,A,D,0,,,,Y,Y,,F,26,0,1,0,0,0,0,0,0,0,"- ","- ",40.946098327636719,-123.89949798583984,HUMBOLDT,UNINCORPORATED,-123.89949035644531,40.946098327636719
92356479,2024,2024-04-04,9125,2024-04-03,1815,023352,,3,2,9,1200,0,1,3,,1,047,SR-36,"CORBERT RANCH RD",264.00,E,N,A,-,Y,HUM,,36," "," ",8.791,H,,R,Y,2,0,3,1,A,-,01,23153,A,N,E,I,A,B,H,-,A,D,0,,,,,Y,Y,A,07,3,0,0,0,0,0,0,0,0,"- ","- ",40.509418487548828,-124.00433349609375,HUMBOLDT,UNINCORPORATED,-124.00430297851562,40.509456634521484
92362522,2024,2024-04-11,9125,2024-02-15,2500,023137,,4,4,9,1200,0,3,5,,2,006,"OLD 3 CREEKS RD.","OLD F. HEINRIEN RD.",236.00,N,N,C,-,N,,,,,,,,,,Y,1,1,0,1,A,-,08,22107,,N,E,8,A,B,H,-,A,D,0,,,,,Y,,D,22,0,0,0,0,0,0,0,0,0,"- ","- ",40.918811798095703,-123.77889251708984,HUMBOLDT,UNINCORPORATED,,
92367933,2024,2024-04-18,9125,2024-04-11,1345,022297,,4,1,9,1200,0,1,3,,1,047,"SR-36 (E/B)","HIDDEN VALLEY ROAD",3168.00,E,N,A,-,Y,HUM,,36," "," ",35.072,H,,R,N,2,0,1,1,A,-,01,23152,A,N,E,I,A,A,H,-,A,D,0,,,,,Y,Y,A,01,1,0,0,0,0,0,0,0,0,"- ","- ",40.445320129394531,-123.66191864013672,HUMBOLDT,UNINCORPORATED,-123.66191864013672,40.445323944091797
92368135,2024,2024-04-18,9125,2024-04-09,1630,020946,,2,2,9,1200,0,1,3,,1,048,SR-36,"LARABEE BUTTES RD",3168.00,W,N,A,-,Y,HUM,,36," "," ",31.669,H,,R,Y,2,0,1,3,A,-,05,21460,A,N,A,C,A,A,H,-,A,D,0,,,,Y,Y,Y,D,22,1,0,0,0,0,0,0,0,0,"- ","- ",40.466239929199219,-123.70175170898438,HUMBOLDT,UNINCORPORATED,-123.70162200927734,40.466270446777344
92368183,2024,2024-04-18,9125,2024-04-13,1520,023137,T107,6,2,9,1200,0,3,5,,2,005,"TELESCOPE PEAK RD.","BAIR RD",431.00,S,N,A,-,N,,,,,,,,,,Y,2,0,2,1,B,-,22,,,N,F,A,A,B,H,-,A,D,0,,,,,Y,,A,01,1,1,0,0,0,0,0,0,0,"- ","- ",41.049671173095703,-123.68065643310547,HUMBOLDT,UNINCORPORATED,,
92409292,2024,2024-06-07,9125,2024-05-26,1245,023159,T107,7,1,9,1200,0,1,3,,1,062,SR-96,"TISH TANG CAMPGROUND ENTRANCE",0.00,,Y,A,-,Y,HUM,,96," "," ",8.065,H,,R,N,2,0,1,2,B,-,22,,,N,D,C,A,A,H,-,A,D,0,,,Y,,Y,,C,02,1,0,0,0,0,0,0,0,1,"- ","- ",41.020359039306641,-123.63803863525391,HUMBOLDT,UNINCORPORATED,-123.63813018798828,41.020339965820312
92411682,2024,2024-06-11,9125,2024-06-02,2010,023364,,7,2,9,1200,0,3,5,,2,002,"UPPER BAY RD","ERNEST WAY",950.00,W,N,B,-,N,,,,,,,,,,N,2,0,1,1,A,-,03,22350,,N,H,A,A,B,H,-,A,D,0,,,,,Y,,-,"- ",1,0,0,0,0,0,0,0,0,"- ","- ",40.89691162109375,-124.10211181640625,HUMBOLDT,UNINCORPORATED,-124.10166931152344,40.896762847900391