CASE_ID,ACCIDENT_YEAR,PROC_DATE,JURIS,COLLISION_DATE,COLLISION_TIME,OFFICER_ID,REPORTING_DISTRICT,DAY_OF_WEEK,CHP_SHIFT,POPULATION,CNTY_CITY_LOC,SPECIAL_COND,BEAT_TYPE,CHP_BEAT_TYPE,CITY_DIVISION_LAPD,CHP_BEAT_CLASS,BEAT_NUMBER,PRIMARY_RD,SECONDARY_RD,DISTANCE,DIRECTION,INTERSECTION,WEATHER_1,WEATHER_2,STATE_HWY_IND,CALTRANS_COUNTY,CALTRANS_DISTRICT,STATE_ROUTE,ROUTE_SUFFIX,POSTMILE_PREFIX,POSTMILE,LOCATION_TYPE,RAMP_INTERSECTION,SIDE_OF_HWY,TOW_AWAY,COLLISION_SEVERITY,NUMBER_KILLED,NUMBER_INJURED,PARTY_COUNT,PRIMARY_COLL_FACTOR,PCF_CODE_OF_VIOL,PCF_VIOL_CATEGORY,PCF_VIOLATION,PCF_VIOL_SUBSECTION,HIT_AND_RUN,TYPE_OF_COLLISION,MVIW,PED_ACTION,ROAD_SURFACE,ROAD_COND_1,ROAD_COND_2,LIGHTING,CONTROL_DEVICE,CHP_ROAD_TYPE,PEDESTRIAN_ACCIDENT,BICYCLE_ACCIDENT,MOTORCYCLE_ACCIDENT,TRUCK_ACCIDENT,NOT_PRIVATE_PROPERTY,ALCOHOL_INVOLVED,STWD_VEHTYPE_AT_FAULT,CHP_VEHTYPE_AT_FAULT,COUNT_SEVERE_INJ,COUNT_VISIBLE_INJ,COUNT_COMPLAINT_PAIN,COUNT_PED_KILLED,COUNT_PED_INJURED,COUNT_BICYCLIST_KILLED,COUNT_BICYCLIST_INJURED,COUNT_MC_KILLED,COUNT_MC_INJURED,PRIMARY_RAMP,SECONDARY_RAMP,LATITUDE,LONGITUDE,COUNTY,CITY,POINT_X,POINT_Y
92421631,2024,2024-06-24,9125,2024-06-15,1720,023875,,6,2,9,1200,0,3,5,,2,002,"BALD HILLS RD",US-101,10560.00,E,N,A,-,N,,,,,,,,,,Y,2,0,1,1,A,-,03,22350,,N,E,8,A,A,H,-,A,D,0,,,,,Y,,A,07,1,0,0,0,0,0,0,0,0,"- ","- ",41.296348571777344,-124.01840972900391,HUMBOLDT,UNINCORPORATED,-124.01848602294922,41.296268463134766
92421795,2024,2024-06-24,9125,2024-06-14,2130,022276,,5,2,9,1200,0,1,3,,1,048,SR-36,"ALDERPOINT RD",15840.00,E,N,A,-,Y,HUM,,36," "," ",27.010,H,,R,N,2,0,1,1,A,-,08,22107,,N,F,A,A,A,H,-,D,D,0,,,Y,,Y,,C,02,1,0,0,0,0,0,0,0,1,"- ","- ",40.487659454345703,-123.76609039306641,HUMBOLDT,UNINCORPORATED,-123.76602172851562,40.487651824951172
92422076,2024,2024-06-24,9125,2024-06-23,1515,022402,,7,2,9,1200,0,3,5,,2,004,"MATTOLE ROAD","CAPE RIDGE RD",6336.00,S,N,A,-,N,,,,,,,,,,N,2,0,1,1,A,-,03,22350,,N,E,I,A,A,B,G,A,D,0,,,Y,,Y,,C,02,1,0,0,0,0,0,0,0,1,"- ","- ",40.436771392822266,-124.38864898681641,HUMBOLDT,UNINCORPORATED,-124.38626861572266,40.437557220458984
92424284,2024,2024-06-26,9125,2024-06-19,1605,023159,,3,2,9,1200,0,1,2,,2,022,US-101,"BAYSIDE CUTOFF",2112.00,N,N,A,-,Y,HUM,,101," "," ",84.326,H,,R,Y,2,0,1,1,A,-,08,22107,,N,E,8,A,A,H,-,A,D,0,,,,,Y,,A,01,1,0,0,0,0,0,0,0,0,"- ","- ",40.840850830078125,-124.08168029785156,HUMBOLDT,UNINCORPORATED,-124.08174133300781,40.840850830078125
92425125,2024,2024-06-27,9125,2024-03-27,1240,016241,,3,1,9,1200,0,1,2,,2,030,"US 101 NORTHBOUND","HUMBOLDT HILL ROAD OVERCROSSING",305.00,N,N,B,C,Y,HUM,,101," "," ",73.791,H,,L,Y,1,1,0,1,A,-,03,22350,,N,F,A,A,B,H,-,A,D,0,,,,,Y,,A,07,0,0,0,0,0,0,0,0,0,"- ","- ",40.745899200439453,-124.19879913330078,HUMBOLDT,UNINCORPORATED,-124.19889068603516,40.745964050292969
9256448,2021,2023-06-20,1205,2021-05-14,1834,0151,,5,5,3,1205,0,0,0,,0,,"KENMAR RD","EEL RIVER DR",0.00,,Y,B,C,N,,,,,,,,,,Y,1,1,0,1,A,-,03,22350,,N,E,I,A,B,H,-,B,A,0,,,,,Y,Y,A,08,0,0,0,0,0,0,0,0,0,"- ","- ",40.577079772949219,-124.14636993408203,HUMBOLDT,FORTUNA,-124.14794158935547,40.575706481933594
9261592,2021,2021-05-07,1201,2021-03-31,1406,640,302,3,5,3,1201,0,0,0,,0,00S,"ALLIANCE RD","17TH ST",0.00,,Y,A,-,N,,,,,,,,,,Y,2,0,1,2,A,-,03,22350,,N,C,C,A,A,H,-,A,D,0,,,Y,,Y,Y,C,02,1,0,0,0,0,0,0,0,1,"- ","- ",40.876869201660156,-124.09095764160156,HUMBOLDT,ARCATA,-124.09098052978516,40.87689208984375
9273410,2021,2021-06-28,1203,2021-04-14,1326,4065,P69,3,5,4,1203,0,0,0,,0,002,"BROADWAY ST","SUNSET AV",1604.00,S,N,A,-,Y,HUM,1,101,-,-,75.120,H,-,N,Y,2,0,2,2,A,-,05,21650,,N,D,C,A,A,H,-,A,D,0,,,,Y,Y,,D,22,1,1,0,0,0,0,0,0,0,"- ","- ",40.76300048828125,-124.18991851806641,HUMBOLDT,EUREKA,-124.19072723388672,40.762893676757812
9275115,2021,2021-07-01,1203,2021-05-15,2034,4086,P15,6,5,4,1203,0,0,0,,0,001,BROADWAY,"4TH ST",111.00,S,N,A,-,N,,,101,,,,,,,Y,2,0,1,1,A,-,03,22350,,N,E,I,A,A,H,-,C,A,0,,,,,Y,,-,,1,0,0,0,0,0,0,0,0,"- ","- ",40.801158905029297,-124.17424011230469,HUMBOLDT,EUREKA,-124.17418670654297,40.800769805908203
9294134,2021,2021-08-11,1203,2021-04-21,1602,4076,P22,3,5,4,1203,0,0,0,,0,001,"RT 101","W CLARK ST",0.00,,Y,A,-,Y,HUM,1,101,-,-,77.680,I,5,S,N,2,0,1,2,A,-,11,21950,B,N,G,B,D,A,H,-,A,D,0,Y,,,Y,Y,,N,60,1,0,0,0,1,0,0,0,0,"- ","- ",40.796348571777344,-124.17584228515625,HUMBOLDT,EUREKA,-124.17545318603516,40.796665191650391
9320770,2022,2022-07-18,1201,2022-03-06,0104,658,302,7,5,3,1201,0,0,0,,0,00S,"SAMOA BL","SAMOA BL 1601",47.00,E,N,A,-,Y,HUM,1,255,-,-,8.100,H,-,N,Y,1,1,0,2,A,-,11,21950,B,N,G,B,D,A,H,-,D,D,0,Y,,,,Y,,N,60,0,0,0,1,0,0,0,0,0,"- ","- ",40.865829467773438,-124.09137725830078,HUMBOLDT,ARCATA,-124.09607696533203,40.866718292236328
9322193,2021,2021-09-16,1203,2021-08-17,1144,4043,P19,2,5,4,1203,0,0,0,,0,001,"4TH ST","Q ST",130.00,W,N,A,-,Y,HUM,1,101,-,-,79.100,H,-,S,Y,2,0,1,1,C,-,18,,,N,E,J,A,A,D,-,A,D,0,,,Y,,Y,,-,"- ",1,0,0,0,0,0,0,0,1,"- ","- ",40.804721832275391,-124.15470886230469,HUMBOLDT,EUREKA,-124.15508270263672,40.804645538330078
9365763,2021,2021-12-15,1203,2021-10-18,1030,4076,P57,1,5,4,1203,0,0,0,,0,003,"H ST","HENDERSON ST",0.00,,Y,A,-,N,,,,,,,,,,Y,2,0,2,2,A,-,12,21453,,N,D,C,A,A,H,-,A,A,0,,,,,Y,,A,01,1,1,0,0,0,0,0,0,0,"- ","- ",40.782848358154297,-124.16132354736328,HUMBOLDT,EUREKA,-124.16130065917969,40.782852172851562
9376710,2021,2021-12-23,1203,2021-11-30,1743,4067,P56,2,5,4,1203,0,0,0,,0,003,"D ST","HARRIS ST",3.00,S,N,A,-,N,,,,,,,,,,N,2,0,1,2,A,-,10,21950,A,N,G,B,B,A,H,-,C,D,0,Y,,,,Y,,A,01,1,0,0,0,1,0,0,0,0,"- ","- ",40.780181884765625,-124.16664886474609,HUMBOLDT,EUREKA,-124.16580963134766,40.780433654785156
9376712,2021,2021-12-23,1203,2021-11-16,1446,4104,P33,2,5,4,1203,0,0,0,,0,003,"14TH ST","H ST",0.00,,Y,A,-,N,,,,,,,,,,Y,2,0,1,2,A,-,12,21453,,N,D,C,A,A,H,-,A,A,0,,,Y,,Y,,A,07,1,0,0,0,0,0,0,0,1,"- ","- ",40.794940948486328,-124.16207122802734,HUMBOLDT,EUREKA,-124.16207885742188,40.794921875
9377452,2021,2021-12-29,1203,2021-10-26,1643,4126,P13,2,5,4,1203,0,0,0,,0,001,"RT 101","AIRPORT RD",31.00,N,N,C,-,Y,HUM,1,101,-,-,80.840,I,5,N,Y,2,0,1,2,A,-,09,21802,A,N,D,C,A,B,H,-,A,A,0,,,,,Y,,D,22,1,0,0,0,0,0,0,0,0,"- ","- ",40.805519104003906,-124.12246704101562,HUMBOLDT,EUREKA,-124.12245178222656,40.805583953857422
9400396,2021,2022-02-07,1201,2021-11-13,1734,640,309,6,5,3,1201,0,0,0,,0,00S,"SAMOA BL","G ST",0.00,,Y,A,-,N,,,,,,,,,,Y,2,0,1,2,A,-,08,22107,,N,D,C,A,A,H,-,C,A,0,,,Y,,Y,,A,01,1,0,0,0,0,0,0,0,1,"- ","- ",40.864940643310547,-124.08721160888672,HUMBOLDT,ARCATA,-124.08719635009766,40.864940643310547
9413663,2021,2022-02-24,1203,2021-09-14,0855,4076,P19,2,5,4,1203,0,0,0,,0,001,"R ST","4TH ST",0.00,,Y,A,-,Y,HUM,1,101,-,-,79.169,I,5,S,Y,2,0,1,2,A,-,09,21801,,N,D,C,A,A,H,-,A,A,0,,,,,Y,,A,01,1,0,0,0,0,0,0,0,0,"- ","- ",40.804710388183594,-124.15358734130859,HUMBOLDT,EUREKA,-124.15364074707031,40.804698944091797
94367462,2024,2024-08-23,9125,2024-08-15,1409,023929,,4,2,9,1200,0,1,3,,2,013,"SR-299 EASTBOUND","BLUE LAKE BOULEVARD",1584.00,E,N,A,-,Y,HUM,,299," ",R,7.449,H,,R,Y,2,0,2,3,A,-,03,22350,,N,C,C,A,A,D,-,A,A,0,,,,,Y,,-,"- ",2,0,0,0,0,0,0,0,0,"- ","- ",40.8843994140625,-123.96157073974609,HUMBOLDT,UNINCORPORATED,-123.96156311035156,40.884346008300781
9437294,2022,2022-05-16,1203,2022-03-22,1509,4036,P44,2,5,4,1203,0,0,0,,0,003,"HARRISON AV","MUNSON ST",190.00,S,N,A,-,N,,,,,,,,,,Y,2,0,1,2,A,-,09,21804,A,N,D,C,A,A,H,-,A,D,0,,,Y,,Y,,A,01,1,0,0,0,0,0,0,0,1,"- ","- ",40.789539337158203,-124.13961029052734,HUMBOLDT,EUREKA,-124.13963317871094,40.788978576660156
94374593,2024,2024-08-29,9125,2024-08-27,2155,023833,T107,2,2,9,1200,0,3,5,,2,005,"TISH TANG RD","BIG HILL RD",3960.00,S,N,A,-,N,,,,,,,,,,N,2,0,2,1,A,-,01,23152,A,N,E,I,A,A,G,-,D,D,0,,,Y,,Y,Y,C,06,1,1,0,0,0,0,0,0,2,"- ","- ",41.080398559570312,-123.60587310791016,HUMBOLDT,UNINCORPORATED,,
94381722,2024,2024-09-04,9126,2024-08-27,"504 ",024005,,2,3,9,1200,0,1,2,,2,044,"US-101 N/B","MPM 101-HUM-22.26",617.00,N,N,A,-,Y,HUM,,101," ",R,22.402,H,,R,Y,2,0,1,1,A,-,08,22107,,N,E,I,A,A,H,-,C,D,0,,,,,Y,,A,07,1,0,0,0,0,0,0,0,0,"- ","- ",40.217540740966797,-123.81803894042969,HUMBOLDT,UNINCORPORATED,-123.81806182861328,40.217517852783203
9438519,2022,2022-05-03,1203,2022-04-08,2025,4100,P16,5,5,4,1203,0,0,0,,0,001,"RT 101","G ST",79.00,W,N,A,-,Y,HUM,1,101,-,-,78.540,H,-,S,N,2,0,1,2,A,-,11,21955,,N,G,B,D,A,H,-,C,A,0,Y,,,,Y,,N,60,1,0,0,0,1,0,0,0,0,"- ","- ",40.802909851074219,-124.16510772705078,HUMBOLDT,EUREKA,-124.16548156738281,40.802879333496094
9438774,2022,2022-05-18,1203,2022-03-12,2027,4045,P39,6,5,4,1203,0,0,0,,0,002,"RT 101","W HAWTHORNE",39.00,N,N,B,-,Y,HUM,1,101,-,-,77.150,H,-,N,N,2,0,1,2,A,-,11,21954,A,N,G,B,D,B,H,-,C,D,0,Y,,,,Y,,N,60,1,0,0,0,1,0,0,0,0,"- ","- ",40.789249420166016,-124.17955017089844,HUMBOLDT,EUREKA,-124.17966461181641,40.789211273193359
94409963,2024,2024-09-26,9126,2024-07-12,1242,022731,,5,1,9,1200,0,1,3,,1,020,SR-254,"MPM 254 HUM 5.90",454.00,N,N,A,-,Y,HUM,,254," "," ",5.971,H,,R,Y,1,1,1,1,A,-,01,23152,A,N,E,8,A,A,H,-,A,D,0,,,,,Y,Y,A,01,1,0,0,0,0,0,0,0,0,"- ","- ",40.230190277099609,-123.82443237304688,HUMBOLDT,UNINCORPORATED,-123.82433319091797,40.230197906494141
94415327,2024,2024-10-01,9125,2024-03-05,1950,022154,,2,2,9,1200,0,3,5,,2,004,"SINGLEY HILL ROAD","SINGLEY ROAD",0.00,,Y,B,C,N,,,,,,,,,,Y,1,2,0,2,A,-,09,21802,A,N,D,C,A,B,H,-,C,A,0,,,,Y,Y,,D,22,0,0,0,0,0,0,0,0,0,"- ","- ",40.622409820556641,-124.21135711669922,HUMBOLDT,UNINCORPORATED,-124.20427703857422,40.642677307128906
94431432,2024,2024-10-15,9125,2024-10-08,"230 ",023989,,2,3,9,1200,0,1,2,,2,044,"US-101 SB","SINGLEY RD",2640.00,N,N,E,-,Y,HUM,,101," "," ",64.759,H,,L,Y,2,0,1,1,A,-,03,22350,,N,E,8,A,A,H,-,D,D,0,,,,,Y,,A,01,1,0,0,0,0,0,0,0,0,"- ","- ",40.625568389892578,-124.21637725830078,HUMBOLDT,UNINCORPORATED,-124.21633911132812,40.625579833984375
94455393,2024,2024-11-01,9126,2024-06-29,2235,022466,,6,3,9,1200,0,2,4,,1,008,"REDWOOD DRIVE","WILLOW AVENUE",1654.00,N,N,A,-,N,,,,,,,,,,Y,1,1,0,1,A,-,01,23152,A,N,F,0,A,A,H,-,D,D,0,,,Y,,Y,Y,C,02,0,0,0,0,0,0,0,1,0,"- ","- ",40.125999450683594,-123.82203674316406,HUMBOLDT,UNINCORPORATED,-123.82289123535156,40.125724792480469
94455832,2024,2024-11-04,9125,2024-10-27,"115 ",022383,,7,3,9,1200,0,3,5,,2,004,"SINGLEY ROAD","SINGLEY HILL ROAD",120.00,E,N,A,-,N,,,,,,,,,,Y,2,0,1,1,A,-,01,23152,A,N,E,I,A,B,H,-,D,D,0,,,,,Y,Y,D,22,1,0,0,0,0,0,0,0,0,"- ","- ",40.621841430664062,-124.21077728271484,HUMBOLDT,UNINCORPORATED,-124.20427703857422,40.642681121826172
94464490,2024,2024-11-11,9125,2024-11-01,1450,016241,,5,2,9,1200,0,1,3,,1,047,SR-36,"GRIZZLY CREEK STATE PARK",1056.00,E,N,B,C,Y,HUM,,36," "," ",17.123,H,,R,N,2,0,2,1,A,-,01,23152,A,N,E,I,A,B,H,-,A,D,0,,,,,Y,Y,A,01,2,0,0,0,0,0,0,0,0,"- ","- ",40.486568450927734,-123.90335083007812,HUMBOLDT,UNINCORPORATED,-123.90337371826172,40.486534118652344
94480400,2024,2024-11-22,9125,2024-11-14,1130,019243,,4,1,9,1200,0,1,2,,2,016,"US-101 S/B","NEWTON B DRURY SCENIC PKY",24288.00,S,N,B,C,Y,HUM,,101," ",R,132.666,H,,L,Y,2,0,2,1,A,-,08,22107,,N,E,8,A,B,H,-,A,D,0,,,,,Y,,A,01,1,1,0,0,0,0,0,0,0,"- ","- ",41.416488647460938,-123.998779296875,HUMBOLDT,UNINCORPORATED,-123.99873352050781,41.416461944580078
94483177,2024,2024-11-25,9125,2024-11-21,1221,023875,,4,1,9,1200,0,1,2,,1,024,"US-101 (NB)","HARPER MOTORS",0.00,,Y,B,C,Y,HUM,,101," "," ",81.368,H,,R,Y,2,0,1,2,A,-,12,22450,A,N,D,C,A,B,H,-,A,A,0,,,,,Y,,-,"- ",1,0,0,0,0,0,0,0,0,"- ","- ",40.809581756591797,-124.11409759521484,HUMBOLDT,UNINCORPORATED,-124.11407470703125,40.809551239013672
94493162,2024,2024-12-05,9125,2024-11-23,"910 ",023159,,6,1,9,1200,0,1,3,,1,062,SR-96,"SHOEMAKER RD",3168.00,W,N,C,-,Y,HUM,,96," "," ",8.506,H,,R,Y,2,0,1,1,A,-,03,22350,,N,E,I,A,B,H,-,A,D,0,,,,,Y,,D,22,1,0,0,0,0,0,0,0,0,"- ","- ",41.019550323486328,-123.64469909667969,HUMBOLDT,UNINCORPORATED,-123.64468383789062,41.019523620605469
94498214,2024,2024-12-13,9125,2024-11-27,1430,020946,,3,2,9,1200,0,1,3,,1,047,SR-36,"CHURCH LN.",590.00,W,N,A,-,Y,HUM,,36," "," ",18.933,H,,R,Y,2,0,1,2,A,-,03,22350,,N,C,2,A,B,H,-,A,D,0,,,,,Y,,A,01,1,0,0,0,0,0,0,0,0,"- ","- ",40.472198486328125,-123.87693023681641,HUMBOLDT,UNINCORPORATED,-123.87696075439453,40.472137451171875
94502119,2024,2024-12-13,9125,2024-12-02,2228,023875,,1,3,3,1201,0,1,2,,2,022,"US-101 (SB) TO SUNSET AVE OFF-RAMP","SUNSET AVE",1056.00,N,N,B,-,Y,HUM,,101," "," ",87.159,H,,L,Y,2,0,1,1,A,-,03,22350,,N,F,A,A,A,H,-,C,D,0,,,Y,,Y,,C,02,1,0,0,0,0,0,0,0,1,"- ","- ",40.881820678710938,-124.08158874511719,HUMBOLDT,ARCATA,-124.08141326904297,40.881786346435547
9450705,2022,2022-10-31,1201,2022-04-12,1254,640,304,2,5,3,1201,0,0,0,,0,0DT,"G ST","13TH ST",70.00,S,N,A,-,N,,,,,,,,,,N,2,0,2,3,B,-,22,,,N,G,B,E,A,H,-,A,D,0,Y,,,,Y,,A,01,1,1,0,0,2,0,0,0,0,"- ","- ",40.871700286865234,-124.08525085449219,HUMBOLDT,ARCATA,-124.08462524414062,40.871852874755859
94515536,2024,2024-12-24,9125,2024-12-14,2115,023159,T107,6,2,9,1200,0,1,3,,1,050,SR-96,"SHOEMAKER RD",1056.00,E,N,C,-,Y,HUM,,96," ",R,10.538,H,,R,Y,2,0,1,1,A,-,03,22350,,N,E,I,A,B,H,-,D,D,0,,,,,Y,Y,A,07,1,0,0,0,0,0,0,0,0,"- ","- ",41.038780212402344,-123.67159271240234,HUMBOLDT,UNINCORPORATED,-123.67162322998047,41.038768768310547
94515745,2024,2024-12-24,9125,2024-12-15,"4   ",022154,,7,3,9,1200,0,1,2,,2,044,"N/B US-101 FERNBRIDGE OFFRAMP","FINCH CREEK RD",450.00,S,N,B,-,Y,HUM,,101," "," ",63.009,H,,R,Y,2,0,1,1,A,-,01,23152,A,N,E,8,A,B,H,-,C,D,0,,,,,Y,Y,A,01,1,0,0,0,0,0,0,0,0,"- ","- ",40.611438751220703,-124.18972015380859,HUMBOLDT,UNINCORPORATED,-124.18991851806641,40.611305236816406
94518532,2024,2024-12-27,9125,2024-10-27,1300,023774,,7,1,9,1200,0,3,5,,2,004,"RIVERBAR ROAD",SR-36,2904.00,S,N,A,-,N,,,,,,,,,,N,1,1,0,1,A,-,08,22107,,N,E,I,A,A,H,-,A,D,0,,,Y,,Y,,C,06,0,0,0,0,0,0,0,1,0,"- ","- ",40.538070678710938,-124.11164093017578,HUMBOLDT,UNINCORPORATED,,
94523067,2024,2025-01-02,9125,2024-12-19,1719,023159,T107,4,2,9,1200,0,3,5,,2,005,"PINE CREEK RD","LOOP RD",4752.00,W,N,B,-,N,,,,,,,,,,N,2,0,1,2,B,-,22,,,N,G,B,F,A,H,-,D,D,0,Y,,,,Y,,D,22,1,0,0,0,1,0,0,0,0,"- ","- ",41.06195068359375,-123.69412231445312,HUMBOLDT,UNINCORPORATED,-123.69435882568359,41.062278747558594
9454372,2022,2022-08-02,1203,2022-06-26,0512,4068,P17,7,5,4,1203,0,0,0,,0,001,"4TH ST","H ST",0.00,,Y,A,-,Y,HUM,1,101,-,-,78.614,I,5,S,N,2,0,1,2,A,-,10,21950,A,N,G,B,B,A,H,-,C,A,0,Y,,,,Y,,A,07,1,0,0,0,1,0,0,0,0,"- ","- ",40.803070068359375,-124.16403198242188,HUMBOLDT,EUREKA,-124.1640625,40.803077697753906
94570412,2025,2025-02-07,9125,2025-01-31,"308 ",023989,,5,3,9,1200,0,1,2,,2,019,"US-101 NORTHBOUND",TRINIDAD,2745.00,S,N,C,-,Y,HUM,,101," "," ",100.305,H,,R,Y,2,0,1,1,A,-,08,22107,,N,E,I,A,B,H,-,D,D,0,,,,,Y,,A,07,1,0,0,0,0,0,0,0,0,"- ","- ",41.058841705322266,-124.13265991210938,HUMBOLDT,UNINCORPORATED,-124.13270568847656,41.058788299560547
9458776,2022,2022-06-15,1203,2022-05-29,0156,4084,P38,7,5,4,1203,0,0,0,,0,002,"SPRING ST","W HAWTHORNE ST",16.00,N,N,B,-,N,,,,,,,,,,N,2,0,1,2,A,-,03,22350,,F,H,G,A,A,H,-,C,A,0,,Y,,,Y,,A,01,1,0,0,0,0,0,1,0,0,"- ","- ",40.788951873779297,-124.17723083496094,HUMBOLDT,EUREKA,-124.17720031738281,40.789073944091797
9458778,2022,2022-06-15,1203,2022-05-20,2350,4126,P66,5,5,4,1203,0,0,0,,0,002,"BROADWAY ST","MCCULLENS AV",43.00,N,N,A,-,N,,,,,,,,,,N,2,0,1,2,A,-,11,21950,B,N,G,B,B,A,H,-,C,A,0,Y,,,,Y,,N,60,1,0,0,0,1,0,0,0,0,"- ","- ",40.775131225585938,-124.18991088867188,HUMBOLDT,EUREKA,-124.19056701660156,40.774345397949219
94590419,2025,2025-02-26,9125,2025-02-15,"615 ",023774,,6,1,9,1200,0,1,3,,1,062,SR-96,"CAMPBELL CREEK RD",4488.00,W,N,A,-,Y,HUM,,96," "," ",7.917,H,,R,Y,2,0,2,1,A,-,08,22107,,N,E,8,A,A,H,-,D,D,0,,,,,Y,,D,22,1,1,0,0,0,0,0,0,0,"- ","- ",41.018291473388672,-123.63736724853516,HUMBOLDT,UNINCORPORATED,-123.63735961914062,41.018291473388672
94596306,2024,2025-03-04,9125,2024-12-29,"844 ",020946,,7,1,9,1200,0,2,4,,1,042,"CENTERVILLE ROAD","POOLE ROAD",1584.00,W,N,B,-,N,,,,,,,,,,N,1,1,0,1,A,-,17,27360,A,N,H,A,A,B,H,-,A,D,0,,,,,Y,,D,22,0,0,0,0,0,0,0,0,0,"- ","- ",40.578109741210938,-124.33071899414062,HUMBOLDT,UNINCORPORATED,-124.34055328369141,40.575515747070312
94600103,2024,2025-03-18,9125,2024-11-10,1202,022265,,7,1,9,1200,0,1,2,,2,044,"US-101 NB","3RD ST",898.00,S,N,A,-,Y,HUM,,101," "," ",61.280,H,,R,N,1,2,0,1,A,-,03,22350,,N,F,A,A,A,H,-,A,D,0,,,Y,,Y,Y,C,02,0,0,0,0,0,0,0,2,0,"- ","- ",40.59674072265625,-124.16361236572266,HUMBOLDT,UNINCORPORATED,-124.16359710693359,40.596755981445312
94600106,2024,2025-03-18,9125,2024-10-27,1735,023137,T107,7,2,9,1200,0,3,5,,2,005,"MATILTON RD","LOOP RD.",1056.00,S,N,B,-,N,,,,,,,,,,Y,1,1,0,1,B,-,22,,,N,E,8,A,A,H,-,B,D,0,,,,,Y,,A,01,0,0,0,0,0,0,0,0,0,"- ","- ",41.043079376220703,-123.67318725585938,HUMBOLDT,UNINCORPORATED,-123.67327117919922,41.043205261230469
94610221,2025,2025-03-18,9125,2025-03-10,1914,023833,,1,2,9,1200,0,1,3,,1,047,SR-36,"CHURCH LN",3168.00,W,N,A,-,Y,HUM,,36," "," ",18.422,H,,R,Y,2,0,1,1,A,-,08,22107,,N,E,8,A,A,H,-,D,D,0,,,,,Y,,D,22,1,0,0,0,0,0,0,0,0,"- ","- ",40.476188659667969,-123.88397979736328,HUMBOLDT,UNINCORPORATED,-123.88401794433594,40.476173400878906
94626482,2025,2025-03-25,9126,2025-03-13,1720,024243,,4,2,9,1200,0,1,2,,2,044,"US-101 S/B","MPM 101 HUM 23.80",105.00,S,N,B,-,Y,HUM,,101," ",R,20.397,H,,L,Y,2,0,1,1,A,-,08,22107,,N,E,8,A,B,H,-,A,D,0,,,,,Y,,A,08,1,0,0,0,0,0,0,0,0,"- ","- ",40.209518432617188,-123.79232025146484,HUMBOLDT,UNINCORPORATED,-123.79222869873047,40.209529876708984
9463434,2022,2022-07-21,1203,2022-06-09,2000,4068,P15,4,5,4,1203,0,0,0,,0,001,"W 7TH ST","SUMMER ST",0.00,,Y,A,-,N,,,,,,,,,,N,2,0,1,2,A,-,09,21802,A,N,B,C,A,A,H,-,A,A,0,,,Y,,Y,,A,08,1,0,0,0,0,0,0,0,1,"- ","- ",40.799148559570312,-124.17375946044922,HUMBOLDT,EUREKA,-124.17382049560547,40.799152374267578
94640231,2024,2025-04-07,9125,2024-11-04,2500,023929,,1,4,9,1200,0,1,3,,1,052,"STATE ROUTE 169","MCKINNON HILL ROAD",7392.00,N,N,A,-,Y,HUM,,169," "," ",19.878,H,,R,Y,1,1,0,1,A,-,01,23152,F,N,E,8,A,A,H,-,D,D,0,,,,,Y,,D,22,0,0,0,0,0,0,0,0,0,"- ","- ",41.286899566650391,-123.85913848876953,HUMBOLDT,UNINCORPORATED,-123.85919189453125,41.286876678466797
94641501,2025,2025-04-08,9125,2025-04-04,2009,023916,,5,2,9,1200,0,1,3,,1,047,SR-36,"A STREET",700.00,W,N,A,-,Y,HUM,,36," "," ",2.363,H,,R,N,2,0,1,1,A,-,03,22350,,N,E,A,A,A,H,-,D,D,0,,,Y,,Y,,C,02,1,0,0,0,0,0,0,0,1,"- ","- ",40.542438507080078,-124.10227966308594,HUMBOLDT,UNINCORPORATED,-124.10227966308594,40.542465209960938
94643111,2025,2025-04-09,9126,2025-04-01,1045,021929,,2,1,9,1200,0,1,2,,2,022,"US-101 S/B","101 HUM 31.87",210.00,S,N,C,-,Y,HUM,,101," "," ",31.836,H,,L,Y,2,0,1,1,A,-,03,22350,,N,F,0,A,B,H,-,A,D,0,,,,,Y,,A,01,1,0,0,0,0,0,0,0,0,"- ","- ",40.307609558105469,-123.90425872802734,HUMBOLDT,UNINCORPORATED,-123.90419769287109,40.307655334472656