CASE_ID,ACCIDENT_YEAR,PROC_DATE,JURIS,COLLISION_DATE,COLLISION_TIME,OFFICER_ID,REPORTING_DISTRICT,DAY_OF_WEEK,CHP_SHIFT,POPULATION,CNTY_CITY_LOC,SPECIAL_COND,BEAT_TYPE,CHP_BEAT_TYPE,CITY_DIVISION_LAPD,CHP_BEAT_CLASS,BEAT_NUMBER,PRIMARY_RD,SECONDARY_RD,DISTANCE,DIRECTION,INTERSECTION,WEATHER_1,WEATHER_2,STATE_HWY_IND,CALTRANS_COUNTY,CALTRANS_DISTRICT,STATE_ROUTE,ROUTE_SUFFIX,POSTMILE_PREFIX,POSTMILE,LOCATION_TYPE,RAMP_INTERSECTION,SIDE_OF_HWY,TOW_AWAY,COLLISION_SEVERITY,NUMBER_KILLED,NUMBER_INJURED,PARTY_COUNT,PRIMARY_COLL_FACTOR,PCF_CODE_OF_VIOL,PCF_VIOL_CATEGORY,PCF_VIOLATION,PCF_VIOL_SUBSECTION,HIT_AND_RUN,TYPE_OF_COLLISION,MVIW,PED_ACTION,ROAD_SURFACE,ROAD_COND_1,ROAD_COND_2,LIGHTING,CONTROL_DEVICE,CHP_ROAD_TYPE,PEDESTRIAN_ACCIDENT,BICYCLE_ACCIDENT,MOTORCYCLE_ACCIDENT,TRUCK_ACCIDENT,NOT_PRIVATE_PROPERTY,ALCOHOL_INVOLVED,STWD_VEHTYPE_AT_FAULT,CHP_VEHTYPE_AT_FAULT,COUNT_SEVERE_INJ,COUNT_VISIBLE_INJ,COUNT_COMPLAINT_PAIN,COUNT_PED_KILLED,COUNT_PED_INJURED,COUNT_BICYCLIST_KILLED,COUNT_BICYCLIST_INJURED,COUNT_MC_KILLED,COUNT_MC_INJURED,PRIMARY_RAMP,SECONDARY_RAMP,LATITUDE,LONGITUDE,COUNTY,CITY,POINT_X,POINT_Y
90316207,2016,2016-11-10,9125,2016-10-28,2115,020946,,5,2,9,1200,0,1,3,,1,047,"SR-36 E/B","GRIZZLY CREEK",3960.00,W,N,A,-,Y,,,36,,,,,,E,Y,2,0,2,1,A,-,08,22107,,N,E,I,A,B,H,-,D,D,0,,,,,Y,,A,01,2,0,0,0,0,0,0,0,0,"- ","- ",40.480640000000001,-123.91461,HUMBOLDT,UNINCORPORATED,-123.91457579,40.480745839999997
90316534,2016,2016-11-10,9125,2016-10-29,1413,014643,,6,2,4,1203,0,1,3,,1,026,SR-255,"SAMOA CHANNEL BRIDGE 04-0229",237.00,N,N,A,B,Y,,,255,,,,,,,Y,2,0,6,2,A,-,08,22107,,N,A,C,A,A,H,-,A,D,0,,,,,Y,,A,08,5,1,0,0,0,0,0,0,0,"- ","- ",40.812860000000001,-124.15868,HUMBOLDT,EUREKA,-124.15865153999999,40.812888979999997
90318909,2016,2016-11-14,9125,2016-09-11,1130,015771,,7,1,9,1200,0,1,3,,1,048,SR-36,"BUCK MOUNTAIN ROAD",10032.00,W,N,A,-,Y,,,36,,,,,,,Y,1,1,0,1,A,-,01,23152,A,N,E,I,A,A,H,-,A,D,0,,,,,Y,Y,A,01,0,0,0,0,0,0,0,0,0,"- ","- ",40.480589999999999,-123.65366,HUMBOLDT,UNINCORPORATED,-123.6536914,40.48057498
90349280,2016,2017-01-31,9125,2016-11-21,1458,021025,,1,2,9,1200,0,1,3,,1,061,SR-299,"TITLOW HILL RD",5280.00,E,N,B,-,Y,,,299,,,,,,,Y,1,1,0,1,A,-,08,22107,,N,E,I,A,B,H,-,A,D,0,,,,,Y,,A,01,0,0,0,0,0,0,0,0,0,"- ","- ",40.905320000000003,-123.75733,HUMBOLDT,UNINCORPORATED,-123.75737891,40.905347710000001
90377188,2017,2017-01-31,9125,2017-01-01,1730,020748,,7,2,9,1200,0,3,5,,2,002,"MOUNTAIN VIEW RD","KNEELAND RD",28512.00,S,N,D,-,N,,,,,,,,,,Y,1,1,1,1,A,-,01,23152,A,N,F,A,A,C,H,-,D,D,0,,,,,Y,Y,D,22,0,1,0,0,0,0,0,0,0,"- ","- ",40.695140000000002,-123.8767,HUMBOLDT,UNINCORPORATED,-123.87674985,40.695221650000001
90381135,2017,2017-01-30,9126,2017-01-20,1955,021102,,5,2,9,1200,0,1,2,,2,044,"US-101 SOUTHBOUND","EAGLE POINT VIADUCT",1584.00,S,N,C,-,Y,,,101,,,,,,S,Y,2,0,3,1,A,-,08,22107,,N,E,I,A,B,H,-,D,D,0,,,,,Y,,D,22,1,1,1,0,0,0,0,0,0,"- ","- ",40.268949999999997,-123.85247,HUMBOLDT,UNINCORPORATED,-123.85236881,40.268980319999997
90387951,2017,2017-02-08,9125,2017-01-28,0930,021313,,6,1,9,1200,0,1,3,,1,061,SR-299,"EAST FORK CAMPGROUND",1056.00,W,N,A,-,Y,,,299,,,,,,,Y,2,0,2,2,A,-,01,23152,F,N,A,C,A,A,H,-,A,D,0,,,,,Y,,A,01,2,0,0,0,0,0,0,0,0,"- ","- ",40.907499999999999,-123.71108,HUMBOLDT,UNINCORPORATED,-123.71107186,40.907469470000002
90413683,2017,2017-03-16,9125,2017-03-11,1902,020696,,6,2,9,1200,0,3,5,,2,002,"OLD ARCATA RD.","STEPHENS LN.",409.00,N,N,A,-,N,,,,,,,,,,Y,2,0,1,1,A,-,01,23152,F,N,F,A,A,A,H,-,C,D,0,,,,,Y,,A,01,1,0,0,0,0,0,0,0,0,"- ","- ",40.830680000000001,-124.07534,HUMBOLDT,UNINCORPORATED,-124.07529455,40.830622810000001
90414686,2017,2017-03-17,9125,2017-03-09,0720,018771,,4,1,9,1200,0,1,2,,2,045,"US-101 SOUTHBOUND","EEL RIVER BRIDGE (#4-16L)",10.00,S,N,B,-,Y,,,,,,,,,,Y,2,0,1,1,A,-,03,22350,,N,E,I,A,B,H,-,A,D,0,,,,,Y,,A,01,1,0,0,0,0,0,0,0,0,"- ","- ",40.507649999999998,-124.11788,HUMBOLDT,UNINCORPORATED,,
90424163,2017,2017-03-30,9125,2017-03-24,1141,020786,,5,1,9,1200,0,1,3,,1,061,"SR-299 W/B","CEDAR CREEK RD",310.00,E,N,C,-,Y,,,299,,,,,,W,Y,2,0,2,2,A,-,03,22350,,N,C,C,A,B,H,-,A,D,0,,,,,Y,,A,01,1,1,0,0,0,0,0,0,0,"- ","- ",40.90625,-123.75156,HUMBOLDT,UNINCORPORATED,-123.75154362000001,40.906140440000001
90431670,2017,2017-04-11,9125,2017-04-06,0658,018958,,4,1,9,1200,0,1,2,,2,017,US-101,"S. PRAIRIE CREEK U/C",2112.00,S,N,B,C,N,,,101,,,,,,,Y,2,0,1,1,A,-,08,22107,,N,E,I,A,B,H,-,A,D,0,,,,,Y,,A,08,1,0,0,0,0,0,0,0,0,"- ","- ",41.343330000000002,-124.03104999999999,HUMBOLDT,UNINCORPORATED,-124.03111328,41.343371439999999
90433726,2017,2017-04-13,9125,2017-03-12,1209,021450,,7,1,9,1200,0,1,2,,2,030,"US-101 S/B","TOMPKINS HILL ROAD",1056.00,S,N,A,-,Y,,,101,,,,,,S,Y,1,1,1,1,A,-,01,23152,A,N,E,I,A,A,H,-,A,D,0,,,,,Y,Y,A,01,1,0,0,0,0,0,0,0,0,"- ","- ",40.702919999999999,-124.20922,HUMBOLDT,UNINCORPORATED,-124.20916904000001,40.702956489999998
90438532,2017,2017-04-20,9125,2017-04-11,1800,019093,,2,2,9,1200,0,1,3,,1,048,SR-36,"BUCK MOUNTAIN RD",528.00,S,N,C,-,Y,,,36,,,,,,,Y,2,0,1,1,A,-,01,23152,A,N,E,I,A,B,H,-,A,D,0,,,,,Y,Y,A,07,1,0,0,0,0,0,0,0,0,"- ","- ",40.488489999999999,-123.62988,HUMBOLDT,UNINCORPORATED,-123.62987885,40.488485619999999
90460037,2017,2017-05-22,9125,2017-05-13,0000,020895,,6,3,9,1200,0,2,4,,1,020,"MYRTLE AVE","DEVOY RD",100.00,N,N,B,-,N,,,,,,,,,,Y,2,0,1,1,A,-,01,23152,A,M,E,I,A,B,H,-,D,D,0,,,Y,,Y,Y,C,02,1,0,0,0,0,0,0,0,1,"- ","- ",40.78707,-124.10832000000001,HUMBOLDT,UNINCORPORATED,-124.10886071,40.78697837
90478218,2017,2017-06-14,9125,2017-04-17,1830,020748,,1,2,9,1200,0,1,3,,2,013,SR-299,"BLUE LAKE BLVD",13200.00,E,N,C,-,Y,,,299,,,,,,,Y,1,3,8,2,A,-,08,22107,,N,D,C,A,B,H,-,A,D,0,,,,,Y,,A,08,6,2,0,0,0,0,0,0,0,"- ","- ",40.898240000000001,-123.92597000000001,HUMBOLDT,UNINCORPORATED,-123.9259965,40.898291579999999
90493103,2017,2018-02-21,9125,2017-05-05,0040,020491,,5,3,9,1200,0,1,2,,2,019,"US-101 N/B","AIRPORT RD",1320.00,N,N,A,-,Y,,,101,,,,,,N,Y,1,1,1,3,A,-,11,21954,A,F,G,B,E,A,H,-,C,D,0,Y,,,,Y,Y,N,60,0,1,0,1,0,0,0,0,0,"- ","- ",40.978650000000002,-124.11736000000001,HUMBOLDT,UNINCORPORATED,-124.11734677,40.97865376
90508845,2017,2017-07-26,9125,2017-06-17,0335,021025,,6,3,3,1201,0,1,S,,2,901,"US-101 S/B TO SOUTH G STREET","SAMOA BLVD OC",4140.00,S,N,B,-,Y,,,101,,,,R,,S,Y,1,1,1,1,A,-,01,23152,A,N,E,I,A,A,H,-,C,A,0,,,,,Y,Y,A,08,1,0,0,0,0,0,0,0,0,"- ","- ",40.851329999999997,-124.08242,HUMBOLDT,ARCATA,-124.08242,40.851329999999997
9050991,2020,2020-11-30,1203,2020-02-14,1444,4077,P10,5,5,4,1203,0,0,0,,0,001,"RT 101","N 6TH",0.00,,Y,A,-,Y,HUM,1,101,-,-,79.654,I,6,N,Y,2,0,1,1,A,-,08,22107,,N,E,J,A,A,H,-,A,D,0,,,,,Y,,A,01,1,0,0,0,0,0,0,0,0,"- ","- ",40.803390502929688,-124.14540863037109,HUMBOLDT,EUREKA,-124.14442443847656,40.804409027099609
90520138,2017,2017-08-09,9125,2017-06-27,2225,021450,,2,3,9,1200,0,1,2,,2,019,"US-101 N/B","MURRAY RD",2640.00,S,N,A,-,Y,,,101,,,,,,N,Y,1,1,1,2,A,-,01,23152,A,N,A,C,A,A,H,-,D,D,0,,,,,Y,Y,A,07,0,0,1,0,0,0,0,0,0,"- ","- ",40.949129999999997,-124.11609,HUMBOLDT,UNINCORPORATED,-124.11604592,40.949129669999998
90536152,2017,2017-08-29,9126,2017-07-21,0320,021168,,5,3,9,1200,0,1,2,,2,044,"US-101 N/B","FRENCH ROAD",528.00,N,N,B,-,Y,,,101,,,,,,N,Y,1,2,1,1,A,-,08,22107,,N,E,I,A,A,H,-,C,D,0,,,,,Y,,A,07,1,0,0,0,0,0,0,0,0,"- ","- ",40.219850000000001,-123.82198,HUMBOLDT,UNINCORPORATED,-123.82201514,40.219789290000001
90540535,2017,2017-09-05,9126,2017-08-27,1720,021223,,7,2,9,1200,0,3,5,,2,444,"LOWER PACIFIC DRIVE","DOLPHIN DRIVE",0.00,,Y,A,-,N,,,,,,,,,,N,2,0,1,2,A,-,12,22450,A,N,D,G,A,A,H,-,A,A,0,,Y,,,Y,,L,04,1,0,0,0,0,0,1,0,0,"- ","- ",40.034469999999999,-124.07711,HUMBOLDT,UNINCORPORATED,-124.07601987,40.034169910000003
90544914,2017,2017-09-11,9125,2017-09-05,0639,019243,,2,1,9,1200,0,2,4,,1,021,"HARRIS ST","WALFORD AVE",410.00,E,N,B,-,N,,,,,,,,,,N,2,0,1,2,A,-,01,23152,A,F,G,B,E,A,H,-,B,D,0,Y,,,,Y,Y,D,22,1,0,0,0,1,0,0,0,0,"- ","- ",40.780500000000004,-124.13628,HUMBOLDT,UNINCORPORATED,-124.13635917000001,40.78050468
90551367,2017,2017-09-19,9125,2017-09-17,2100,020748,,7,2,9,1200,0,3,5,,2,004,"GRIZZLY BLUFF RD","COPPINI LN",1400.00,E,N,C,-,N,,,,,,,,,,Y,2,0,1,1,A,-,08,22107,,N,E,I,A,B,H,-,D,D,0,,,,,Y,,A,01,1,0,0,0,0,0,0,0,0,"- ","- ",40.573219999999999,-124.23600999999999,HUMBOLDT,UNINCORPORATED,-124.23528802,40.57329661
90628014,2017,2017-12-27,9126,2017-12-15,2235,021812,,5,3,9,1200,0,1,3,,1,020,SR-254,"FISH CREEK ROAD",4224.00,S,N,A,-,Y,,,,,,,,,,Y,2,0,1,1,A,-,01,23152,A,N,F,A,A,A,H,-,D,D,0,,,,,Y,Y,A,07,1,0,0,0,0,0,0,0,0,"- ","- ",40.122300000000003,-123.7893,HUMBOLDT,UNINCORPORATED,,
9062873,2019,2020-05-16,1201,2019-11-22,1830,645,101,5,5,3,1201,0,0,0,,0,0VW,"WOOD LN","SAINT LOUIS RD",0.00,,Y,A,-,N,,,,,,,,,,N,2,0,1,2,A,-,12,22450,,F,H,G,A,B,H,-,C,A,0,,Y,,,Y,,A,01,1,0,0,0,0,0,1,0,0,"- ","- ",40.896339416503906,-124.09166717529297,HUMBOLDT,ARCATA,-124.08187,40.88673
90628851,2017,2017-12-28,9126,2017-12-15,1620,021081,,5,2,9,1200,0,1,2,,1,066,US-101,"MILKY WAY LOOP",528.00,N,N,B,-,Y,,,101,,,,,,,Y,2,0,1,1,A,-,08,22107,,N,E,I,A,B,H,-,D,D,0,,,,,Y,,A,01,1,0,0,0,0,0,0,0,0,"- ","- ",40.019680000000001,-123.79189,HUMBOLDT,UNINCORPORATED,-123.79200652,40.01959145
90640585,2017,2018-01-16,9125,2017-11-22,1733,020786,,3,2,9,1200,0,1,3,,1,061,SR-299,"BOISE CREEK CAMPGROUND",10032.00,W,N,B,-,Y,,,,,,,,,,Y,1,1,2,1,A,-,03,22350,,N,E,I,A,B,H,-,D,D,0,,,,,Y,,A,01,1,1,0,0,0,0,0,0,0,"- ","- ",40.90305,-123.68662999999999,HUMBOLDT,UNINCORPORATED,,
90661167,2018,2018-02-14,9125,2018-02-05,1138,020624,,1,1,9,1200,0,1,3,,1,025,"NEW NAVY BASE RD","JETTY RD",0.00,,Y,B,-,N,,,,,,,,,,Y,2,0,1,1,A,-,08,22107,,N,F,A,A,A,H,-,A,D,0,,,Y,,Y,,C,02,1,0,0,0,0,0,0,0,1,"- ","- ",40.769908905029297,-124.21643829345703,HUMBOLDT,UNINCORPORATED,-124.21627807617188,40.770008087158203
90661243,2018,2018-02-14,9125,2018-02-04,1600,019093,,7,2,9,1200,0,2,4,,1,023,"RIDGEWOOD DRIVE","WESTGATE DR",312.00,E,N,A,-,N,,,,,,,,,,N,2,0,1,1,A,-,08,22107,,N,E,I,A,A,H,-,A,D,0,,,Y,,Y,,C,03,1,0,0,0,0,0,0,0,1,"- ","- ",40.734500885009766,-124.16359710693359,HUMBOLDT,UNINCORPORATED,-124.16361999511719,40.734447479248047
90679622,2018,2018-03-12,9125,2018-02-28,1831,018172,,3,2,9,1200,0,3,5,,2,001,"CENTRAL AVE","REASOR RD",130.00,N,N,B,C,N,,,,,,,,,,Y,2,0,1,1,A,-,08,22107,,N,E,I,A,B,H,-,C,D,0,,,,,Y,,A,07,1,0,0,0,0,0,0,0,0,"- ","- ",40.954578399658203,-124.10099792480469,HUMBOLDT,UNINCORPORATED,-124.10086059570312,40.954524993896484
90727043,2018,2018-05-16,9126,2018-02-24,2345,021722,,6,3,9,1200,0,2,4,,1,008,"REDWOOD DRIVE","EVERGREEN ROAD",528.00,S,N,B,E,N,,,,,,,,,,Y,2,0,3,1,A,-,08,22107,,N,E,I,A,A,H,-,D,D,0,,,,,Y,,D,22,1,2,0,0,0,0,0,0,0,"- ","- ",40.116100311279297,-123.79622650146484,HUMBOLDT,UNINCORPORATED,-123.80179595947266,40.116634368896484
90743413,2018,2018-06-07,9125,2018-06-02,0745,018958,,6,1,9,1200,0,3,5,,2,001,"PATRICK'S POINT DR.","ANDERSON LN.",4752.00,N,N,A,B,N,,,,,,,,,,Y,2,0,1,1,A,-,01,23152,F,N,E,I,A,A,H,-,A,D,0,,,,,Y,,A,01,1,0,0,0,0,0,0,0,0,"- ","- ",41.082340240478516,-124.14803314208984,HUMBOLDT,UNINCORPORATED,-124.14776611328125,41.081775665283203
90745634,2018,2018-06-11,9125,2018-05-31,2342,021025,,4,3,9,1200,0,3,5,,2,003,"LOMA AVE","KING SALMON AVE",0.00,,Y,A,-,N,,,,,,,,,,Y,2,0,1,1,A,-,01,23152,A,N,E,I,A,A,H,-,C,A,0,,,,,Y,Y,A,01,1,0,0,0,0,0,0,0,0,"- ","- ",40.735599517822266,-124.20942687988281,HUMBOLDT,UNINCORPORATED,-124.20989227294922,40.735580444335938
90757279,2018,2018-06-27,9125,2018-06-24,1745,021313,,7,2,9,1200,0,3,5,,2,006,"BALD HILLS RD","MARTIN'S FERRY BRIDGE",8448.00,E,N,A,-,N,,,,,,,,,,Y,2,0,1,2,A,-,17,21662,A,N,A,C,A,A,H,-,A,D,0,,,Y,,Y,,C,02,1,0,0,0,0,0,0,0,1,"- ","- ",41.199310302734375,-123.76287841796875,HUMBOLDT,UNINCORPORATED,-123.73377990722656,41.198162078857422
90789493,2018,2018-08-13,9125,2018-08-07,0025,021025,,2,3,9,1200,0,1,2,,2,022,"US-101 N/B","SAMOA BLVD OC",1750.00,S,N,B,-,Y,,,,,,,,,,Y,2,0,2,1,A,-,08,22107,,N,E,I,A,A,H,-,C,D,0,,,,,Y,,A,01,1,1,0,0,0,0,0,0,0,"- ","- ",40.858131408691406,-124.08219146728516,HUMBOLDT,UNINCORPORATED,,
9079038,2019,2020-04-24,1201,2019-12-01,1630,631,307,7,5,3,1201,0,0,0,,0,005,"H ST","5TH ST",0.00,,Y,A,-,N,,,,,,,,,,N,2,0,1,2,A,-,08,22107,,M,G,B,E,A,H,-,A,D,0,Y,,,,Y,,D,22,1,0,0,0,1,0,0,0,0,"- ","- ",40.865871429443359,-124.08799743652344,HUMBOLDT,ARCATA,-124.08798980712891,40.865871429443359
90792606,2018,2018-08-16,9125,2018-04-26,2050,020901,,4,2,9,1200,0,1,2,,2,019,US-101,SR-200,260.00,N,N,A,-,Y,,,101,,,,,,,N,1,1,0,2,D,-,00,,,F,G,B,E,A,H,-,C,D,0,Y,,,,Y,,-,"- ",0,0,0,1,0,0,0,0,0,"- ","- ",40.919620513916016,-124.09574890136719,HUMBOLDT,UNINCORPORATED,-124.09574890136719,40.919624328613281
90799194,2018,2018-08-27,9126,2018-07-23,1750,021827,,1,2,9,1200,0,2,4,,1,002,"BRICELAND ROAD","ETTERSBURG ROAD",2112.00,E,N,A,-,N,,,,,,,,,,Y,1,1,0,1,A,-,01,23152,A,N,E,I,A,A,H,-,A,D,0,,,Y,,Y,Y,C,02,0,0,0,0,0,0,0,1,0,"- ","- ",40.089179992675781,-123.93905639648438,HUMBOLDT,UNINCORPORATED,-123.93951416015625,40.089038848876953
90841785,2018,2018-10-22,9125,2018-09-23,1207,019116,,7,1,9,1200,0,1,3,,2,013,"US-101 NORTHBOUND FROM SR-299 WESTBOUND",US-101,119.00,N,N,A,-,Y,,,,,,,,,,Y,2,0,4,3,A,-,01,23152,A,N,E,I,A,A,H,-,A,A,0,,,Y,,Y,Y,A,07,2,2,0,0,0,0,0,0,1,"- ","- ",40.897800445556641,-124.08306121826172,HUMBOLDT,UNINCORPORATED,,
90876162,2018,2018-12-05,9125,2018-11-28,0804,019116,,3,1,9,1200,0,1,2,,1,024,"US-101 SOUTHBOUND","INDIANOLA CUTOFF",600.00,S,N,B,-,Y,,,101,,,,,,S,Y,2,0,1,1,A,-,08,22107,,N,F,A,A,B,H,-,A,D,0,,,,,Y,,A,01,1,0,0,0,0,0,0,0,0,"- ","- ",40.818679809570312,-124.09638214111328,HUMBOLDT,UNINCORPORATED,-124.09651184082031,40.818935394287109
90876262,2018,2018-12-05,9125,2018-10-05,0300,022105,,5,3,9,1200,0,1,3,,1,065,"STATE ROUTE 96","SALMON RIVER RD.",10032.00,W,N,A,-,Y,,,96,,,,,,,Y,1,1,1,1,A,-,08,22107,,F,E,I,A,A,D,-,D,D,0,,,,,Y,,A,01,1,0,0,0,0,0,0,0,0,"- ","- ",41.358989715576172,-123.49968719482422,HUMBOLDT,UNINCORPORATED,-123.49967193603516,41.358974456787109
9087629,2020,2020-11-25,1203,2020-03-18,1221,4109,P19,3,5,4,1203,0,0,0,,0,001,"4TH ST","R ST",90.00,E,N,A,-,Y,HUM,1,101,-,-,79.190,H,-,S,N,2,0,2,3,A,-,11,21954,A,N,G,B,D,A,H,-,A,A,0,Y,,Y,,Y,,N,60,2,0,0,0,1,0,0,0,1,"- ","- ",40.804710388183594,-124.15358734130859,HUMBOLDT,EUREKA,-124.15325164794922,40.804695129394531
90890025,2018,2018-12-26,9125,2018-12-18,2230,021168,,2,3,9,1200,0,2,4,,1,011,"MURRAY ROAD","CENTRAL AVE",6336.00,E,N,B,-,N,,,,,,,,,,Y,2,0,1,1,A,-,01,23152,A,N,E,I,A,B,H,-,D,D,0,,,,,Y,Y,A,07,1,0,0,0,0,0,0,0,0,"- ","- ",40.955131530761719,-124.07276153564453,HUMBOLDT,UNINCORPORATED,-124.07915496826172,40.954658508300781
90901977,2018,2019-03-20,9125,2018-08-01,2500,018958,,3,4,9,1200,0,1,2,,2,030,US-101,"HUMBOLDT HILL O/C",3168.00,N,N,B,-,Y,,,101,,,,,,,N,1,1,0,2,D,-,00,,,F,G,B,E,A,H,-,D,D,0,Y,,,,Y,Y,-,"- ",0,0,0,1,0,0,0,0,0,"- ","- ",40.750450134277344,-124.19387817382812,HUMBOLDT,UNINCORPORATED,-124.19387054443359,40.750438690185547
90907180,2019,2019-01-18,9125,2019-01-13,0430,020901,,7,3,9,1200,0,2,4,,1,020,"OLD ARCATA RD","STEPHENS LANE",44.00,N,N,A,-,N,,,,,,,,,,Y,2,0,1,1,A,-,08,22107,,N,E,I,A,B,H,-,C,D,0,,,,,Y,,A,01,1,0,0,0,0,0,0,0,0,"- ","- ",40.829681396484375,-124.07582855224609,HUMBOLDT,UNINCORPORATED,-124.07587432861328,40.829727172851562
90940292,2018,2019-03-05,9125,2018-12-23,0150,022095,,7,3,9,1200,0,3,5,,2,004,"BLUE SLIDE RD","WEYMOUTH BLUFF RD",9.00,N,N,C,-,N,,,,,,,,,,Y,2,0,3,1,A,-,01,23152,G,F,E,I,A,B,H,-,D,D,0,,,,,Y,Y,A,01,1,2,0,0,0,0,0,0,0,"- ","- ",40.529468536376953,-124.16314697265625,HUMBOLDT,UNINCORPORATED,-124.16304016113281,40.529533386230469
90977084,2019,2019-04-26,9125,2019-04-20,1535,022105,,6,2,9,1200,0,1,3,,1,060,SR-299,"CHEZEM RD",2693.00,W,N,B,C,Y,,,,,,,,,,Y,2,0,1,1,A,-,08,22107,,N,F,I,A,B,H,-,A,D,0,,,,,Y,,A,07,1,0,0,0,0,0,0,0,0,"- ","- ",40.933998107910156,-123.84500122070312,HUMBOLDT,UNINCORPORATED,-123.83098602294922,40.916889190673828
90986139,2019,2019-05-10,9125,2019-05-01,1635,018064,,3,2,9,1200,0,1,2,,2,044,"US-101 N/B (REDWOOD HIGHWAY)","SINGLEY HILL ROAD",1056.00,S,N,A,-,Y,,,101,,,,,,N,Y,2,0,1,1,A,-,08,22107,,N,E,I,A,A,H,-,A,D,0,,,,,Y,,A,01,1,0,0,0,0,0,0,0,0,"- ","- ",40.620399475097656,-124.20583343505859,HUMBOLDT,UNINCORPORATED,-124.20584869384766,40.620338439941406
91008013,2019,2019-06-11,9125,2019-05-31,1330,020717,,5,1,9,1200,0,1,2,,2,044,"US-101 N/B FROM LOLETA DRIVE W/B","LOLETA DRIVE",57.00,N,N,B,-,Y,,,101,,,,R,,N,Y,2,0,1,1,A,-,01,23152,A,N,E,I,A,A,H,-,A,D,0,,,,,Y,Y,D,22,1,0,0,0,0,0,0,0,0,"- ","- ",40.642040252685547,-124.20867156982422,HUMBOLDT,UNINCORPORATED,-124.20867156982422,40.642040252685547
91016388,2019,2019-06-24,9126,2019-06-15,1740,021724,,6,2,9,1200,0,3,5,,2,222,"ORCHARD WAY","MYERS AVENUE",371.00,S,N,A,-,N,,,,,,,,,,N,2,0,1,2,A,-,08,22107,,N,F,A,A,A,H,-,A,D,0,,,Y,,Y,Y,C,02,1,0,0,0,0,0,0,0,1,"- ","- ",40.263908386230469,-123.87404632568359,HUMBOLDT,UNINCORPORATED,-123.87410736083984,40.263912200927734
9103491,2020,2020-11-09,1203,2020-05-13,1150,4082,P15,3,5,4,1203,0,0,0,,0,001,"W 5TH ST","COMMERCIAL ST",294.00,W,N,B,-,Y,HUM,1,101,-,-,78.050,H,-,N,Y,2,0,1,1,A,-,03,22350,,N,F,A,A,B,H,-,A,D,0,,,,Y,Y,,G,25,1,0,0,0,0,0,0,0,0,"- ","- ",40.801280975341797,-124.17417144775391,HUMBOLDT,EUREKA,-124.17440032958984,40.800739288330078
91047868,2019,2019-08-08,9125,2019-07-27,1613,022284,,6,2,9,1200,0,1,2,,2,044,"US-101 S/B","12TH ST",197.00,N,N,A,-,Y,,,101,,,,,,S,Y,2,0,1,1,A,-,01,23152,A,N,E,I,A,A,H,-,A,D,0,,,,,Y,Y,D,22,1,0,0,0,0,0,0,0,0,"- ","- ",40.588230133056641,-124.15570068359375,HUMBOLDT,UNINCORPORATED,-124.15567779541016,40.588245391845703
91052280,2019,2019-08-14,9126,2019-08-07,1900,021507,,3,2,9,1200,0,2,4,,1,006,"ALDERPOINT ROAD","ZENIA BLUFF RD",1320.00,W,N,A,-,N,,,,,,,,,,Y,2,0,1,1,A,-,08,22107,,N,E,I,A,A,H,-,A,D,0,,,,,Y,,D,22,1,0,0,0,0,0,0,0,0,"- ","- ",40.18402099609375,-123.59004211425781,HUMBOLDT,UNINCORPORATED,-123.59011077880859,40.184017181396484
91065563,2019,2019-09-03,9125,2019-08-18,2011,020901,,7,2,9,1200,0,1,2,,2,045,US-101,"SHIVELY RD",1300.00,S,N,A,-,Y,,,101,,,,,,,Y,2,0,1,2,A,-,05,21651,A,N,B,C,A,A,H,-,E,D,0,,,,,Y,,A,08,1,0,0,0,0,0,0,0,0,"- ","- ",40.457378387451172,-124.06764984130859,HUMBOLDT,UNINCORPORATED,-124.06766510009766,40.457366943359375
91075779,2019,2019-09-16,9125,2019-09-08,0415,021313,,7,3,9,1200,0,1,3,,1,050,SR-96,"HOSTLER CREEK RD",170.00,N,N,B,-,Y,,,96,,,,,,,Y,2,0,2,1,A,-,01,23152,A,N,E,I,A,A,H,-,D,D,0,,,,,Y,Y,A,01,2,0,0,0,0,0,0,0,0,"- ","- ",41.074520111083984,-123.68681335449219,HUMBOLDT,UNINCORPORATED,-123.68687438964844,41.074539184570312
91077274,2019,2019-10-07,9125,2019-06-23,1550,021688,,7,2,9,1200,0,1,3,,1,048,"STATE ROUTE 36","STAGECOACH ROAD",1917.00,E,N,A,-,Y,,,36,,,,,,,Y,1,1,0,2,A,-,01,23152,A,N,D,C,A,A,D,H,A,D,0,,,,,Y,Y,A,01,0,0,0,0,0,0,0,0,0,"- ","- ",40.478801727294922,-123.65380096435547,HUMBOLDT,UNINCORPORATED,-123.65342712402344,40.478443145751953
91084121,2019,2019-09-26,9126,2019-09-18,1950,021836,,3,2,9,1200,0,3,5,,2,222,"THOMAS ROAD","PINE DRIVE",528.00,W,N,B,-,N,,,,,,,,,,Y,2,0,1,1,A,-,01,23152,A,N,F,A,A,B,H,-,D,D,0,,,,,Y,Y,D,22,1,0,0,0,0,0,0,0,0,"- ","- ",40.222160339355469,-123.86769104003906,HUMBOLDT,UNINCORPORATED,-123.86740112304688,40.22149658203125