CASE_ID,ACCIDENT_YEAR,PROC_DATE,JURIS,COLLISION_DATE,COLLISION_TIME,OFFICER_ID,REPORTING_DISTRICT,DAY_OF_WEEK,CHP_SHIFT,POPULATION,CNTY_CITY_LOC,SPECIAL_COND,BEAT_TYPE,CHP_BEAT_TYPE,CITY_DIVISION_LAPD,CHP_BEAT_CLASS,BEAT_NUMBER,PRIMARY_RD,SECONDARY_RD,DISTANCE,DIRECTION,INTERSECTION,WEATHER_1,WEATHER_2,STATE_HWY_IND,CALTRANS_COUNTY,CALTRANS_DISTRICT,STATE_ROUTE,ROUTE_SUFFIX,POSTMILE_PREFIX,POSTMILE,LOCATION_TYPE,RAMP_INTERSECTION,SIDE_OF_HWY,TOW_AWAY,COLLISION_SEVERITY,NUMBER_KILLED,NUMBER_INJURED,PARTY_COUNT,PRIMARY_COLL_FACTOR,PCF_CODE_OF_VIOL,PCF_VIOL_CATEGORY,PCF_VIOLATION,PCF_VIOL_SUBSECTION,HIT_AND_RUN,TYPE_OF_COLLISION,MVIW,PED_ACTION,ROAD_SURFACE,ROAD_COND_1,ROAD_COND_2,LIGHTING,CONTROL_DEVICE,CHP_ROAD_TYPE,PEDESTRIAN_ACCIDENT,BICYCLE_ACCIDENT,MOTORCYCLE_ACCIDENT,TRUCK_ACCIDENT,NOT_PRIVATE_PROPERTY,ALCOHOL_INVOLVED,STWD_VEHTYPE_AT_FAULT,CHP_VEHTYPE_AT_FAULT,COUNT_SEVERE_INJ,COUNT_VISIBLE_INJ,COUNT_COMPLAINT_PAIN,COUNT_PED_KILLED,COUNT_PED_INJURED,COUNT_BICYCLIST_KILLED,COUNT_BICYCLIST_INJURED,COUNT_MC_KILLED,COUNT_MC_INJURED,PRIMARY_RAMP,SECONDARY_RAMP,LATITUDE,LONGITUDE,COUNTY,CITY,POINT_X,POINT_Y
91087203,2019,2019-09-30,9125,2019-09-18,1035,014643,,3,1,9,1200,0,1,2,,2,017,"US-101 (REDWOOD HIGHAY)","BALD HILLS ROAD",1584.00,N,N,B,-,Y,,,,,,,,,,Y,2,0,3,2,A,-,08,22107,,N,A,C,A,B,H,-,A,A,0,,,,Y,Y,,G,25,3,0,0,0,0,0,0,0,0,"- ","- ",40.304759979248047,-124.04419708251953,HUMBOLDT,UNINCORPORATED,-124.044189453125,41.304603576660156
91089745,2019,2019-10-03,9125,2019-08-25,1806,021256,,7,2,9,1200,0,1,3,,1,012,SR-200,SR-299,1954.00,N,N,A,-,N,,,,,,,,,,Y,2,0,2,2,A,-,01,23152,A,N,B,C,A,A,H,-,A,D,0,,,,,Y,Y,A,07,1,1,0,0,0,0,0,0,0,"- ","- ",40.548648834228516,-124.37686920166016,HUMBOLDT,UNINCORPORATED,-124.06256866455078,40.914291381835938
91090737,2019,2019-12-16,9126,2019-09-03,0708,021049,,2,1,9,1200,0,2,4,,1,002,"BRICELAND THORN ROAD","SHELTER COVE ROAD",300.00,S,N,A,-,N,,,,,,,,,,Y,1,1,0,1,A,-,01,23152,A,N,E,I,A,A,H,-,B,D,0,,,,,Y,Y,A,08,0,0,0,0,0,0,0,0,0,"- ","- ",40.062591552734375,-123.96288299560547,HUMBOLDT,UNINCORPORATED,-123.96320343017578,40.062828063964844
91092057,2019,2019-10-07,9126,2019-09-25,2158,021929,,3,2,9,1200,0,1,2,,2,022,"US-101 NORTHBOUND","ENGLEWOOD UNDERCROSSING",5808.00,S,N,A,-,Y,,,101,,,,,,N,Y,2,0,1,2,A,-,03,22350,,N,C,C,A,A,H,-,D,D,0,,,Y,,Y,,C,02,1,0,0,0,0,0,0,0,1,"- ","- ",40.382160186767578,-123.92854309082031,HUMBOLDT,UNINCORPORATED,-123.9285888671875,40.382144927978516
91095510,2019,2019-10-11,9126,2019-10-05,1825,021722,,6,2,9,1200,0,1,3,,1,020,SR-254,"BRIDGE CREEK RD",1056.00,N,N,A,-,Y,,,254,,,,,,,Y,2,0,1,1,A,-,01,23152,A,N,F,A,A,A,H,-,A,D,0,,,Y,,Y,Y,C,02,1,0,0,0,0,0,0,0,1,"- ","- ",40.282901763916016,-123.85990905761719,HUMBOLDT,UNINCORPORATED,-123.85991668701172,40.282974243164062
91103767,2019,2019-10-23,9126,2019-10-21,1825,021722,,1,2,9,1200,0,1,3,,1,020,"SR 254 (AVENUE OF THE GIANTS)","HODGES LANE",2112.00,N,N,A,-,Y,,,254,,,,R,,,Y,2,0,1,1,A,-,08,22107,,N,F,A,A,A,H,-,B,D,0,,,Y,,Y,,C,02,1,0,0,0,0,0,0,0,1,"- ","- ",40.221950531005859,-123.79319000244141,HUMBOLDT,UNINCORPORATED,-123.79319000244141,40.221950531005859
91161962,2019,2020-01-08,9125,2019-12-31,1310,016577,,2,1,9,1200,0,1,3,,2,013,"SR-200 ON-RAMP TO SR-299 E/B",SR-200,1584.00,E,N,A,-,Y,,,,,,,,,,N,2,0,1,2,A,-,07,21658,A,N,B,G,A,B,H,-,A,D,0,,Y,,,Y,,L,04,1,0,0,0,0,0,1,0,0,"- ","- ",40.909420013427734,-124.05264282226562,HUMBOLDT,UNINCORPORATED,,
91181871,2020,2020-02-06,9125,2020-01-30,1015,018958,,4,1,9,1200,0,1,3,,1,060,SR-299,"REDWOOD CREEK BRIDGE",45.00,W,N,A,-,Y,,,299,,,,,,,Y,2,0,3,3,A,-,03,22350,,N,C,C,A,A,D,H,A,D,0,,,,,Y,,A,01,1,0,2,0,0,0,0,0,0,"- ","- ",40.903530120849609,-123.81037139892578,HUMBOLDT,UNINCORPORATED,-123.81037902832031,40.903522491455078
91185577,2020,2020-02-12,9126,2020-02-01,0753,021836,,6,1,9,1200,0,1,2,,2,022,"US-101 NORTHBOUND","WILLIFORD RD",2376.00,S,N,B,-,Y,,,101,,,,,,N,Y,2,0,3,1,A,-,08,22107,,N,E,I,A,B,H,-,A,D,0,,,,,Y,,A,07,2,0,1,0,0,0,0,0,0,"- ","- ",40.288299560546875,-123.89610290527344,HUMBOLDT,UNINCORPORATED,-123.89601898193359,40.288337707519531
91187365,2020,2020-02-17,9125,2020-02-15,0350,021688,,6,3,9,1200,0,3,5,,2,003,"ROHNERVILLE ROAD","PUDDIN LANE",15.00,S,N,A,-,N,,,,,,,,,,Y,2,0,2,1,A,-,01,23152,A,N,E,I,A,A,H,-,D,D,0,,,,,Y,Y,D,22,2,0,0,0,0,0,0,0,0,"- ","- ",40.556800842285156,-124.10569763183594,HUMBOLDT,UNINCORPORATED,-124.10639953613281,40.556873321533203
91211111,2019,2020-06-30,9125,2019-09-13,1952,022154,,5,2,9,1200,0,1,3,,1,065,"STATE ROUTE - 96","DOWNS RANCH RD",770.00,W,N,A,-,Y,,,96,,,,,,,N,1,1,0,2,A,-,11,21954,A,F,G,B,D,A,H,-,D,D,0,Y,,,,Y,Y,N,60,0,0,0,1,0,0,0,0,0,"- ","- ",41.301609039306641,-123.54042053222656,HUMBOLDT,UNINCORPORATED,-123.54041290283203,41.301597595214844
91224216,2020,2020-04-10,9125,2020-04-08,2145,020946,,3,2,9,1200,0,2,4,,1,011,"FIELDBROOK ROAD","OLD RAILROAD GRADE RD",187.00,E,N,A,-,N,,,,,,,,,,Y,2,0,1,1,A,-,01,23152,A,N,E,I,A,A,H,-,D,D,0,,,,,Y,Y,A,01,1,0,0,0,0,0,0,0,0,"- ","- ",40.970230102539062,-124.03852081298828,HUMBOLDT,UNINCORPORATED,-124.03857600000001,40.970154000000001
91229526,2020,2020-04-27,9125,2020-04-19,1535,022095,,7,2,9,1200,0,1,2,,2,018,"US-101 S/B","MAIN STREET",840.00,N,N,A,-,Y,,,101,,,,,,S,Y,2,0,2,2,C,-,18,,,N,E,I,A,A,H,-,A,D,0,,,,,Y,,-,"- ",1,1,0,0,0,0,0,0,0,"- ","- ",41.060909271240234,-124.13690185546875,HUMBOLDT,UNINCORPORATED,-124.13691711425781,41.060871124267578
91269914,2020,2020-07-16,9125,2020-07-12,1000,021313,,7,1,9,1200,0,1,3,,1,065,SR-96,"SLATE CREEK RD",13200.00,E,N,A,-,Y,,,96,,,,,,,Y,2,0,1,1,A,-,08,22107,,N,E,I,A,A,H,-,A,D,0,,,Y,,Y,,C,02,1,0,0,0,0,0,0,0,1,"- ","- ",41.266849517822266,-123.60658264160156,HUMBOLDT,UNINCORPORATED,-123.60651397705078,41.266876220703125
91271747,2020,2020-07-21,9126,2020-07-10,1755,022516,,5,2,9,1200,0,2,4,,1,006,"ALDERPOINT ROAD","CEMETERY ROAD",14784.00,N,N,A,-,N,,,,,,,,,,Y,2,0,1,1,A,-,08,22107,,N,E,I,A,A,H,-,A,D,0,,,,,Y,,D,22,1,0,0,0,0,0,0,0,0,"- ","- ",40.314399719238281,-123.65927124023438,HUMBOLDT,UNINCORPORATED,-123.71288299560547,40.348316192626953
91277331,2020,2020-07-30,9126,2020-07-20,1925,021049,,1,2,9,1200,0,1,2,,1,066,"US 101 N/B","SPROWEL CREEK ROAD",5808.00,S,N,A,-,Y,,,,,,,,,,Y,2,0,1,1,A,-,08,22107,,N,E,I,A,A,H,-,A,D,0,,,,,Y,,A,07,1,0,0,0,0,0,0,0,0,"- ","- ",40.084548950195312,-123.79010772705078,HUMBOLDT,UNINCORPORATED,-123.79026031494141,40.084262847900391
91280722,2020,2020-08-04,9126,2020-07-23,0945,021507,,4,1,9,1200,0,1,2,,2,022,"US-101 N/B","BARKDULL ROAD",3696.00,N,N,A,-,Y,,,101,,,,,,N,Y,2,0,1,2,A,-,08,22107,,N,F,A,A,A,H,-,A,D,0,,,,,Y,,A,07,1,0,0,0,0,0,0,0,0,"- ","- ",40.439079284667969,-124.00061798095703,HUMBOLDT,UNINCORPORATED,-124.00055694580078,40.439155578613281
91285925,2020,2020-08-13,9126,2020-08-10,1845,021507,,1,2,9,1200,0,2,4,,1,002,"BRICELAND THORN ROAD","DOGWOOD LANE",150.00,W,N,A,-,N,,,,,,,,,,Y,2,0,1,1,A,-,01,23152,G,N,E,I,A,A,H,-,A,D,0,,,,,Y,Y,D,22,1,0,0,0,0,0,0,0,0,"- ","- ",40.123970031738281,-123.83051300048828,HUMBOLDT,UNINCORPORATED,,
91295574,2020,2020-08-31,9125,2020-08-21,1515,022095,,5,2,9,1200,0,2,4,,1,010,"CENTRAL AVENUE","CITY CENTER ROAD",60.00,N,N,A,-,N,,,,,,,,,,Y,2,0,1,2,A,-,01,23152,A,N,C,C,A,A,H,-,A,A,0,,,,,Y,Y,A,01,1,0,0,0,0,0,0,0,0,"- ","- ",40.943351745605469,-124.10102081298828,HUMBOLDT,UNINCORPORATED,-124.10098266601562,40.943325042724609
91304134,2020,2020-09-14,9125,2020-08-28,1747,021450,,5,2,9,1200,0,1,3,,1,047,SR-36,"ALDERPOINT RD",13200.00,E,N,B,-,Y,,,36,,,,,,,Y,2,0,2,2,A,-,05,21460,A,N,A,C,A,A,H,-,A,D,0,,,,,Y,,D,22,2,0,0,0,0,0,0,0,0,"- ","- ",40.48583984375,-123.77436065673828,HUMBOLDT,UNINCORPORATED,-123.7742919921875,40.485790252685547
91310325,2020,2020-09-24,9125,2020-07-19,1147,016577,,7,1,9,1200,0,1,2,,2,045,US-101,SR-254,3696.00,N,N,A,-,Y,,,101,,,,,,,N,1,1,0,1,A,-,03,22350,,N,F,A,A,A,H,-,A,D,0,,,Y,,Y,,C,02,0,0,0,0,0,0,0,1,0,"- ","- ",40.447731018066406,-124.03913116455078,HUMBOLDT,UNINCORPORATED,-124.03915405273438,40.447715759277344
91316415,2020,2020-10-02,9125,2020-09-25,1840,021450,,5,2,9,1200,0,1,3,,1,041,SR-211,"OLD MATTOLE RD",4752.00,W,N,C,-,Y,,,,,,,,,,Y,2,0,1,1,A,-,08,22107,,N,F,A,A,B,H,-,B,D,0,,,,,Y,,A,07,1,0,0,0,0,0,0,0,0,"- ","- ",40.346778869628906,-124.34536743164062,HUMBOLDT,UNINCORPORATED,,
91326409,2020,2020-10-19,9125,2020-09-18,1225,021844,,5,1,9,1200,0,2,4,,1,023,"WALNUT DR","GREENBRIAR LN",124.00,S,N,A,-,N,,,,,,,,,,Y,1,1,1,2,A,-,01,23152,G,N,A,C,A,A,H,-,A,D,0,,,Y,,Y,Y,C,02,0,0,1,0,0,0,0,1,0,"- ","- ",40.601051330566406,-124.16957855224609,HUMBOLDT,UNINCORPORATED,-124.14710998535156,40.748500823974609
91333183,2020,2020-10-28,9125,2020-10-19,1555,020895,,1,2,9,1200,0,1,3,,1,026,SR-255,"STARTARE DR",2300.00,N,N,A,-,Y,,,,,,,,,,Y,2,0,4,2,A,-,05,21650,,N,A,C,A,A,H,-,A,D,0,,,,,Y,,D,22,1,3,0,0,0,0,0,0,0,"- ","- ",40.816848754882812,-124.16287994384766,HUMBOLDT,UNINCORPORATED,,
91340028,2020,2020-11-05,9125,2020-10-28,2205,021688,,3,3,9,1200,0,3,5,,2,001,"HILLER ROAD","CENTRAL AVENUE",30.00,W,N,A,-,N,,,,,,,,,,N,2,0,1,2,A,-,11,21954,A,N,G,B,D,A,H,-,C,A,0,Y,,,,Y,Y,N,60,1,0,0,0,1,0,0,0,0,"- ","- ",40.941730499267578,-124.11068725585938,HUMBOLDT,UNINCORPORATED,-124.10108947753906,40.942169189453125
91344187,2020,2020-11-12,9125,2020-10-30,1725,021450,,5,2,9,1200,0,1,3,,1,047,SR-36,"REDWOOD HOUSE RD",3168.00,E,N,A,-,Y,,,36,,,,,,,Y,2,0,3,3,A,-,08,22107,,N,B,C,A,A,H,-,A,D,0,,,,,Y,,A,07,1,2,0,0,0,0,0,0,0,"- ","- ",40.492271423339844,-123.96909332275391,HUMBOLDT,UNINCORPORATED,-123.96925354003906,40.492259979248047
91348867,2020,2020-11-19,9125,2020-11-15,1845,019243,,7,2,9,1200,0,3,5,,2,001,"SUTTER RD","WEIRUP LN",0.00,,Y,B,-,N,,,,,,,,,,Y,2,0,3,2,A,-,01,23152,,N,A,C,A,B,H,-,C,D,0,,,,,Y,Y,D,22,2,0,1,0,0,0,0,0,0,"- ","- ",40.936038970947266,-124.09912109375,HUMBOLDT,UNINCORPORATED,-124.09915161132812,40.936050415039062
91371996,2020,2020-12-21,9125,2020-12-12,1850,021450,,6,2,9,1200,0,2,4,,1,031,"ELK RIVER ROAD","PINE STREET",590.00,S,N,B,-,N,,,,,,,,,,N,2,0,1,2,A,-,03,22350,,F,G,B,E,B,H,-,D,D,0,Y,,,,Y,,D,22,1,0,0,0,1,0,0,0,0,"- ","- ",40.750999450683594,-124.18514251708984,HUMBOLDT,UNINCORPORATED,,
91375013,2020,2020-12-24,9125,2020-12-21,1203,014428,,1,1,9,1200,0,1,3,,1,026,"NEW NAVY BASE RD","COOKHOUSE RD",1584.00,N,N,B,-,Y,,,,,,,,,,Y,2,0,1,1,A,-,03,22350,,N,F,A,A,A,H,-,A,D,0,,,Y,,Y,,C,02,1,0,0,0,0,0,0,0,1,"- ","- ",40.825740814208984,-124.17649841308594,HUMBOLDT,UNINCORPORATED,,
91388288,2020,2021-01-22,9125,2020-11-24,1058,016241,,2,1,9,1200,0,1,3,,1,048,SR-36,"BUCK MOUNTAIN ROAD",10032.00,E,N,A,-,Y,,,36,,,,,,,Y,1,1,0,1,A,-,01,23152,G,N,E,I,A,A,H,-,A,D,0,,,,,Y,Y,D,22,0,0,0,0,0,0,0,0,0,"- ","- ",40.492088317871094,-123.59501647949219,HUMBOLDT,UNINCORPORATED,-123.59503936767578,40.492019653320312
91399770,2021,2021-02-01,9126,2021-01-29,2105,021724,,5,2,9,1200,0,1,3,,1,020,SR-254,"BOY SCOUT ROAD",6864.00,N,N,C,-,Y,,,254,,,,,,,Y,2,0,1,1,A,-,01,23152,A,N,E,I,A,B,H,-,D,D,0,,,,,Y,Y,A,07,1,0,0,0,0,0,0,0,0,"- ","- ",40.283878326416016,-123.89073181152344,HUMBOLDT,UNINCORPORATED,-123.89072418212891,40.283893585205078
91420123,2021,2021-03-03,9125,2021-02-24,1325,016241,,3,1,9,1200,0,1,2,,2,044,"US 101 SOUTHBOUND","SINGLEY ROAD UNDERCROSSING",1320.00,N,N,A,-,Y,,,,,,,,,,Y,2,0,2,2,A,-,07,21658,A,F,E,I,A,A,H,-,A,D,0,,,,,Y,,-,99,1,0,1,0,0,0,0,0,0,"- ","- ",40.623260498046875,-124.21405792236328,HUMBOLDT,UNINCORPORATED,-124.2115478515625,40.652446746826172
91421533,2021,2021-03-05,9125,2021-02-26,1344,021815,,5,1,9,1200,0,3,5,,2,005,"PINE CREEK RD","REDWOOD GROVE RD",1584.00,S,N,B,-,N,,,,,,,,,,Y,2,0,2,2,A,-,05,21650,,N,E,I,A,B,H,-,A,D,0,,,,,Y,,D,22,1,1,0,0,0,0,0,0,0,"- ","- ",41.066268920898438,-123.69503021240234,HUMBOLDT,UNINCORPORATED,-123.69461059570312,41.067535400390625
91433075,2021,2021-03-23,9126,2021-01-04,1717,021102,,1,2,9,1200,0,1,2,,2,022,"US-101 S/B","HIGH ROCK ROAD UNDERCROSSING",2904.00,N,N,B,C,Y,,,101,,,,,,S,Y,1,1,0,1,A,-,08,22107,,N,E,I,A,B,H,-,B,D,0,,,,,Y,,D,22,0,0,0,0,0,0,0,0,0,"- ","- ",40.383480072021484,-123.92913055419922,HUMBOLDT,UNINCORPORATED,-123.92913055419922,40.383480072021484
91438828,2021,2021-03-30,9125,2021-03-13,1938,020895,,6,2,9,1200,0,2,4,,1,020,"MYRTLE AVE","17TH ST",0.00,,Y,A,-,N,,,,,,,,,,N,2,0,1,2,A,-,11,21954,A,N,G,B,D,A,H,-,D,D,0,Y,,,,Y,,N,60,1,0,0,0,1,0,0,0,0,"- ","- ",40.793270111083984,-124.13524627685547,HUMBOLDT,UNINCORPORATED,-124.13526916503906,40.793281555175781
91438993,2021,2021-03-30,9125,2021-03-25,1520,020895,,4,2,9,1200,0,1,2,,1,024,"US-101 N/B","HARPER MOTORS DRIVEWAY",0.00,,Y,A,-,Y,,,101,,,,,,N,Y,2,0,2,2,A,-,09,21802,A,N,D,C,A,A,H,-,A,A,0,,,,,Y,,A,07,1,0,1,0,0,0,0,0,0,"- ","- ",40.809539794921875,-124.11405181884766,HUMBOLDT,UNINCORPORATED,-124.11407470703125,40.809585571289062
9145989,2020,2020-10-10,1203,2020-08-20,2236,4086,P62,4,5,4,1203,0,0,0,,0,003,"E ST","HARRIS ST",0.00,,Y,A,-,N,,,,,,,,,,Y,2,0,1,2,A,-,12,21453,A,N,D,C,A,A,H,-,C,A,0,,,,,Y,,D,22,1,0,0,0,0,0,0,0,0,"- ","- ",40.780059814453125,-124.16468048095703,HUMBOLDT,EUREKA,-124.16468811035156,40.780441284179688
91463388,2021,2021-05-27,9125,2021-04-20,0914,021313,,2,1,9,1200,0,1,3,,1,065,SR-96,"RED CAP RD",1795.00,E,N,A,-,Y,,,,,,,,,,Y,2,0,1,1,A,-,08,22107,,N,F,A,A,A,H,-,A,D,0,,,,,Y,,A,07,1,0,0,0,0,0,0,0,0,"- ","- ",38.604900360107422,-121.28040313720703,HUMBOLDT,UNINCORPORATED,-123.528076171875,41.306907653808594
91469140,2021,2021-05-27,9125,2021-05-03,0140,021313,,1,3,9,1200,0,1,3,,1,061,SR-299,"M & W RANCH RD",1267.00,E,N,A,-,Y,,,299,,,,,,,Y,2,0,1,1,A,-,08,22107,,N,E,8,A,A,H,-,D,D,0,,,,,Y,,J,48,1,0,0,0,0,0,0,0,0,"- ","- ",40.930908203125,-123.68264770507812,HUMBOLDT,UNINCORPORATED,-123.68267059326172,40.93109130859375
9147792,2020,2020-09-22,1203,2020-07-01,0945,0496,P60,3,5,4,1203,0,0,0,,0,002,BURRILL,PROSPECT,115.00,E,N,A,-,N,,,,,,,,,,N,2,0,2,4,A,-,13,22515,A,N,C,E,E,A,H,-,A,D,0,Y,,,,Y,,D,22,1,1,0,0,2,0,0,0,0,"- ","- ",40.778450012207031,-124.17888641357422,HUMBOLDT,EUREKA,-124.17848205566406,40.778419494628906
9159511,2019,2020-12-17,1205,2019-10-16,1318,0112,105,3,5,3,1205,0,0,0,,0,,"MAIN ST","6TH ST",337.00,W,N,A,-,N,,,,,,,,,,Y,2,0,2,2,A,-,07,21658,A,N,A,C,A,A,H,-,A,D,0,,,,,Y,,A,01,2,0,0,0,0,0,0,0,0,"- ","- ",40.577140808105469,-124.26252746582031,HUMBOLDT,FORTUNA,-124.16265106201172,40.598796844482422
91607381,2021,2021-10-27,9125,2021-10-07,0140,022238,,4,3,9,1200,0,3,5,,2,002,"STARLING AVENUE","DARREN ALLEN LANE",12.00,E,N,A,-,N,,,,,,,,,,N,2,0,1,1,A,-,08,22107,,N,E,I,A,A,H,-,C,D,0,,,,,Y,,M,96,1,0,0,0,0,0,0,0,0,"- ","- ",40.936389923095703,-124.08267974853516,HUMBOLDT,UNINCORPORATED,-124.08271789550781,40.936470031738281
91657793,2021,2021-12-21,9125,2021-11-03,1852,021929,Hoopa,3,2,9,1200,0,3,5,,2,005,SR-96,"CAL PACK ROAD",350.00,N,N,B,C,Y,,,96,,,,,,,Y,1,1,0,2,A,-,01,23152,F,N,D,C,A,B,H,-,D,D,0,,,Y,,Y,,C,02,0,0,0,0,0,0,0,1,0,"- ","- ",41.029041290283203,-123.66062164306641,HUMBOLDT,UNINCORPORATED,-123.66060638427734,41.029067993164062
91663378,2021,2021-12-28,9125,2021-12-11,1150,019243,,6,1,9,1200,0,1,3,,1,060,SR-299,"BLUE LAKE BLVD",33792.00,E,N,B,C,Y,,,299,,,,,,,Y,2,0,2,1,A,-,03,22350,,N,E,9,A,B,H,-,A,D,0,,,,,Y,,A,01,1,1,0,0,0,0,0,0,0,"- ","- ",40.933708190917969,-123.90038299560547,HUMBOLDT,UNINCORPORATED,-123.90057373046875,40.933750152587891
91665890,2021,2021-12-29,9125,2021-11-30,0345,022654,,2,3,9,1200,0,1,3,,1,025,"STATE ROUTE 255 NORTHBOUND","V STREET",305.00,W,N,A,-,Y,,,255,,,,,,N,Y,2,0,1,1,A,-,01,23152,A,N,E,I,A,A,H,-,D,D,0,,,,,Y,Y,A,07,1,0,0,0,0,0,0,0,0,"- ","- ",40.868000030517578,-124.10730743408203,HUMBOLDT,UNINCORPORATED,-124.10730743408203,40.868106842041016
91667674,2021,2021-12-31,9126,2021-12-25,1420,021827,,6,2,9,1200,0,3,5,,2,444,"SEWELL DRIVE","SPRING STREET",150.00,N,N,B,-,N,,,,,,,,,,Y,2,0,1,1,A,-,01,23152,A,N,F,A,A,B,H,-,A,D,0,,,,,Y,Y,A,07,1,0,0,0,0,0,0,0,0,"- ","- ",40.321941375732422,-123.92076110839844,HUMBOLDT,UNINCORPORATED,-123.92073822021484,40.321998596191406
91679800,2022,2022-01-18,9125,2022-01-03,1210,014643,,1,1,9,1200,0,1,2,,2,016,"US-101 SOUTHBOUND","CALTRANS SAND HOUSE",3168.00,S,N,B,C,Y,HUM,,101,,R,131.767,H,,L,Y,2,0,2,1,A,-,03,22350,,N,E,I,A,B,H,-,A,D,0,,,,,Y,,A,07,1,1,0,0,0,0,0,0,0,"- ","- ",41.406089782714844,-123.99974060058594,HUMBOLDT,UNINCORPORATED,-123.99970245361328,41.406200408935547
91751105,2022,2022-04-19,9125,2022-04-08,1715,020988,,5,2,9,1200,0,1,2,,2,018,"RT 101","HAMMOND TRUCK ROAD",3168.00,N,N,A,-,Y,HUM,,101,,,110.038,H,,R,Y,2,0,1,2,A,-,05,21460,A,N,B,C,A,A,H,-,A,D,0,,,,,Y,,A,01,1,0,0,0,0,0,0,0,0,"- ","- ",41.171199798583984,-124.10189056396484,HUMBOLDT,UNINCORPORATED,-124.10189056396484,41.171199798583984
91772522,2022,2022-05-25,9125,2022-04-25,1135,016241,,1,1,9,1200,0,1,2,,2,030,"US 101 SOUTHBOUND TO HUMBOLDT HILL ROAD","SPRUCE POINT OVERCROSSING",0.00,,N,B,-,Y,HUM,,101,,,73.744,H,,L,N,2,0,2,3,A,-,01,23152,A,N,D,C,A,A,H,-,A,D,0,,,,,Y,Y,D,22,1,0,1,0,0,0,0,0,0,"- ","- ",40.745441436767578,-124.19947052001953,HUMBOLDT,UNINCORPORATED,-124.19947814941406,40.745449066162109
91775887,2022,2022-05-19,9125,2022-05-11,0100,021688,,3,3,9,1200,0,1,3,,1,047,"STATE ROUTE 36","FERN LANE",235.00,W,N,A,-,Y,HUM,,36,,,4.338,H,,R,Y,2,0,1,1,A,-,08,22107,,N,E,I,A,A,H,-,D,D,0,,,,,Y,,D,22,1,0,0,0,0,0,0,0,0,"- ","- ",40.539138793945312,-124.07254791259766,HUMBOLDT,UNINCORPORATED,-124.07239532470703,40.539180755615234
91784320,2021,2022-05-30,9126,2021-10-16,1815,022610,,6,2,9,1200,0,3,5,,2,444,"HOAGLAND ROAD","ZENIA BLUFF RD",13570.00,N,N,A,-,N,,,,,,,,,,Y,1,1,0,1,A,-,08,22107,,N,F,A,A,A,H,-,B,D,0,,,,,Y,,D,22,0,0,0,0,0,0,0,0,0,"- ","- ",40.162158966064453,-123.56501007080078,HUMBOLDT,UNINCORPORATED,-123.57994079589844,40.184471130371094
91802303,2022,2022-06-23,9126,2022-06-13,0405,022420,,1,3,9,1200,0,1,2,,1,066,US-101,"COOKS VALLEY PATRIOT STATION",3960.00,N,N,A,-,Y,HUM,,101,,,1.394,H,,R,Y,2,0,2,1,A,-,08,22107,,N,E,I,A,A,H,-,D,D,0,,,,,Y,,A,01,1,1,0,0,0,0,0,0,0,"- ","- ",40.018558502197266,-123.79125213623047,HUMBOLDT,UNINCORPORATED,-123.79122924804688,40.018558502197266
91802331,2022,2022-06-23,9126,2022-06-15,2145,022815,,3,2,9,1200,0,1,2,,1,066,"US-101 N/B","LAKE BENBOW DR",3696.00,N,N,A,-,Y,,,,,,,,,,Y,2,0,1,1,C,-,18,,,N,E,I,A,A,H,-,D,D,0,,,Y,,Y,,-,"- ",1,0,0,0,0,0,0,0,1,"- ","- ",40.014961242675781,-123.79058837890625,HUMBOLDT,UNINCORPORATED,-123.79103088378906,40.074287414550781
91819265,2022,2022-07-18,9125,2022-07-07,1615,020962,,4,2,9,1200,0,3,5,,2,001,"DOWS PRAIRIE RD","ARTHUR LN",0.00,,Y,A,-,N,,,,,,,,,,N,2,0,1,2,A,-,09,21804,A,N,H,G,A,A,H,-,A,A,0,,Y,,,Y,,A,01,1,0,0,0,0,0,1,0,0,"- ","- ",40.983310699462891,-124.09851837158203,HUMBOLDT,UNINCORPORATED,-124.09851837158203,40.983364105224609
91820767,2022,2022-07-19,9125,2022-07-18,1708,020962,,1,2,9,1200,0,2,4,,1,011,"MURRAY RD","ARTHUR LN",2112.00,E,N,A,-,N,,,,,,,,,,Y,2,0,2,1,A,-,01,23152,A,N,E,I,A,A,H,-,A,D,0,,,,,Y,Y,A,01,1,0,1,0,0,0,0,0,0,"- ","- ",40.969371795654297,-124.05728912353516,HUMBOLDT,UNINCORPORATED,-124.05818939208984,40.969295501708984