CASE_ID,ACCIDENT_YEAR,PROC_DATE,JURIS,COLLISION_DATE,COLLISION_TIME,OFFICER_ID,REPORTING_DISTRICT,DAY_OF_WEEK,CHP_SHIFT,POPULATION,CNTY_CITY_LOC,SPECIAL_COND,BEAT_TYPE,CHP_BEAT_TYPE,CITY_DIVISION_LAPD,CHP_BEAT_CLASS,BEAT_NUMBER,PRIMARY_RD,SECONDARY_RD,DISTANCE,DIRECTION,INTERSECTION,WEATHER_1,WEATHER_2,STATE_HWY_IND,CALTRANS_COUNTY,CALTRANS_DISTRICT,STATE_ROUTE,ROUTE_SUFFIX,POSTMILE_PREFIX,POSTMILE,LOCATION_TYPE,RAMP_INTERSECTION,SIDE_OF_HWY,TOW_AWAY,COLLISION_SEVERITY,NUMBER_KILLED,NUMBER_INJURED,PARTY_COUNT,PRIMARY_COLL_FACTOR,PCF_CODE_OF_VIOL,PCF_VIOL_CATEGORY,PCF_VIOLATION,PCF_VIOL_SUBSECTION,HIT_AND_RUN,TYPE_OF_COLLISION,MVIW,PED_ACTION,ROAD_SURFACE,ROAD_COND_1,ROAD_COND_2,LIGHTING,CONTROL_DEVICE,CHP_ROAD_TYPE,PEDESTRIAN_ACCIDENT,BICYCLE_ACCIDENT,MOTORCYCLE_ACCIDENT,TRUCK_ACCIDENT,NOT_PRIVATE_PROPERTY,ALCOHOL_INVOLVED,STWD_VEHTYPE_AT_FAULT,CHP_VEHTYPE_AT_FAULT,COUNT_SEVERE_INJ,COUNT_VISIBLE_INJ,COUNT_COMPLAINT_PAIN,COUNT_PED_KILLED,COUNT_PED_INJURED,COUNT_BICYCLIST_KILLED,COUNT_BICYCLIST_INJURED,COUNT_MC_KILLED,COUNT_MC_INJURED,PRIMARY_RAMP,SECONDARY_RAMP,LATITUDE,LONGITUDE,COUNTY,CITY,POINT_X,POINT_Y
91821100,2022,2022-07-20,9125,2022-07-12,0740,022945,,2,1,9,1200,0,2,4,,1,020,"MYRTLE AVE","FRESHWATER RD",1056.00,N,N,B,-,N,,,,,,,,,,Y,2,0,2,2,A,-,05,21460,A,N,A,C,A,A,H,-,A,D,0,,,,,Y,,A,01,1,1,0,0,0,0,0,0,0,"- ","- ",40.78839111328125,-124.08545684814453,HUMBOLDT,UNINCORPORATED,-124.08512115478516,40.788402557373047
91834268,2022,2022-08-05,9125,2022-07-28,1443,022154,,4,2,9,1200,0,1,2,,2,022,"US-101 NORTHBOUND","INDIANOLA CUTOFF",0.00,,Y,A,-,Y,HUM,,101,,,82.673,H,,R,Y,2,0,2,2,A,-,09,21801,A,N,D,C,A,A,H,-,A,D,0,,,,,Y,,A,07,1,0,1,0,0,0,0,0,0,"- ","- ",40.820228576660156,-124.09320068359375,HUMBOLDT,UNINCORPORATED,-124.09325408935547,40.820289611816406
91834829,2022,2022-08-08,9125,2022-07-26,1725,022154,,2,2,9,1200,0,1,2,,2,022,"US-101 SOUTHBOUND","ST. LOUIS ROAD OVERCROSSING",153.00,N,N,A,-,Y,HUM,,101,,,87.506,H,,L,Y,2,0,2,2,A,-,01,23152,A,N,C,4,A,A,H,-,A,D,0,,,,,Y,Y,A,07,2,0,0,0,0,0,0,0,0,"- ","- ",40.886661529541016,-124.07996368408203,HUMBOLDT,UNINCORPORATED,-124.07986450195312,40.886653900146484
91838133,2022,2022-08-11,9125,2022-06-17,0220,022154,,5,3,9,1200,0,2,4,,1,042,"CENTERVILLE ROAD","POOLE ROAD",1056.00,W,N,A,-,N,,,,,,,,,,Y,2,0,4,1,A,-,01,23152,A,N,F,A,A,A,H,-,D,D,0,,,,,Y,Y,D,22,1,3,0,0,0,0,0,0,0,"- ","- ",40.574310302734375,-124.34664154052734,HUMBOLDT,UNINCORPORATED,-124.33871459960938,40.575855255126953
91844402,2022,2022-08-19,9126,2022-08-09,1500,021836,,2,2,9,1200,0,1,2,,1,066,US-101,"MILKYWAY LOOP",1056.00,N,N,A,-,Y,HUM,,101,,,0.701,H,,R,Y,2,0,4,2,A,-,01,23152,F,N,D,C,A,A,H,-,A,D,0,,,,Y,Y,,D,22,3,1,0,0,0,0,0,0,0,"- ","- ",40.008800506591797,-123.79004669189453,HUMBOLDT,UNINCORPORATED,-123.78995513916016,40.008827209472656
91868926,2022,2022-09-20,9125,2022-09-14,1040,016241,,3,1,9,1200,0,1,3,,1,048,SR-36,"COTTRELL RANCH ROAD",10560.00,W,N,A,-,Y,,,,,,,,,,Y,2,0,1,1,A,-,08,22107,,N,F,A,A,A,H,-,A,D,0,,,,,Y,,A,01,1,0,0,0,0,0,0,0,0,"- ","- ",,,HUMBOLDT,UNINCORPORATED,,
91885444,2022,2022-11-23,9125,2022-08-20,0210,022265,,6,3,9,1200,0,3,5,,2,004,"GRIZZLY BLUFF RD","WITMAN LANE",759.00,W,N,B,-,N,,,,,,,,,,Y,1,1,0,1,A,-,01,23152,A,N,E,I,A,A,H,-,D,D,0,,,,,Y,Y,A,01,0,0,0,0,0,0,0,0,0,"- ","- ",40.573310852050781,-124.23365020751953,HUMBOLDT,UNINCORPORATED,-124.23349761962891,40.573333740234375
91946154,2022,2022-12-19,9125,2022-12-11,1230,021929,HOOPA,7,1,9,1200,0,3,5,,2,005,SR-96,"DEERHORN ROAD",12936.00,S,N,A,-,Y,HUM,,96,,R,18.961,H,,R,Y,2,0,1,1,A,-,01,23152,A,N,F,A,A,B,H,-,A,D,0,,,,,Y,Y,D,22,1,0,0,0,0,0,0,0,0,"- ","- ",41.140781402587891,-123.68341064453125,HUMBOLDT,UNINCORPORATED,-123.68335723876953,41.140941619873047
91948578,2022,2023-01-05,9125,2022-12-09,1759,021102,,5,2,9,1200,0,1,2,,2,044,"US-101 N/B","LOLETA DRIVE",50.00,S,N,B,C,Y,HUM,,101,,,65.935,H,,R,N,2,0,2,2,C,-,18,,,N,E,2,A,B,H,-,D,D,0,,,,,Y,,-,"- ",2,0,0,0,0,0,0,0,0,"- ","- ",40.641700744628906,-124.20937347412109,HUMBOLDT,UNINCORPORATED,-124.20929718017578,40.641681671142578
91963190,2022,2023-02-14,9125,2022-09-01,1548,022677,,4,2,9,1200,0,1,3,,1,048,SR-36,"ANDERSON FORD ROAD",565.00,W,N,A,-,Y,HUM,,36,,,42.155,H,,R,Y,1,1,3,2,A,-,05,21460,A,N,A,2,A,A,H,-,A,D,0,,,Y,,Y,,C,02,1,2,0,0,0,0,0,1,0,"- ","- ",40.492389678955078,-123.59803771972656,HUMBOLDT,UNINCORPORATED,-123.59803771972656,40.492393493652344
92017993,2022,2023-03-14,9125,2022-09-22,1445,019243,,4,2,9,1200,0,1,2,,2,018,US-101,"MAIN ST",4224.00,S,N,A,-,Y,HUM,,101,,,99.968,H,,R,Y,1,1,2,3,A,-,01,23152,F,N,D,C,A,A,D,-,A,A,0,,,,,Y,,A,01,1,1,0,0,0,0,0,0,0,"- ","- ",41.055908203125,-124.12750244140625,HUMBOLDT,UNINCORPORATED,-124.12739562988281,41.055995941162109
92037072,2023,2023-04-04,9125,2023-01-14,2314,022677,,6,3,3,1205,0,1,2,,2,044,"US 101 NB","FORTUNA MAIN STREET UC",597.00,S,N,C,-,Y,HUM,,101," "," ",61.352,H,,R,Y,1,1,0,2,A,-,11,21953,,N,G,1,E,B,H,-,C,D,0,Y,,,,Y,Y,N,60,0,0,0,1,0,0,0,0,0,"- ","- ",40.597240447998047,-124.16478729248047,HUMBOLDT,FORTUNA,-124.164794921875,40.59722900390625
92062999,2023,2023-05-08,9125,2023-04-28,2030,020988,,5,2,9,1200,0,2,4,,1,011,"FIELDBROOK ROAD","PARKER LANE",2640.00,N,N,B,-,N,,,,,,,,,,Y,2,0,2,2,A,-,01,23152,A,N,A,C,A,A,H,-,B,D,0,,,,,Y,Y,D,22,1,1,0,0,0,0,0,0,0,"- ","- ",40.912860870361328,-124.02308654785156,HUMBOLDT,UNINCORPORATED,-124.02303314208984,40.912918090820312
92074352,2023,2023-06-02,9125,2023-05-13,1510,023159,HOOPA,6,2,9,1200,0,1,3,,1,050,"SR-96 (TRINITY RIVER HIGHWAY)","CAMPBELL CREEK RD",2112.00,S,N,A,-,Y,HUM,,96," "," ",8.682,H,,R,Y,2,0,1,1,B,-,22,,,N,F,0,A,A,H,-,A,D,0,,,Y,,Y,,C,02,1,0,0,0,0,0,0,0,1,"- ","- ",41.019481658935547,-123.64801788330078,HUMBOLDT,UNINCORPORATED,-123.64795684814453,41.019550323486328
92089663,2022,2023-06-08,9126,2022-11-19,1554,022466,,6,2,9,1200,0,1,2,,2,022,"US-101 NORTHBOUND","MPM 101 HUM 30.32",251.00,N,N,B,-,Y,HUM,,101,,,30.380,H,,R,Y,1,1,1,2,A,-,08,22107,,N,D,C,A,A,H,-,A,D,0,,,,,Y,,A,07,1,0,0,0,0,0,0,0,0,"- ","- ",40.292461395263672,-123.89476013183594,HUMBOLDT,UNINCORPORATED,-123.89467620849609,40.292427062988281
92090771,2023,2023-06-12,9125,2023-06-02,1735,021102,,5,2,9,1200,0,1,2,,1,024,US-101,"BAYSIDE CUTOFF",425.00,S,N,A,-,Y,HUM,,101," "," ",83.816,H,,R,N,2,0,1,1,A,-,01,23152,A,N,F,I,A,A,H,-,A,D,0,,,Y,,Y,Y,C,02,1,0,0,0,0,0,0,0,1,"- ","- ",40.833518981933594,-124.08187866210938,HUMBOLDT,UNINCORPORATED,-124.08183288574219,40.833518981933594
9211450,2020,2021-01-22,1203,2020-10-24,1047,4043,P31,6,5,4,1203,0,0,0,,0,002,"RT 101","WABASH AV",0.00,,Y,A,-,Y,HUM,1,101,-,-,77.299,I,5,S,Y,1,1,0,2,A,-,05,21650,1,N,H,G,A,A,H,-,A,A,0,,Y,,,Y,,L,04,0,0,0,0,0,1,0,0,0,"- ","- ",40.791511535644531,-124.17835235595703,HUMBOLDT,EUREKA,-124.17844390869141,40.791511535644531
9212470,2020,2021-01-21,1203,2020-12-15,1715,4043,P17,2,5,4,1203,0,0,0,,0,001,"RT 101","L ST",16.00,W,N,B,-,Y,HUM,1,101,-,-,78.840,H,-,S,Y,2,0,1,2,A,-,11,21950,B,N,G,B,D,B,H,-,C,D,0,Y,,,,Y,,N,60,1,0,0,0,1,0,0,0,0,"- ","- ",,,HUMBOLDT,EUREKA,-124.15978240966797,40.80364990234375
92133585,2023,2023-08-01,9125,2023-07-24,1245,023137,,1,1,9,1200,0,3,5,,2,006,SR-299,"CEDAR CREEK RD",6336.00,W,N,A,-,Y,HUM,,299," "," ",32.886,H,,R,Y,2,0,1,1,A,-,03,22350,,N,F,A,A,A,H,-,A,A,0,,,,,Y,,E,22,1,0,0,0,0,0,0,0,0,"- ","- ",40.908111572265625,-123.71382141113281,HUMBOLDT,UNINCORPORATED,-123.71381378173828,40.908123016357422
92161703,2023,2023-09-04,9125,2023-08-23,1651,020962,,3,2,9,1200,0,1,2,,2,019,"US-101 S/B","AIRPORT RD",137.00,N,N,A,-,Y,HUM,,101," ",R,93.890,H,,L,N,2,0,1,1,A,-,08,22107,,N,E,8,A,A,H,-,A,D,0,,,,,Y,,A,01,1,0,0,0,0,0,0,0,0,"- ","- ",40.969280242919922,-124.11620330810547,HUMBOLDT,UNINCORPORATED,-124.11611175537109,40.969280242919922
92175920,2023,2023-12-13,9125,2023-09-12,"557 ",020946,,2,3,9,1200,0,1,2,,2,044,"US-101 S/B","PALMER BLVD",528.00,S,N,A,-,Y,HUM,,101," "," ",62.071,H,,L,N,2,0,1,2,A,-,11,21954,A,F,G,B,E,A,H,-,D,D,0,Y,,,,Y,,N,60,1,0,0,0,1,0,0,0,0,"- ","- ",40.603538513183594,-124.17566680908203,HUMBOLDT,UNINCORPORATED,-124.17565155029297,40.603557586669922
92193964,2023,2023-10-19,9125,2023-10-06,2340,021919,,5,3,9,1200,0,2,4,,1,020,"MYRTLE AVENUE","FRESHWATER ROAD",330.00,S,N,A,-,N,,,,,,,,,,Y,2,0,3,3,A,-,01,23152,A,F,A,C,A,A,H,-,D,D,0,,,,,Y,Y,A,07,2,1,0,0,0,0,0,0,0,"- ","- ",40.784660339355469,-124.08570861816406,HUMBOLDT,UNINCORPORATED,-124.08563995361328,40.784641265869141
92237169,2023,2023-11-15,9126,2023-11-03,1410,022695,,5,2,9,1200,0,1,2,,2,022,"US-101 SOUTHBOUND","NEWTON ROAD",13728.00,S,N,A,-,Y,HUM,,101," "," ",30.529,H,,L,Y,2,0,1,1,A,-,08,22107,,N,E,8,A,A,H,-,A,D,0,,,,,Y,,A,01,1,0,0,0,0,0,0,0,0,"- ","- ",40.294368743896484,-123.89347076416016,HUMBOLDT,UNINCORPORATED,-123.89360046386719,40.294403076171875
92242754,2023,2023-11-22,9125,2023-11-10,"842 ",023179,,5,1,9,1200,0,1,3,,1,062,SR-299,"NOBLE DR",1056.00,N,N,A,-,Y,HUM,,96," "," ",3.144,H,,R,Y,2,0,3,2,A,-,03,22350,,F,A,2,A,A,H,-,A,D,0,,,,,Y,,D,22,2,1,0,0,0,0,0,0,0,"- ","- ",40.980789184570312,-123.63966369628906,HUMBOLDT,UNINCORPORATED,-123.63967132568359,40.980792999267578
92278402,2023,2024-01-03,9126,2023-10-31,"20  ",023141,,2,3,9,1200,0,1,2,,1,066,US-101,"MPM 101 HUM 1.78",106.00,S,N,A,-,Y,HUM,,101," "," ",1.702,H,,R,Y,1,1,1,1,A,-,08,22107,,N,E,8,A,A,H,-,D,D,0,,,,,Y,,D,22,1,0,0,0,0,0,0,0,0,"- ","- ",40.0224609375,-123.79371643066406,HUMBOLDT,UNINCORPORATED,-123.79376220703125,40.022445678710938
92298912,2024,2024-01-29,9125,2024-01-26,2150,022383,,5,2,9,1200,0,1,3,,1,062,SR-96,"TRINITY VIEW ROAD",2640.00,E,N,B,-,Y,HUM,,96," "," ",4.127,H,,R,Y,2,0,1,1,A,-,01,23152,A,N,E,I,A,B,H,-,D,D,0,,,,,Y,Y,D,22,1,0,0,0,0,0,0,0,0,"- ","- ",40.993709564208984,-123.63474273681641,HUMBOLDT,UNINCORPORATED,-123.63470458984375,40.993679046630859
92375175,2024,2024-04-25,9125,2024-04-20,2500,023137,T107,6,4,9,1200,0,3,5,,2,005,SR-96,"MILL CREEK RD.",19008.00,E,N,A,-,Y,HUM,,96," ",R,18.982,H,,R,Y,2,0,2,1,B,-,22,,,N,F,A,A,A,H,-,D,D,0,,,,,Y,Y,D,22,1,1,0,0,0,0,0,0,0,"- ","- ",41.141021728515625,-123.68376922607422,HUMBOLDT,UNINCORPORATED,-123.68372344970703,41.141067504882812
92390784,2024,2024-05-15,9125,2024-05-09,1640,023179,T107,4,2,9,1200,0,1,3,,1,050,SR-96,"PINE CREEK RD",0.00,,Y,A,-,Y,HUM,,96," "," ",11.892,H,,R,N,2,0,1,2,B,-,22,,,N,D,C,A,A,H,-,A,A,0,,,Y,,Y,,A,01,1,0,0,0,0,0,0,0,1,"- ","- ",41.056049346923828,-123.68113708496094,HUMBOLDT,UNINCORPORATED,-123.68109130859375,41.05609130859375
9241911,2021,2021-04-19,1203,2021-03-21,1551,4084,P27,7,5,4,1203,0,0,0,,0,003,MYRTLE,8TH,183.00,N,N,A,-,N,,,,,,,,,,Y,2,0,1,1,A,-,01,23152,A,M,E,I,A,A,H,-,A,D,0,,,,,Y,Y,A,01,1,0,0,0,0,0,0,0,0,"- ","- ",40.799770355224609,-124.15141296386719,HUMBOLDT,EUREKA,-124.15137481689453,40.801822662353516
92425172,2024,2024-08-14,9125,2024-03-31,1647,016241,,7,2,9,1200,0,1,2,,2,044,"US-101 NORTHBOUND","FERNBRIDGE DRIVE",2323.00,N,N,B,-,Y,HUM,,101," "," ",63.592,H,,R,Y,1,1,1,1,A,-,08,22107,,N,E,I,A,A,H,-,A,D,0,,,,,Y,,D,22,1,0,0,0,0,0,0,0,0,"- ","- ",40.616741180419922,-124.19837951660156,HUMBOLDT,UNINCORPORATED,-124.19843292236328,40.616653442382812
9274821,2021,2021-07-15,1203,2021-06-06,0510,4084,P37,7,5,4,1203,0,0,0,,0,002,"BROADWAY ST","VIGO ST",700.00,N,N,A,-,Y,HUM,1,101,-,-,76.880,H,-,N,Y,2,0,1,3,A,-,01,23152,A,N,C,E,A,A,H,-,B,A,0,,,,,Y,Y,D,22,1,0,0,0,0,0,0,0,0,"- ","- ",40.785518646240234,-124.18148040771484,HUMBOLDT,EUREKA,-124.18158721923828,40.785816192626953
9315967,2021,2021-09-16,1203,2021-08-04,1239,4043,P17,3,5,4,1203,0,0,0,,0,001,"H ST","5TH ST",0.00,,Y,A,-,Y,HUM,1,101,-,-,78.626,I,5,N,Y,2,0,4,3,A,-,12,21453,A,N,D,C,A,A,H,-,A,A,0,,,,,Y,,A,01,1,3,0,0,0,0,0,0,0,"- ","- ",40.802230834960938,-124.163818359375,HUMBOLDT,EUREKA,-124.16379547119141,40.802200317382812
9346020,2021,2021-10-29,1203,2021-09-22,1720,4124,P50,3,5,4,1203,0,0,0,,0,003,"HARRISON AV","RENFREW ST",0.00,,Y,A,-,N,,,,,,,,,,N,2,0,1,2,A,-,10,21950,A,N,G,B,D,A,H,-,A,A,0,Y,,,,Y,,D,22,1,0,0,0,1,0,0,0,0,"- ","- ",40.785240173339844,-124.13995361328125,HUMBOLDT,EUREKA,-124.13964080810547,40.785427093505859
9379000,2021,2021-12-31,1203,2021-10-08,2012,4101,P51,5,5,4,1203,0,0,0,,0,002,"RT 101","N MALL ENT",177.00,S,N,C,-,Y,HUM,1,101,-,-,76.250,H,-,N,N,2,0,1,4,A,-,11,21954,A,N,G,B,D,A,H,-,C,D,0,Y,,,,Y,,N,60,1,0,0,0,1,0,0,0,0,"- ","- ",40.778671264648438,-124.18813323974609,HUMBOLDT,EUREKA,-124.18830871582031,40.778587341308594
9421144,2022,2022-04-26,1203,2022-02-12,2047,4045,P55,6,5,4,1203,0,0,0,,0,003,"HENDERSON ST","A ST",51.00,E,N,B,-,N,,,,,,,,,,N,2,0,1,2,A,-,11,21954,A,F,G,B,E,A,H,-,C,D,0,Y,,,,Y,Y,N,60,1,0,0,0,1,0,0,0,0,"- ","- ",40.782909393310547,-124.17086791992188,HUMBOLDT,EUREKA,-124.17072296142578,40.782917022705078
9436993,2022,2022-05-17,1203,2022-03-13,0303,4107,P23,7,5,4,1203,0,0,0,,0,001,"CALIFORNIA ST","SIMPSON ST",92.00,W,N,A,-,N,,,,,,,,,,Y,2,0,2,2,A,-,01,23152,F,N,A,E,A,B,H,-,C,D,0,,,,,Y,,A,01,2,0,0,0,0,0,0,0,0,"- ","- ",40.795761108398438,-124.17185211181641,HUMBOLDT,EUREKA,-124.17185211181641,40.795738220214844
9437432,2022,2022-05-17,1203,2022-04-30,1700,4124,P17,6,5,4,1203,0,0,0,,0,001,"8TH ST","H ST",141.00,E,N,A,-,N,,,,,,,,,,N,2,0,1,2,A,-,08,22107,,N,C,E,A,-,H,-,A,D,0,,,Y,,Y,,C,02,1,0,0,0,0,0,0,0,1,"- ","- ",40.799770355224609,-124.16323089599609,HUMBOLDT,EUREKA,-124.1627197265625,40.799858093261719
94392263,2024,2024-09-12,9125,2024-07-19,2330,023875,T107,5,3,9,1200,0,1,3,,1,050,"SR-96 W/B","SHOEMAKER RD",202.00,S,N,A,-,Y,HUM,,96," "," ",9.148,H,,L,N,1,1,0,2,A,-,11,21954,A,N,G,B,D,A,H,-,D,D,0,Y,,,,Y,Y,N,60,0,0,0,1,0,0,0,0,0,"- ","- ",41.024860382080078,-123.65331268310547,HUMBOLDT,UNINCORPORATED,-123.65324401855469,41.024921417236328
94428483,2024,2024-10-11,9126,2024-10-07,1025,023915,,1,1,9,1200,0,2,4,,1,008,"EVERGREEN ROAD","BARNETT RD",50.00,N,N,A,-,Y,,,,,,,,,,N,2,0,1,1,A,-,03,22350,,N,F,A,A,A,H,-,A,D,0,,,Y,,Y,,C,02,1,0,0,0,0,0,0,0,1,"- ","- ",40.121749877929688,-123.79914093017578,HUMBOLDT,UNINCORPORATED,-123.79915618896484,40.121818542480469
94431246,2024,2024-10-15,9125,2024-10-03,"30  ",023929,,4,3,9,1200,0,3,5,,2,005,SR-169,SR-96,14256.00,N,N,A,-,Y,HUM,,169," "," ",30.512,H,,R,N,2,0,1,1,A,-,08,22107,,N,E,I,A,A,H,-,D,A,0,,,,,Y,,D,23,1,0,0,0,0,0,0,0,0,"- ","- ",41.203140258789062,-123.75160980224609,HUMBOLDT,UNINCORPORATED,-123.75150299072266,41.203205108642578
9449778,2022,2022-05-31,1201,2022-03-28,1447,046,304,1,5,3,1201,0,0,0,,0,0DT,"F ST","11TH ST",18.00,S,N,A,-,N,,,,,,,,,,N,2,0,1,1,A,-,00,21201,,N,E,I,A,A,H,-,A,D,0,,Y,,,Y,Y,L,04,1,0,0,0,0,0,1,0,0,"- ","- ",40.870151519775391,-124.08393096923828,HUMBOLDT,ARCATA,-124.08414459228516,40.870132446289062
94518476,2024,2024-12-27,9125,2024-12-21,"504 ",021313,,6,3,9,1200,0,1,2,,2,022,"US-101 REDWOOD HIGHWAY","BAYSIDE CUTFOFF",4752.00,N,N,B,C,Y,HUM,,101," "," ",84.843,H,,R,N,2,0,1,1,A,-,01,23152,A,N,E,I,A,B,H,-,D,D,0,,,,,Y,Y,A,01,1,0,0,0,0,0,0,0,0,"- ","- ",40.848320007324219,-124.08161926269531,HUMBOLDT,UNINCORPORATED,-124.08167266845703,40.848320007324219
94523845,2024,2025-01-02,9125,2024-12-21,1325,019243,,6,1,9,1200,0,1,2,,2,016,"US-101 N/B","NEWTON B DRURY SCENIC PKY (NORTH)",6336.00,S,N,B,C,Y,HUM,,101," ",R,136.290,H,,R,Y,2,0,3,1,A,-,03,22350,,N,F,8,A,B,H,-,A,D,0,,,,,Y,,A,01,1,0,2,0,0,0,0,0,0,"- ","- ",41.45404052734375,-124.03038787841797,HUMBOLDT,UNINCORPORATED,-124.03037261962891,41.454055786132812
94530258,2024,2025-01-08,9125,2024-12-25,1815,023159,T107,3,2,9,1200,0,1,3,,1,050,SR-96,"HOSTLER CREEK RD",528.00,W,N,B,C,Y,HUM,,96," "," ",12.887,H,,R,Y,2,0,2,2,A,-,03,22350,,F,C,C,A,B,H,-,D,D,0,,,,,Y,,D,22,1,1,0,0,0,0,0,0,0,"- ","- ",41.069049835205078,-123.68692779541016,HUMBOLDT,UNINCORPORATED,-123.68686676025391,41.069061279296875
9456710,2022,2022-07-19,1203,2022-06-15,2150,4103,P15,3,5,4,1203,0,0,0,,0,001,"4TH ST","COMMERCIAL ST",0.00,,Y,A,-,Y,HUM,1,101,-,-,78.113,I,5,S,Y,2,0,3,2,A,-,01,23153,A,N,D,C,A,A,H,-,C,A,0,,,,,Y,Y,A,01,1,1,1,0,0,0,0,0,0,"- ","- ",40.802238464355469,-124.17372894287109,HUMBOLDT,EUREKA,-124.17348480224609,40.801780700683594
9458663,2022,2022-06-28,1203,2022-05-13,0424,4100,P51,5,5,4,1203,0,0,0,,0,002,"BROADWAY ST","HARRIS ST",0.00,,Y,B,C,Y,HUM,1,101,-,-,76.350,H,-,S,Y,2,0,3,2,A,-,01,23152,A,N,C,C,A,B,H,-,C,D,0,,,,Y,Y,,A,01,2,1,0,0,0,0,0,0,0,"- ","- ",40.779190063476562,-124.18728637695312,HUMBOLDT,EUREKA,-124.186767578125,40.779495239257812
9463433,2022,2022-07-21,1203,2022-06-23,1753,4075,P5,4,5,4,1203,0,0,0,,0,001,"BROADWAY ST","W WASHINGTON ST",0.00,,Y,A,-,N,,,,,,,,,,N,2,0,1,2,A,-,11,21955,,F,G,B,D,A,H,-,A,A,0,Y,,,,Y,Y,N,60,1,0,0,0,1,0,0,0,0,"- ","- ",40.798229217529297,-124.17510223388672,HUMBOLDT,EUREKA,-124.17510986328125,40.798240661621094
94638643,2025,2025-04-07,9125,2025-03-22,1509,023929,,6,2,9,1200,0,2,4,,1,020,"MYRTLE AVENUE","HALL AVENUE",913.00,E,N,A,-,N,,,,,,,,,,Y,2,0,1,1,A,-,17,21700,,N,E,8,A,A,H,-,A,D,0,,,,,Y,,A,01,1,0,0,0,0,0,0,0,0,"- ","- ",40.784168243408203,-124.12235260009766,HUMBOLDT,UNINCORPORATED,-124.12246704101562,40.784229278564453
94648320,2025,2025-04-14,9125,2025-04-07,1335,020946,,1,1,9,1200,0,3,5,,2,003,"BERTA RD","FORD LN",620.00,N,N,C,-,N,,,,,,,,,,Y,2,0,1,1,A,-,08,22107,,N,E,8,A,B,H,-,A,D,0,,,,,Y,,D,22,1,0,0,0,0,0,0,0,0,"- ","- ",40.711460113525391,-124.18785095214844,HUMBOLDT,UNINCORPORATED,-124.18788909912109,40.710033416748047
94668777,2025,2025-04-29,9126,2025-04-22,"630 ",024435,,2,1,9,1200,0,2,4,,1,006,"ALDERPOINT ROAD","MPM F6B 165 9.67",543.20,W,N,E,-,N,,,,,,,,,,Y,2,0,1,1,A,-,08,22107,,N,F,A,A,A,H,-,B,D,0,,,,,Y,,D,22,1,0,0,0,0,0,0,0,0,"- ","- ",40.066108703613281,-123.40248870849609,HUMBOLDT,UNINCORPORATED,-123.61090087890625,40.174629211425781
94688607,2025,2025-05-15,9125,2025-05-04,1644,021919,,7,2,3,1201,0,1,3,,2,013,"SR-299 W/B","GIUNTOLI LANE",1056.00,W,N,A,-,Y,HUM,,299," "," ",0.549,H,,L,Y,2,0,1,1,A,-,01,23152,A,N,F,A,A,A,H,-,A,D,0,,,Y,,Y,Y,C,02,1,0,0,0,0,0,0,0,1,"- ","- ",40.901969909667969,-124.07485961914062,HUMBOLDT,ARCATA,-124.07489013671875,40.901996612548828
94734898,2025,2025-07-07,9125,2025-06-10,1630,023774,,2,2,9,1200,0,1,2,,2,022,"US-101 S/B","KOA DRIVE",0.00,,Y,A,-,Y,HUM,,101," "," ",83.371,H,,L,Y,2,0,1,2,A,-,09,21804,A,N,D,2,A,A,H,-,A,D,0,,,,,Y,,-,"- ",1,0,0,0,0,0,0,0,0,"- ","- ",40.827480316162109,-124.08434295654297,HUMBOLDT,UNINCORPORATED,-124.08419036865234,40.827423095703125
9640799,2024,2024-09-11,1201,2024-06-07,"219 ",695,407,5,5,3,1201,0,0,0,,0,00S,"OLD ARCATA RD","JACOBY CREEK RD",150.00,E,N,A,-,N,,,,,,,,,,Y,1,1,0,1,A,-,01,23152,A,N,E,I,A,-,H,-,C,D,0,,,,,Y,Y,A,08,0,0,0,0,0,0,0,0,0,"- ","- ",40.843509674072266,-124.06349182128906,HUMBOLDT,ARCATA,-124.06405639648438,40.842479705810547
9698845,2024,2024-05-14,1201,2024-03-05,1330,690,302,2,5,3,1201,0,0,0,,0,00S,"ALLIANCE RD","M ST",123.00,N,N,B,C,N,,,,,,,,,,Y,2,0,1,1,A,-,01,23152,F,N,E,I,A,B,H,-,A,D,0,,,,,Y,,A,01,1,0,0,0,0,0,0,0,0,"- ","- ",40.874828338623047,-124.09021759033203,HUMBOLDT,ARCATA,-124.09041595458984,40.875144958496094
9774761,2024,2025-01-29,1201,2024-11-24,1023,690,401,7,5,3,1201,0,0,0,,0,00S,"BAYVIEW ST","PARK AV",0.00,,Y,A,-,N,,,,,,,,,,Y,2,0,2,1,A,-,03,22350,,N,E,I,A,A,H,-,A,D,0,,,,,Y,,M,47,1,0,1,0,0,0,0,0,0,"- ","- ",40.868000030517578,-124.0760498046875,HUMBOLDT,ARCATA,-124.07579040527344,40.867759704589844